file,true_label,score,class
00001507-fff1-58e8-bf1a-11ebee06e9cb-TRN-EML-Source.png,0,0.9289114475250244,real
00153c61-aaac-529f-b11b-f1edf3e0f17f-TRN-EML-Source-RVLCDIP.png,0,0.46350646018981934,real
0023823e-ae0f-57c8-b4bf-25062ddc090c-TST-DOC-Source.png,0,0.5570241808891296,real
004d76d9-272f-5e03-868c-c21328e4eeba-TRN-RCT-Source.png,0,0.12581661343574524,real
004f9ef4-68ab-54d3-9142-459c5f927a1f-TRN-RCT-Source-CORD.png,0,0.018707944080233574,real
00605300-f6fc-529f-9638-440c4da91c2c-TRN-DOC-Source.png,0,0.0631340816617012,real
00725f8e-a57c-5d09-8c60-1f0a4b65d0ad-TRN-EML-Source.png,0,0.6186398863792419,real
0096bc62-7ee8-555b-bb45-94e4a924632e-TRN-DOC-Source.png,0,0.9261868000030518,real
00a24a90-843a-5abf-a764-65ed2f9356dd-TRN-EML-Source-RVLCDIP.png,0,0.3552687168121338,real
00d094c7-b376-57df-893e-3b1cea774216-TRN-EML-Source.png,0,0.7638186812400818,real
00fb3ba4-1c16-5806-9e8c-255dc1e6f2b7-TRN-RCT-Source-FIN.png,0,0.10667478293180466,real
0105fa6e-0ebf-59ee-82b8-8225b5ec3188-TRN-EML-Source.png,0,0.8431589007377625,real
0173c7d6-50c6-5ae4-8f59-d6692e1bce07-TRN-EML-Source.png,0,0.5592502355575562,real
017aca57-2967-52a4-81ac-e1b25b4da988-TRN-RCT-Source.png,0,0.32636454701423645,real
01821442-5f34-55a9-be52-cb54ffa5ecb5-TRN-RCT-Source.png,0,0.11866195499897003,real
01e0e8f9-af92-59a2-b8ec-75309eb5040c-TST-RCT-Source.png,0,0.6055534482002258,real
01eb394b-b2c1-537f-9775-78ddf9c9e477-TRN-RCT-Source.png,0,0.11380621790885925,real
01fbb6e7-56b7-5431-a2e8-f1022c58909f-TRN-EML-Source.png,0,0.7835734486579895,real
022311f5-7c91-55e2-80f6-203b7fbb39cc-TST-EML-Source.png,0,0.7338337302207947,real
02244c4f-71c7-50af-9fb8-e9052823a9e7-TST-RCT-Source-CORD.png,0,0.00015852476644795388,real
022b3180-8725-5c99-a59e-08cfecb9dac2-TST-RCT-Source-FIN.png,0,0.3810708820819855,real
02748858-3b3b-5c9d-83a1-a8d790429660-TRN-EML-Source-RVLCDIP.png,0,0.24355095624923706,real
02887524-a10c-5091-9837-51469c6c47bd-TST-RCT-Source-CORD.png,0,0.030860180035233498,real
02ce0263-bedb-5522-98c5-5d60a151543d-TST-EML-Source.png,0,0.8710471987724304,real
02e0c9c6-b18e-5e58-a677-be9dc601c5b5-TRN-RCT-Source-CORD.png,0,0.04058413952589035,real
03a2775a-f623-538a-8100-245d67f3eb6e-TST-RCT-Source-CORD.png,0,0.00015612698916811496,real
03b43a4d-262c-50d8-944a-e9383cee2766-TRN-EML-Source-RVLCDIP.png,0,0.4283691644668579,real
03b9ed9c-a88a-55be-be8e-25cbdccddd6a-TST-DOC-Source.png,0,0.19178186357021332,real
03bcb94a-2259-53be-b9eb-c67078f95180-TRN-RCT-Source-FIN.png,0,0.1560848206281662,real
03d37dbc-a210-591c-93a7-0f7635fe32cc-TST-DOC-Source.png,0,0.9582254886627197,real
03e3e696-fa78-5674-92dc-dba58722c8cf-TST-EML-Source.png,0,0.8313168287277222,real
03f5adbe-a8eb-5050-b9d1-11fd966871b2-TRN-EML-Source-RVLCDIP.png,0,0.47243553400039673,real
04059efc-7795-5e32-acf8-90000c0aa6e2-TRN-RCT-Source.png,0,0.2677786946296692,real
041dd947-e1f8-5fd7-b4fc-53290fce45b4-TST-DOC-Source.png,0,0.071851447224617,real
044e761e-02d0-5e7a-a06f-be34507b6756-TRN-RCT-Source-CORD.png,0,0.37210842967033386,real
045379c1-55c0-57de-9586-1564bc80dffb-TRN-RCT-Source-CORD.png,0,0.004380065482109785,real
04a74fb5-5f75-5fab-9c4f-07b86d4364a3-TRN-DOC-Source.png,0,0.06692557036876678,real
04b77f26-77f4-561b-87db-58edd8625c2e-TRN-DOC-Source.png,0,0.8081294298171997,real
04b7d3a8-768e-5f09-82e3-788bad88f299-TST-RCT-Source-CORD.png,0,0.13559338450431824,real
04eb0bbd-9e9b-5734-835e-368f0d1f9445-TRN-EML-Source.png,0,0.8983299732208252,real
05047d42-1090-52a7-a340-71bd13402639-TRN-EML-Source-RVLCDIP.png,0,0.8709158301353455,real
051226df-daca-51fd-ab12-8932c0a7739c-TRN-EML-Source.png,0,0.8699695467948914,real
052f8969-72b1-529e-94c7-cab30a894bdb-TRN-EML-Source-RVLCDIP.png,0,0.48901817202568054,real
055ce46a-9914-5d47-8fbd-d078ba25f5e6-TST-RCT-Source-CORD.png,0,0.03915200009942055,real
057de3f9-8a14-5b1f-a94d-c967cc2e55fe-TST-RCT-Source-FIN.png,0,0.1368088275194168,real
057e0a38-4502-53c2-ad32-f9a6875df224-TST-EML-Source.png,0,0.903505802154541,real
0582f842-88bc-5eaf-8492-989ba74068eb-TRN-EML-Source-RVLCDIP.png,0,0.49934202432632446,real
05a55a0d-b264-50d7-9104-427521b0aefb-TRN-EML-Source.png,0,0.8154096007347107,real
05b6333b-0f43-52f1-9a30-92c064b0bf48-TRN-RCT-Source-FIN.png,0,0.16562104225158691,real
05d6698f-dc21-53f3-9305-2ed18862b104-TRN-EML-Source-RVLCDIP.png,0,0.6997576355934143,real
05e360c4-4e16-5f54-b8a3-4f516550d4bb-TST-RCT-Source-FIN.png,0,0.37254029512405396,real
05f07c52-c7ea-5f68-951f-323970b3d232-TST-EML-Source.png,0,0.8399096131324768,real
06026378-2651-524d-8947-f13c1348b569-TRN-EML-Source-RVLCDIP.png,0,0.3706502318382263,real
066c3c93-7a1a-5b3f-923b-29f53e7fe43f-TRN-RCT-Source-FIN.png,0,0.6236064434051514,real
069f97d5-9418-536d-9fff-0d943054b685-TRN-DOC-Source.png,0,0.9504216909408569,real
06b8c485-9ded-5819-85a7-4528716ff97a-TRN-EML-Source.png,0,0.9356291890144348,real
06ccc507-d029-57a6-8aa9-3e7488d2de00-TRN-RCT-Source-CORD.png,0,0.4962559640407562,real
06ed77d2-a816-5c11-8a86-1e76a3a8f1cd-TRN-RCT-Source-FIN.png,0,0.02661001868546009,real
0706bbcd-0295-53c2-8fb6-d25b8cc185b6-TRN-EML-Source-RVLCDIP.png,0,0.08490464091300964,real
07171eba-5ecb-5656-9fa7-d4bc4ea01ba0-TRN-EML-Source-RVLCDIP.png,0,0.34967103600502014,real
0733b953-0b45-5d2e-bc86-f48e2cce0b10-TST-RCT-Source.png,0,0.09919247776269913,real
07672e54-0088-5488-ad77-a31cc17fd4ea-TRN-RCT-Source-FIN.png,0,0.08805839717388153,real
077c7dd8-2328-569c-80cf-8cb2becfb052-TST-RCT-Source-FIN.png,0,0.9563872218132019,real
078c7964-7afc-54fe-9c64-8bd677834128-TRN-RCT-Source.png,0,0.941457211971283,real
07a05604-158f-51fe-a702-114252533242-TRN-RCT-Source-FIN.png,0,0.2859751284122467,real
07ac7e47-b6ae-59a9-aafd-01b8376f4ee8-TRN-EML-Source.png,0,0.7709105014801025,real
07d9bea7-1fec-5aec-b5fb-c32ce7af1e2c-TRN-RCT-Source-CORD.png,0,0.21788066625595093,real
0820c6cb-61dc-533f-82a3-65ad6caccc53-TST-RCT-Source-CORD.png,0,0.0701012834906578,real
082bc18c-52b0-5c5f-8d06-3d7454808df8-TRN-EML-Source.png,0,0.9280288815498352,real
082eccc1-2e4f-569a-9245-f3291e8b3f39-TST-EML-Source.png,0,0.9120100140571594,real
082f77b1-261c-51bc-a950-6bb093d46624-TRN-DOC-Source.png,0,0.1054161787033081,real
08907c29-db1e-5e91-ac37-e9e2edc7d090-TRN-DOC-Source.png,0,0.9831777215003967,real
08bf614d-5d04-5bbc-8276-b5ae1fdb314c-TRN-EML-Source-RVLCDIP.png,0,0.7181867957115173,real
08c2a686-0849-5dae-bd22-6abbf9f28659-TRN-DOC-Source.png,0,0.16750988364219666,real
08c8f4b9-686c-5eba-abb1-033510572f40-TRN-RCT-Source.png,0,0.002336574951186776,real
08c91630-01f4-51c5-a930-7fac0a831bb1-TRN-EML-Source.png,0,0.8764446973800659,real
08e508fc-a988-5781-b05c-10c92175204e-TRN-EML-Source.png,0,0.5023254752159119,real
08eaa0fb-3176-58e6-9cee-ea313bc5460c-TRN-RCT-Source-FIN.png,0,0.5349133014678955,real
094664f0-d36e-5e28-883a-1b17af3577fa-TRN-RCT-Source-FIN.png,0,0.3213580846786499,real
09578e90-a9d1-5993-bb02-06d7e90b4b3d-TRN-RCT-Source-FIN.png,0,0.2726142704486847,real
096153a7-6735-5719-a039-9a937aca3e2e-TRN-EML-Source.png,0,0.8827527761459351,real
09cdce22-0996-5f95-89db-d421ac1ea632-TST-RCT-Source-CORD.png,0,0.012915214523673058,real
0a08bc2c-d48a-57fd-b0bd-e9a7e8c0b295-TRN-RCT-Source-FIN.png,0,0.3402012586593628,real
0a1d333d-adbd-5209-b624-6610a1e73722-TRN-RCT-Source-FIN.png,0,0.22051124274730682,real
0a798220-b9fb-5bf0-b2f6-fb3a9174e4ec-TST-RCT-Source.png,0,0.15462659299373627,real
0a907941-9c84-58f6-9560-dc9c1b10aabd-TRN-RCT-Source-FIN.png,0,0.5447124242782593,real
0abb1b31-5b92-5ca2-84f8-d8c90f6ba162-TRN-RCT-Source.png,0,0.055527571588754654,real
0ac1a5d2-d1a0-56e5-b444-c9c8024ddd39-TST-RCT-Source.png,0,0.3695073127746582,real
0acc83a0-e0d7-5afd-9cf2-cfcdeee1d81a-TRN-RCT-Source-FIN.png,0,0.0032170452177524567,real
0b453890-fd8d-565b-9e4b-12f987464e33-TRN-DOC-Source.png,0,0.3108454942703247,real
0b475a9d-8d48-547f-9c6a-f69bbcfde3de-TRN-RCT-Source-FIN.png,0,0.34383776783943176,real
0b780b0f-3cf0-5691-aac8-16243a8e4140-TRN-RCT-Source-CORD.png,0,0.04313972219824791,real
0bad17e1-64a9-5792-939c-3060b967b250-TST-RCT-Source-CORD.png,0,0.11609075218439102,real
0bf12abb-26f5-5f06-9040-3de7e44659f5-TRN-DOC-Source.png,0,0.0010172567563131452,real
0c2e4271-e7c5-51d7-8ffa-ea624965e0d5-TRN-EML-Source-RVLCDIP.png,0,0.833563506603241,real
0c690f77-42aa-5b43-87f5-ff0c6f41d244-TST-RCT-Source-CORD.png,0,0.06814205646514893,real
0c6a1605-bb64-51f8-a186-77a64475538e-TRN-EML-Source.png,0,0.6618091464042664,real
0c993a36-df8d-5535-87ea-33c83218e419-TRN-RCT-Source.png,0,0.8239360451698303,real
0ca43a05-f540-57e0-883c-35167f5335a1-TRN-RCT-Source.png,0,0.06414782255887985,real
0cb6d8e5-6358-5657-92eb-0eb6e4123ac8-TRN-RCT-Source-FIN.png,0,0.30002960562705994,real
0cd9fa08-8e13-5251-8607-59ffdcb43d4f-TST-EML-Source.png,0,0.631931722164154,real
0ce7c70b-753e-5618-973f-1f8d4eace52f-TRN-DOC-Source.png,0,0.10723938792943954,real
0cebcb07-d9fb-5fa3-8bea-c4d17c34954a-TRN-RCT-Source-CORD.png,0,0.005206519737839699,real
0cf8c874-290a-54ad-bc9b-651482594dae-TRN-EML-Source-RVLCDIP.png,0,0.5112278461456299,real
0cfa5337-01dd-5f40-9e03-cf587031e353-TST-RCT-Source-FIN.png,0,0.18965832889080048,real
0d22272a-8428-5776-a216-3a72bd73cf67-TRN-EML-Source-RVLCDIP.png,0,0.8679072260856628,real
0d520013-c135-5a17-98ad-48938c91feb2-TRN-EML-Source.png,0,0.6699867248535156,real
0d858978-e1c2-5680-85ca-38b59f7b09c6-TRN-EML-Source-RVLCDIP.png,0,0.7900485992431641,real
0d8fca47-d8ab-5142-a839-4be6d03ab2cf-TRN-RCT-Source-CORD.png,0,0.08429273217916489,real
0dc707b9-ccfd-556e-8586-60c7148730b0-TST-EML-Source.png,0,0.4138569235801697,real
0de85fba-ed3c-5fe1-a6bb-e73501b7ee96-TRN-EML-Source-RVLCDIP.png,0,0.7182890772819519,real
0deee76e-8778-5afd-8d04-01f5997bdc88-TRN-DOC-Source.png,0,0.30086594820022583,real
0e58d1c3-cdf2-5827-a61b-e980641886c7-TST-EML-Source.png,0,0.6681581139564514,real
0e62b951-41ad-5b60-b9fd-230017aa14d9-TRN-RCT-Source-FIN.png,0,0.012670209631323814,real
0e62f8db-13b5-5c5b-8171-1689f9b409a2-TST-EML-Source.png,0,0.8725345134735107,real
0e678948-6624-5c16-8762-3bf3d6f94706-TST-RCT-Source.png,0,0.21618373692035675,real
0e71cf5d-07f2-5d15-ab50-d52308397914-TRN-RCT-Source-FIN.png,0,0.9302566647529602,real
0e95f444-53db-5aea-93ec-a744a7f7f5ea-TRN-RCT-Source-FIN.png,0,0.6254663467407227,real
0ea27511-1752-5c5b-9f64-49dfadbe69a5-TST-RCT-Source.png,0,0.1065874844789505,real
0eaefb36-4d6c-52d5-a639-d02a9ba90c5b-TRN-DOC-Source.png,0,0.9496911764144897,real
0f2ca72c-0f44-5382-8343-20cd6ce0cfe0-TRN-RCT-Source-FIN.png,0,0.19294777512550354,real
0f4f8e31-5cfb-579b-bb4a-aa60d406cfe3-TRN-RCT-Source-FIN.png,0,0.26939621567726135,real
0f5a6363-f19a-5fcc-a2f3-00dbe95f4119-TST-DOC-Source.png,0,0.870131254196167,real
0f7a1ee2-4554-5859-a2f6-55a9d2deed32-TST-EML-Source.png,0,0.8769060969352722,real
0fd69cd7-0b6b-5c51-ad1d-7d1743f7663a-TRN-RCT-Source-FIN.png,0,0.16534005105495453,real
0ff95d83-0882-55ce-8a54-cd73c7726d11-TST-EML-Source.png,0,0.9355560541152954,real
10260684-62a8-53f9-9a8e-3ad080b9121e-TRN-EML-Source.png,0,0.7848752737045288,real
102bc065-b50c-5363-8399-82ee5c8d7ea0-TRN-RCT-Source.png,0,0.557288408279419,real
105e388c-baea-5ef3-8ad5-949e1fd17858-TRN-RCT-Source-CORD.png,0,0.004985547624528408,real
107635c6-649a-54ce-9f7e-01412f03dcb4-TST-EML-Source.png,0,0.8219261765480042,real
10929ef0-8a6c-5993-b086-45944669d15b-TRN-DOC-Source.png,0,0.1250114142894745,real
10a0a404-4872-59a8-a9e6-983acaa9f8e5-TRN-RCT-Source-CORD.png,0,0.006142404396086931,real
10c3c0c7-1283-535c-93a5-38bf50de9e3e-TRN-EML-Source.png,0,0.8082392811775208,real
111fbf6c-813b-57c4-905a-35cdfd8d8369-TST-DOC-Source.png,0,0.5561735033988953,real
11531759-f63a-55f2-aa45-15f5766ab757-TRN-RCT-Source-FIN.png,0,0.7758209705352783,real
1159be23-cb92-5ea0-8249-a6a032f889c3-TRN-RCT-Source-FIN.png,0,0.3864303529262543,real
11677389-8a66-5827-b1ec-b4ac42f24add-TST-EML-Source.png,0,0.9205025434494019,real
11a26ee2-7fbd-594e-9429-377dfcd75a0c-TRN-EML-Source.png,0,0.8994899392127991,real
11a626bd-9bcd-5cdc-80ef-747dbd4898d9-TRN-RCT-Source.png,0,0.11956792324781418,real
11a919da-5001-59d6-8def-cf04fd57fbcd-TRN-EML-Source.png,0,0.5388363003730774,real
11a9cc31-5e4c-5dda-8c75-56f1b4a9b7f1-TST-DOC-Source.png,0,0.6323256492614746,real
11d817b9-0b44-5c70-ba90-12ddf8c570a7-TRN-RCT-Source.png,0,0.0013000735780224204,real
11d8765f-f10d-5fe2-85e8-e1172005e6c0-TRN-DOC-Source.png,0,0.4764951169490814,real
121d3236-e6a9-51ce-8a60-cf51efd570eb-TST-EML-Source.png,0,0.8793421983718872,real
122367ef-cc21-5b91-b0c4-9ccb147994f8-TST-RCT-Source.png,0,0.23854757845401764,real
122513bb-b29c-5fef-a06d-f6dc85e59293-TRN-EML-Source.png,0,0.8812648057937622,real
129d038f-4187-5f09-99f8-6bb4564adda5-TST-RCT-Source-FIN.png,0,0.022604472935199738,real
12b3ee67-04e9-5e2f-9dd9-9b8067311377-TRN-DOC-Source.png,0,0.9219469428062439,real
12d147d0-0122-550a-9a57-efc698724bfb-TRN-DOC-Source.png,0,0.39656171202659607,real
12dc7f23-4d74-573f-9d49-df44a413cc98-TRN-RCT-Source-FIN.png,0,0.5516753196716309,real
12fbbff6-e0f8-5ce0-8dbf-3da1bb99dcc4-TST-RCT-Source-FIN.png,0,0.4254476726055145,real
1303e6a0-9485-5ae6-bfae-ee2e0b402dbf-TRN-DOC-Source.png,0,0.16795620322227478,real
134d98d0-2105-5db2-8b74-7c565ed3f8a9-TRN-EML-Source.png,0,0.7596623301506042,real
13800465-8100-5203-a54b-6d1e59cf89dd-TRN-RCT-Source-FIN.png,0,0.19912533462047577,real
1384c073-bcd3-5d1f-83ca-7f5d86c4711a-TST-EML-Source.png,0,0.920010507106781,real
138cee40-3716-55b1-852d-63de633e59a8-TRN-RCT-Source-FIN.png,0,0.49901601672172546,real
13bf42d9-379f-54a4-9865-8f24383b43d7-TRN-RCT-Source.png,0,0.059048131108284,real
13cbe380-7785-537b-87e2-ffd647fb7b35-TRN-EML-Source.png,0,0.8958316445350647,real
13e5d611-ea74-505d-9152-2c365d1658e1-TRN-RCT-Source-CORD.png,0,0.0007922016084194183,real
13f5a039-3d99-51d6-8e7e-92530af9a5f4-TST-RCT-Source-FIN.png,0,0.6761246919631958,real
141e0a65-a7b0-5b76-8751-24d9a5315874-TRN-DOC-Source.png,0,0.07811309397220612,real
14315baf-3b9d-5423-96d3-0acc284ee921-TRN-RCT-Source-CORD.png,0,0.0005272555281408131,real
14772ee2-b60d-5d69-a7d2-3c9a7d5e8f31-TRN-RCT-Source-CORD.png,0,0.882548987865448,real
14b4fd1d-bb42-586a-bc14-18b5e23935cf-TRN-DOC-Source.png,0,0.2299414873123169,real
14b7e062-c623-547d-90d9-6e4464bdc88f-TRN-EML-Source.png,0,0.845224142074585,real
14ed004f-0d02-5fdf-b292-6504950e1512-TRN-RCT-Source-CORD.png,0,0.09509935230016708,real
14f28c5d-5275-53da-a6f7-c1e6f741369d-TRN-RCT-Source-CORD.png,0,0.9717227220535278,real
15326bf3-1311-560b-9c63-a1c4fa0113c4-TRN-EML-Source.png,0,0.7355119585990906,real
1538ea5c-21c9-538c-baba-1221edb395eb-TST-EML-Source.png,0,0.870248556137085,real
1543dcb2-8304-5608-92c9-53910cf6afee-TRN-RCT-Source-FIN.png,0,0.3254920542240143,real
157df64c-7ce6-5211-9e81-db94387acd6b-TRN-EML-Source-RVLCDIP.png,0,0.409483939409256,real
158237e2-6387-5dad-95d8-84fd71c054c9-TRN-RCT-Source-FIN.png,0,0.08631636947393417,real
158677d8-eaed-5aab-9f17-ef85378bfa3f-TRN-DOC-Source.png,0,0.3254145681858063,real
159acc73-48f9-50a7-ac1a-dba10cd6d71c-TRN-RCT-Source.png,0,0.09416572004556656,real
15c75625-78f1-5d45-80f2-21bace0a5ca3-TRN-EML-Source.png,0,0.6973758935928345,real
15dfcb52-f787-5dbb-9ed8-5f237f3430bc-TRN-RCT-Source-FIN.png,0,0.9826196432113647,real
15f96996-416d-5df4-82cd-1cd758b5b6bf-TRN-EML-Source.png,0,0.8835760354995728,real
16782ce9-0b55-5f0f-8e96-e7cab85f37bb-TRN-EML-Source.png,0,0.8106847405433655,real
16a7768f-dd78-5443-89c3-69593585ff63-TRN-RCT-Source.png,0,0.18578921258449554,real
16b33fb4-8b92-5a09-8628-0e3b5c0ab015-TST-RCT-Source.png,0,0.26125070452690125,real
16f19478-8ac1-5347-ae96-3b5376ddac4d-TRN-RCT-Source-CORD.png,0,0.0001152045006165281,real
1711bd7c-7400-5a27-9999-7ff17a558cc2-TRN-EML-Source-RVLCDIP.png,0,0.6461265683174133,real
177d85ba-f74f-5d18-aa1d-650d19afa8a3-TST-RCT-Source-CORD.png,0,0.024038081988692284,real
186476f9-d5ab-5109-9860-e8123e78a7ac-TST-RCT-Source.png,0,0.053048014640808105,real
1887c448-40f1-5694-96e8-3f06197f929b-TRN-RCT-Source.png,0,0.031222153455018997,real
189d945b-50d6-50f7-a195-815f933e9815-TRN-RCT-Source-CORD.png,0,0.33800166845321655,real
189e516e-0ed3-5f35-b408-b0b8828a6e4d-TRN-EML-Source-RVLCDIP.png,0,0.6656624674797058,real
18c6f497-94da-5882-b982-11cd2d19afa9-TRN-DOC-Source.png,0,0.452840656042099,real
18ff6d9a-19a3-5251-bb59-ac7e2b09bd61-TRN-RCT-Source-FIN.png,0,0.0002395703486399725,real
1927a1de-6422-54c7-9445-f13133ad230d-TRN-RCT-Source.png,0,0.021263085305690765,real
194a48b4-b6d2-5afa-9254-cbfffb5efda4-TST-EML-Source.png,0,0.29737937450408936,real
195db08a-23da-515e-9d36-1e83d63de0e6-TST-RCT-Source.png,0,0.0978144034743309,real
197f935a-984a-55be-9202-2bc321b49f73-TRN-RCT-Source-CORD.png,0,0.09119278937578201,real
19998279-8680-5c81-afd9-3dd3db4a2b97-TST-RCT-Source-CORD.png,0,0.38380447030067444,real
19c3c6c9-04e4-5081-9099-d1371004c1dd-TRN-RCT-Source.png,0,0.5883491039276123,real
19d370fa-6c7e-5471-afa5-06a9e228c067-TST-RCT-Source-CORD.png,0,0.669635534286499,real
19d9d7d0-38de-576f-ba2f-3a390fad503f-TRN-RCT-Source.png,0,0.16181528568267822,real
19e1c71a-ed95-5398-b6b8-d4d859bef209-TST-RCT-Source-CORD.png,0,0.06508258730173111,real
19f55652-16be-5e6d-89b0-0d40aa622ffe-TRN-EML-Source.png,0,0.4499894380569458,real
19f68f12-4200-58ec-b5db-5bfb620b7d0e-TST-RCT-Source-FIN.png,0,0.9995802044868469,real
1a030c41-e001-56d0-b70b-8e7bbd7bd84e-TRN-EML-Source-RVLCDIP.png,0,0.6687958240509033,real
1a15f275-aeb3-5acc-a019-0363785055ab-TST-RCT-Source-FIN.png,0,0.9846002459526062,real
1ab4d6c8-209e-5b75-82c8-685ffe0fd063-TST-DOC-Source.png,0,0.8009218573570251,real
1abe6f52-bd4f-5a22-8ae9-04893fe456c9-TRN-RCT-Source-CORD.png,0,0.11802938580513,real
1ac55249-d4f4-5e32-b86f-ce85e8b57743-TRN-EML-Source.png,0,0.758355975151062,real
1ae6c213-dede-52e9-b9e8-315f566cfe48-TRN-EML-Source.png,0,0.8346689939498901,real
1afd241d-34ff-5a67-93d3-14bdce183342-TRN-EML-Source-RVLCDIP.png,0,0.9476277232170105,real
1b05a200-7480-555c-8728-2d54c8e974f7-TRN-RCT-Source-FIN.png,0,0.19504030048847198,real
1b092113-9899-5091-a6a3-9a3785aa948d-TRN-RCT-Source-FIN.png,0,0.0025940840132534504,real
1b16f41b-aa6b-59f0-8b8f-89d041d4dbf6-TST-DOC-Source.png,0,0.944934606552124,real
1b6cac97-2ad8-5942-be6c-c44f56e5274e-TST-RCT-Source-FIN.png,0,0.6135988235473633,real
1bc6a1e3-ee58-5c63-ad77-2d1eb36c94d7-TRN-RCT-Source-CORD.png,0,0.6742984056472778,real
1beb6526-7511-5569-9c06-34308b2845f2-TRN-EML-Source.png,0,0.8810774683952332,real
1bef224e-ac5a-5864-88e2-013c11012c91-TST-RCT-Source-FIN.png,0,0.15191327035427094,real
1bf35b92-6e36-51da-981b-2febaec133a7-TRN-EML-Source-RVLCDIP.png,0,0.4309351444244385,real
1bf9d689-932f-5a5b-b148-813ad9348cac-TST-RCT-Source-CORD.png,0,0.08094194531440735,real
1bfb41a1-0231-59ac-9cc4-96281b0f826c-TST-RCT-Source-CORD.png,0,0.277054101228714,real
1c0f93fc-a666-559e-86ad-d44107ad88c2-TRN-DOC-Source.png,0,0.12408121675252914,real
1c34f220-ef76-5451-8ce5-84acf8f512d1-TST-RCT-Source-CORD.png,0,0.037046294659376144,real
1c3badbc-3e48-54da-8838-92424ac1f4f1-TRN-RCT-Source-CORD.png,0,0.044362008571624756,real
1c461b93-e2cb-54de-8df9-7fcbf65cf1c8-TST-DOC-Source.png,0,0.7982001900672913,real
1c5b0d65-4d1c-5477-8634-14690f596d66-TRN-RCT-Source-CORD.png,0,0.10878341645002365,real
1c5f3920-09ca-5640-aeb2-3785dcf23e08-TRN-RCT-Source.png,0,0.08276553452014923,real
1c80f4db-a0f1-568d-9cd3-3938e9564039-TRN-DOC-Source.png,0,0.1650136411190033,real
1c8c8ca3-a0c8-52b9-8adc-30df19a2479a-TRN-RCT-Source-FIN.png,0,0.6724922060966492,real
1c8e1b49-66cf-5291-8250-19880aa0df8e-TRN-DOC-Source.png,0,0.9622488021850586,real
1c929286-d96f-50d8-814c-aa241b1952ef-TST-RCT-Source.png,0,0.6144706606864929,real
1cccc4d9-dcb5-51d3-bff8-ef9c10acd616-TRN-RCT-Source-FIN.png,0,0.3254943788051605,real
1d307161-aac7-5d31-8a73-ca4e5446f0df-TST-RCT-Source.png,0,0.22431859374046326,real
1d30eb3d-c29f-5f5d-8cb6-14d981b4386d-TRN-EML-Source.png,0,0.569095253944397,real
1d3760f6-eda5-5c51-b570-293964a72775-TRN-RCT-Source-CORD.png,0,0.9935290217399597,real
1d428fb9-8710-580a-818e-556a2fd3a9de-TRN-DOC-Source.png,0,0.14072684943675995,real
1d43f8d7-896a-53a3-b149-8547d1915c4b-TST-RCT-Source.png,0,0.5461171269416809,real
1d78bc28-c71e-5264-8824-baa026663a1a-TRN-EML-Source.png,0,0.8471471071243286,real
1d7b6479-4f3c-50ad-8f45-d05295d0704a-TRN-EML-Source-RVLCDIP.png,0,0.6998217701911926,real
1d9eef9d-d557-5212-be3d-81b815b9e92d-TRN-EML-Source.png,0,0.49246853590011597,real
1dd88011-b496-57f4-952a-66d41a3fe436-TRN-DOC-Source.png,0,0.8143815398216248,real
1ded49dc-8372-546e-af13-a9222b085cdb-TRN-DOC-Source.png,0,0.17805252969264984,real
1ec4acdf-fd69-594b-8b22-b52f8f7a3ea0-TRN-RCT-Source.png,0,0.9469178318977356,real
1ec7efb6-38bd-5e4a-90ef-114b3ede4eea-TRN-RCT-Source-FIN.png,0,0.04892725124955177,real
1f156052-628d-513b-8a0e-d2c0faadb9a9-TRN-RCT-Source-CORD.png,0,0.2813616991043091,real
1f30c5c8-1ad1-5010-b65e-31c06dabb4c5-TRN-RCT-Source-FIN.png,0,0.7867124676704407,real
1f72e6c7-dfdf-5eb8-864f-ee1fb0351c87-TRN-DOC-Source.png,0,0.7493502497673035,real
1faf1ad6-7b6b-5b17-bf56-99346ed50b1a-TRN-RCT-Source.png,0,0.23368968069553375,real
1fb9b5dc-436a-5a35-b602-d186f29e21f2-TRN-EML-Source.png,0,0.7527195811271667,real
1fcfedd7-b2ff-51fd-9500-50e880191a1e-TST-EML-Source.png,0,0.7811061143875122,real
1fdcb51f-a050-5ebd-8dc9-7bb3ac5cf9c9-TRN-RCT-Source-CORD.png,0,0.7775406837463379,real
1ff556d2-7df1-5e92-92b2-98f8b019021d-TRN-RCT-Source-FIN.png,0,0.3687956631183624,real
20125285-fff8-5f61-85d9-871b27fbc350-TRN-DOC-Source.png,0,0.0992414653301239,real
2028b4a2-519c-5b65-ba35-59faf2066fd7-TRN-RCT-Source-CORD.png,0,0.059775371104478836,real
2045ae1c-b9ca-501b-a3d8-0b50fc793f26-TST-DOC-Source.png,0,0.15807127952575684,real
208746c4-84d7-583c-93f1-20b23b2fb8d3-TRN-EML-Source.png,0,0.880429744720459,real
21062353-8cbd-569e-9dc0-45f980953006-TST-RCT-Source-FIN.png,0,0.4034816324710846,real
215047df-a247-56d8-8825-488356f7223d-TRN-RCT-Source-FIN.png,0,0.007632314693182707,real
215869fe-89bf-5859-b0b4-dd86af56e7b3-TRN-DOC-Source.png,0,0.4633127450942993,real
21674022-46b5-51b5-9ff5-e91852e3d762-TRN-DOC-Source.png,0,0.8375003933906555,real
218f4397-37ab-58d2-bd86-d4032b249d69-TRN-EML-Source-RVLCDIP.png,0,0.5587721467018127,real
21934c66-e2a9-57dd-8190-2fcff3a12abd-TRN-DOC-Source.png,0,0.03578953817486763,real
219d38a9-6a7b-5568-bc7b-f3d266aed82c-TST-RCT-Source.png,0,0.9143834710121155,real
21b904b0-3eeb-54f4-990f-6e3d6444bd60-TST-DOC-Source.png,0,0.830767035484314,real
21d7e2ab-7872-5855-b156-37d1a146a56c-TRN-RCT-Source-FIN.png,0,0.2876434624195099,real
21e973a2-068f-51f2-84ff-e19f9d027578-TRN-DOC-Source.png,0,0.8292919397354126,real
21f4999a-6eb4-553c-8dbe-acebade09629-TST-RCT-Source-FIN.png,0,0.6508626341819763,real
22298176-e43d-55b3-8a60-3f89766d4f3f-TRN-RCT-Source.png,0,0.7007009387016296,real
223518a8-158d-5527-ae3d-3b835ce4ceb1-TST-EML-Source.png,0,0.7894843220710754,real
22592abb-92ce-5c77-9d55-9c30a2ad9e53-TST-EML-Source.png,0,0.8118315935134888,real
227de5f4-970b-5117-a5c1-ec09f76dc3a5-TRN-EML-Source.png,0,0.6082192063331604,real
228bb344-62e7-5f1a-bd54-2aaebc0b2502-TRN-EML-Source.png,0,0.5599119663238525,real
22a234f7-5b65-5e06-b4d0-a8d447b9f80f-TRN-RCT-Source-CORD.png,0,0.0003541973710525781,real
22d2eac6-ff42-51a9-bb38-56896df9761e-TRN-EML-Source.png,0,0.6781334280967712,real
22dfc2a2-5cfb-53e2-b128-e08ee23a24fd-TRN-EML-Source-RVLCDIP.png,0,0.6764031052589417,real
22f7b395-054e-586f-a9eb-5a9b7d6d03ee-TRN-RCT-Source-FIN.png,0,0.4389580488204956,real
2313d92e-ee44-585b-976a-4ea010db6eb7-TST-DOC-Source.png,0,0.8373329043388367,real
2336ab96-f550-5a31-ac6a-73c167e78a36-TRN-RCT-Source.png,0,0.8971230983734131,real
23967786-445f-5b1e-8f28-8438cf393b8c-TRN-EML-Source-RVLCDIP.png,0,0.8290969133377075,real
23af3d2f-a840-5a48-811d-a00288d84491-TRN-RCT-Source-CORD.png,0,0.07708042114973068,real
23b5a2c3-a497-58c3-9795-6a03edc8647b-TRN-EML-Source.png,0,0.6200266480445862,real
23d747df-2db0-55b1-983e-954efdefe78c-TRN-RCT-Source-CORD.png,0,0.056779928505420685,real
23f06b0d-9393-57b1-aa9b-db50ce0133f4-TRN-EML-Source.png,0,0.8397939205169678,real
24390f63-20c3-507c-9c09-2b8f3dfaf4ce-TRN-RCT-Source.png,0,0.1024564877152443,real
246239ef-8a7c-5987-b0e3-bdbfa27a1ea3-TST-RCT-Source-FIN.png,0,0.7587360143661499,real
246a4b48-b01e-525f-a0d3-9600f935ce18-TRN-RCT-Source-FIN.png,0,0.9099730849266052,real
247b9940-8de6-54ea-92df-ff7aeff03e1b-TRN-EML-Source.png,0,0.5341310501098633,real
249efb24-1b79-551b-86ab-4cdb918070e1-TRN-EML-Source-RVLCDIP.png,0,0.8530844449996948,real
24a45e00-68cb-5069-8736-f80055a79255-TRN-DOC-Source.png,0,0.3703327476978302,real
24bbb6f7-3b5d-565d-9034-7152671e96b6-TRN-RCT-Source-FIN.png,0,0.21977809071540833,real
24db72e3-e519-5852-9c0b-4a28960b9b15-TRN-RCT-Source-FIN.png,0,0.18881113827228546,real
253ae2f2-23f3-5a2a-a143-55aa862c7113-TRN-DOC-Source.png,0,0.8973360657691956,real
256bedf1-b558-57b4-a046-1b18584b5b67-TRN-RCT-Source.png,0,0.008029635064303875,real
256e43d3-9858-5d71-90e4-1991db24b13f-TRN-DOC-Source.png,0,0.026873545721173286,real
257a01c7-7026-50e2-aa38-06687a73b77d-TST-RCT-Source-FIN.png,0,0.4580402076244354,real
25a12271-d6bc-5288-bd76-6e8e638a3ffa-TRN-EML-Source.png,0,0.9277266263961792,real
25ca85c5-45b3-5329-969b-817eeafbe9f1-TRN-EML-Source-RVLCDIP.png,0,0.2618086636066437,real
25dbc443-9974-5bbd-b02c-8dcc3fb692b6-TRN-RCT-Source-CORD.png,0,0.05887550860643387,real
25f0776c-a33c-55f6-8186-00a4edf40059-TRN-RCT-Source-FIN.png,0,0.04345649853348732,real
25ffdf74-c1b2-51b1-8a7a-9b172d8100ae-TRN-RCT-Source-FIN.png,0,0.007122487295418978,real
26088a1c-f088-5d01-9491-b0fcba9adaf0-TRN-RCT-Source-FIN.png,0,0.12166494131088257,real
26369db0-682d-598f-8ec7-9504ff6a09c2-TRN-EML-Source-RVLCDIP.png,0,0.6035432815551758,real
263f6721-6753-5aa0-a55d-02a33e6457a7-TRN-DOC-Source.png,0,0.32376280426979065,real
268dfa0a-d906-5101-b8bc-3a584f72ce47-TRN-RCT-Source.png,0,0.16302278637886047,real
26ab8ec1-007f-5f67-8c1d-0a33a0533dc3-TRN-RCT-Source.png,0,0.010152862407267094,real
26f8ba39-1dda-504a-acba-79ce2004a770-TRN-RCT-Source-CORD.png,0,0.0789061188697815,real
2745d9e8-48d7-5bd8-9928-7089308ce0a9-TRN-RCT-Source-FIN.png,0,0.9593706130981445,real
278d870b-0b0f-50f7-b329-7ae8fb88f955-TRN-RCT-Source-CORD.png,0,0.24778684973716736,real
27a890c0-7983-5bc6-b7d0-05e02da9b299-TRN-RCT-Source-CORD.png,0,0.9489629864692688,real
27b46acd-da52-5a91-bfc8-bfb09ed24faa-TRN-EML-Source.png,0,0.7941325306892395,real
27cc5b1c-0e7b-5cea-be50-89a5447595f4-TRN-RCT-Source-FIN.png,0,0.04509309306740761,real
27d61575-a47e-5c07-99fb-373d8c1311a4-TRN-DOC-Source.png,0,0.4490197002887726,real
2851c251-5a62-593e-8234-d68e4fa4cca3-TST-DOC-Source.png,0,0.9314531087875366,real
28539f93-bb8c-54a5-b71c-19d18258841c-TRN-DOC-Source.png,0,0.09415726363658905,real
28563e3c-94ff-5fe2-8792-c65963d67419-TST-DOC-Source.png,0,0.14720064401626587,real
286a118e-2a75-5101-8a15-c599f7a0f891-TST-RCT-Source-CORD.png,0,0.6959459185600281,real
28d9f3e4-58d2-5e46-ae86-601bdc40beb1-TRN-RCT-Source-CORD.png,0,0.31305167078971863,real
28de42b1-922f-53f5-983c-87aa1a5b410a-TST-EML-Source.png,0,0.8343786001205444,real
28e1c4fe-2541-5ee9-aee9-969186e09f9b-TST-RCT-Source-CORD.png,0,0.010848350822925568,real
28effd4b-7262-5e26-abc2-03191f80d0d7-TRN-DOC-Source.png,0,0.7518705129623413,real
28f8c636-0da0-5874-8a49-8192d2c01fa2-TRN-EML-Source-RVLCDIP.png,0,0.690184473991394,real
2928aef5-5e10-5341-918a-061df0536b8e-TRN-EML-Source.png,0,0.8849605917930603,real
295651c3-e0ff-5468-9d77-d7c3c47fde2b-TRN-RCT-Source-FIN.png,0,0.11294413357973099,real
2963328a-3a07-5717-bc02-4273ec84dcd7-TRN-DOC-Source.png,0,0.23205043375492096,real
29772f22-14ba-53a2-8ab9-01b9f16a9b51-TST-EML-Source.png,0,0.5201924443244934,real
29af4f0d-4645-5c89-a0c1-3f222f1c1759-TRN-RCT-Source-FIN.png,0,0.2653747498989105,real
29ecfbc9-fe41-5c9a-a780-254ce701822a-TRN-RCT-Source-FIN.png,0,0.2809302806854248,real
2a3d6b60-62ab-518f-acf9-eb4ec8f049dd-TST-EML-Source.png,0,0.7784816026687622,real
2a410a71-c827-5926-b84a-76404b59c3f6-TST-RCT-Source.png,0,0.8881590366363525,real
2a7bc1ff-4c35-516b-8e33-50fe1a776216-TRN-RCT-Source.png,0,0.19717299938201904,real
2ab403d2-087d-50f8-81b7-16c450cac115-TRN-RCT-Source-FIN.png,0,0.8457503914833069,real
2ad953db-3e66-50bf-a747-b32e1b6549a2-TST-RCT-Source-FIN.png,0,0.19221149384975433,real
2b3b55cf-e2c6-5a98-9d0a-95e6d237341e-TRN-RCT-Source.png,0,0.15804429352283478,real
2b3ff910-ab73-5e33-9215-ccc1f2811687-TRN-RCT-Source-CORD.png,0,0.0001945860858540982,real
2b4cd416-2634-5854-8625-8ec02bb856a9-TRN-RCT-Source-FIN.png,0,0.391152560710907,real
2b593a17-2abe-59e7-b3ba-772fc6aca013-TRN-RCT-Source-FIN.png,0,0.033944204449653625,real
2b5c5219-9a90-5ae7-8bf3-fa1877733b6b-TRN-RCT-Source-CORD.png,0,0.008157337084412575,real
2b843ef7-3c11-5975-acdf-116bd35c9800-TRN-RCT-Source-FIN.png,0,0.08372288942337036,real
2b9f41e3-ebe0-50eb-b2e4-aebb11508f86-TRN-EML-Source-RVLCDIP.png,0,0.36293330788612366,real
2bfc2c13-c175-5b11-99df-2869a1fa07ed-TST-RCT-Source-CORD.png,0,0.006635050289332867,real
2c1798e2-1178-55c1-aced-60043bad2556-TST-RCT-Source.png,0,0.003676763502880931,real
2c26510b-3424-51f9-87df-30f34219b6c4-TRN-RCT-Source-CORD.png,0,0.0291075948625803,real
2ca615e9-a91c-5872-b73d-2009a5f95b1a-TRN-RCT-Source-FIN.png,0,0.039514150470495224,real
2cd1a108-b786-5ff7-b615-7a56613d08ad-TRN-RCT-Source-FIN.png,0,0.2624001204967499,real
2cda8d0d-4b0f-58cc-8ef6-a7b0484e222e-TST-EML-Source.png,0,0.41254907846450806,real
2cef1e82-0d1e-5197-a0b0-a46a16dc3bd5-TRN-RCT-Source-FIN.png,0,0.03908099606633186,real
2d50dd56-bc81-5979-bf75-a43ce7c0ea40-TRN-EML-Source-RVLCDIP.png,0,0.7002627849578857,real
2d5dbdba-fb95-57cc-bec7-07d468282a71-TRN-DOC-Source.png,0,0.7200110554695129,real
2d75685d-fe9d-5f67-a6cf-0fff57813ae1-TRN-DOC-Source.png,0,0.36043334007263184,real
2d7feb7f-ad0b-5172-aaa6-7078e2aad445-TST-RCT-Source.png,0,0.2852307856082916,real
2d976896-aa80-5a9a-b59d-4772e9b20047-TRN-EML-Source.png,0,0.29648950695991516,real
2db32b46-cdab-54ab-b08d-a7f962da5cd0-TST-RCT-Source.png,0,0.6745436787605286,real
2dc1bf11-b8a3-5847-aad0-bbccbf5d6a11-TRN-RCT-Source-FIN.png,0,0.4759882688522339,real
2dcb2e76-7ea8-5653-a51c-275f96c6f2cd-TRN-RCT-Source.png,0,0.9643760919570923,real
2dd54602-24d7-576e-9242-aebcc93f5956-TRN-EML-Source.png,0,0.5336781144142151,real
2dea0f00-00c1-5af2-ad7b-d5266938aeab-TST-RCT-Source-CORD.png,0,0.4317838251590729,real
2e17c035-9b48-5126-bb1f-023a5785ee36-TST-RCT-Source-FIN.png,0,0.6869661211967468,real
2e335505-09e8-549a-864a-084447dcdf41-TRN-RCT-Source-CORD.png,0,0.3909962773323059,real
2e541018-010c-5154-a7e8-26b2105c557d-TRN-DOC-Source.png,0,0.2889946699142456,real
2e6b78fa-f31d-5f81-9bbd-802acc2e6688-TRN-RCT-Source-FIN.png,0,0.03153067082166672,real
2e6ca4d0-7d72-5190-81ba-bb033bcd5689-TRN-EML-Source-RVLCDIP.png,0,0.4500945508480072,real
2e832123-daf1-5a1f-85d1-f9600cb8d081-TRN-RCT-Source-CORD.png,0,0.6968133449554443,real
2e9145ab-31e0-52c7-9d10-5622bdabea7a-TRN-DOC-Source.png,0,0.41418227553367615,real
2ec32a43-1e51-52c7-8554-029b9cf85a72-TRN-RCT-Source-CORD.png,0,0.9899028539657593,real
2ed50c56-4ddb-5758-8f81-4a3384b008e2-TRN-RCT-Source.png,0,0.2594234347343445,real
2ef96c74-7d11-50b8-9b84-ed63ff77f388-TST-RCT-Source-FIN.png,0,0.941457211971283,real
2f3ec029-989a-508a-81fd-9ebe06e6fc28-TRN-RCT-Source-CORD.png,0,0.04830171540379524,real
2f933c98-38fd-58ea-9056-9b26b536492d-TRN-RCT-Source-FIN.png,0,0.17133356630802155,real
2f9db83b-f393-5c93-9969-4ad41d9b6a14-TRN-RCT-Source-CORD.png,0,0.011155785992741585,real
2fadbb76-7703-5bfe-93ca-e195625cbb20-TRN-EML-Source-RVLCDIP.png,0,0.5291262269020081,real
2fb14f6e-01b2-5367-9def-7f36466bf138-TRN-EML-Source-RVLCDIP.png,0,0.8879277110099792,real
2feb0a94-b50b-57e4-9c6a-91e1e58e6f8a-TRN-RCT-Source-FIN.png,0,0.33682897686958313,real
3017c6ff-c060-59c7-9678-8f0770881a82-TRN-RCT-Source-CORD.png,0,0.18217453360557556,real
301c360a-97f3-5d3c-ad9d-74de3be535cc-TRN-RCT-Source.png,0,0.301684707403183,real
3028da90-d89d-5cff-ae59-296701f2fcfc-TRN-RCT-Source.png,0,0.33881738781929016,real
30342759-f26f-5681-8816-03f5131f9a26-TRN-EML-Source.png,0,0.802561342716217,real
303f1a16-6187-5503-8d6f-8045e05ab23b-TRN-RCT-Source.png,0,0.012806694954633713,real
305bb945-793b-5502-acd2-1f2e302c5cc3-TRN-EML-Source-RVLCDIP.png,0,0.49306023120880127,real
30793c3a-7f98-502d-a281-445f56a5a233-TRN-RCT-Source.png,0,0.03155718371272087,real
30ca52bf-f1d9-53ef-ae86-a4d9dac54c9d-TST-EML-Source.png,0,0.33763834834098816,real
30ce8782-40e1-5e72-bc9d-ad934e3f0090-TRN-DOC-Source.png,0,0.7871997356414795,real
30f3149a-dbf5-5245-9b30-a82dc3f8ab6b-TRN-RCT-Source-CORD.png,0,0.09182371944189072,real
3126efa7-3c54-5fe8-bb2c-5a81d6fe0413-TRN-RCT-Source.png,0,0.23910188674926758,real
3129dc3b-6dc2-5ed5-8986-e2485ffb232b-TRN-RCT-Source-CORD.png,0,0.0010632890043780208,real
3173313d-da94-5807-b761-cf267225c896-TRN-EML-Source-RVLCDIP.png,0,0.5407178997993469,real
31beed79-d573-5eb0-849e-fea7d3255d52-TRN-DOC-Source.png,0,0.9560596346855164,real
31d513cf-e3a4-5388-a20a-3b06cfc15a0e-TRN-RCT-Source-CORD.png,0,0.001991645200178027,real
31df0d6b-fa85-54bb-be8f-d91b4efaa356-TRN-RCT-Source.png,0,0.2595606744289398,real
323b7339-73c2-5343-b7f9-afd2c5220102-TRN-EML-Source-RVLCDIP.png,0,0.7078348994255066,real
324eaf4c-0527-595c-83e3-09d7c92c2ed3-TST-RCT-Source.png,0,0.9995132684707642,real
324f8add-a3df-52f5-b27a-3fbd9a2b9963-TRN-RCT-Source-CORD.png,0,0.03196350857615471,real
326171d6-6462-5612-9c0e-9fc0e4a59399-TRN-RCT-Source-FIN.png,0,0.8495109677314758,real
33522734-7fb1-5418-a017-cc48dc1f1c63-TRN-EML-Source.png,0,0.8548626899719238,real
338b3aeb-8fa9-59e9-b17c-a5cc51b5cce7-TST-RCT-Source.png,0,0.016512837260961533,real
3394a2dc-8636-528e-bbb5-f3c3ef2128e0-TRN-DOC-Source.png,0,0.9994390606880188,real
33af6ebd-6376-537d-a103-a99c151595bf-TST-DOC-Source.png,0,0.3343128561973572,real
33d26603-06da-5fd9-a17b-f7794c535f27-TRN-EML-Source-RVLCDIP.png,0,0.3889664113521576,real
33d73933-5897-58e7-adda-a1cc6320dd31-TRN-RCT-Source-CORD.png,0,0.0012653719168156385,real
33e0adaf-734c-5153-8535-aa1d8426781d-TRN-RCT-Source-CORD.png,0,0.4159146845340729,real
34182be5-277b-586d-971d-40b70b4180ab-TRN-EML-Source-RVLCDIP.png,0,0.8756897449493408,real
34580c20-799d-5475-8cd1-9b85e226ce7f-TRN-EML-Source-RVLCDIP.png,0,0.6280524730682373,real
3458cefe-704e-5edb-bd81-2fa7dac89401-TST-RCT-Source-CORD.png,0,0.0041207619942724705,real
348aa5e1-4e09-5cc7-ac44-0627a548bf6f-TRN-RCT-Source-CORD.png,0,0.03233160451054573,real
34a74b2b-178c-5c6e-ae22-8a3246539d2b-TRN-RCT-Source-FIN.png,0,0.00505204638466239,real
34bfecdd-7ac2-569e-8c18-65c76f16c7b2-TST-RCT-Source-CORD.png,0,0.36343201994895935,real
34d0e37b-4816-5b04-ab99-1de7614aa152-TRN-RCT-Source.png,0,0.00023273809347301722,real
34d38e36-30dd-58ee-af4f-e9a619df9e96-TRN-RCT-Source-CORD.png,0,0.0008156243129633367,real
34d79117-01a7-5695-b647-d6fddd65a48a-TRN-DOC-Source.png,0,0.16412872076034546,real
35078515-5ad1-55b1-a386-84b76d2c0afe-TRN-EML-Source-RVLCDIP.png,0,0.8461832404136658,real
351441f9-cbfe-5843-bb10-b0ef03fb196a-TRN-EML-Source-RVLCDIP.png,0,0.7810949683189392,real
35193f78-2e20-5d14-96a0-3d938c8809a8-TST-RCT-Source-CORD.png,0,0.4230765998363495,real
3519f3ac-a370-5cab-bcb3-c3c9794f7ee5-TRN-RCT-Source-CORD.png,0,0.07645231485366821,real
35958d07-34a1-5ee9-8521-49c5ae10fef1-TST-RCT-Source.png,0,0.003787500783801079,real
35e25f8f-d048-50a1-b6a8-c25440421ed5-TRN-EML-Source.png,0,0.7871926426887512,real
35fa4ad7-82d7-5e63-8ce4-e2cb2dd3e503-TRN-RCT-Source-CORD.png,0,0.06067603453993797,real
360cf435-03c2-5a8b-ad02-d563b48b311a-TRN-EML-Source-RVLCDIP.png,0,0.751922070980072,real
36bc7468-95c9-5c58-b611-5c8e877e52c7-TRN-RCT-Source-FIN.png,0,0.011698399670422077,real
36c44d7f-9aea-56ff-9fcc-67977dbf1a4f-TRN-RCT-Source-CORD.png,0,0.05613481625914574,real
36ca4e28-a352-56ee-9cb1-adb072536b2b-TRN-RCT-Source-CORD.png,0,0.010132410563528538,real
36ea2bad-1bfc-5a30-b28c-e1735d0700bb-TRN-RCT-Source-FIN.png,0,0.011812707409262657,real
36ee6439-da85-5437-ab70-40f4081e84ab-TRN-DOC-Source.png,0,0.3355468213558197,real
3713dd4f-b967-5f77-a0e5-432ec18cbf5e-TST-RCT-Source.png,0,0.019085390493273735,real
371da670-83f4-541f-88d2-91ef7edaf470-TST-RCT-Source-FIN.png,0,0.7145649790763855,real
3759b1ad-ef04-5c2e-b175-3baf809a3a45-TRN-RCT-Source.png,0,0.30002960562705994,real
377135e0-78e1-58a6-985a-08f244531f11-TRN-RCT-Source-FIN.png,0,0.12227343022823334,real
37803eba-d4f0-5e67-88af-a90d2516e6f3-TST-RCT-Source-FIN.png,0,0.8227221369743347,real
37affcf9-36ea-5634-88e3-a5b09da5a56f-TRN-RCT-Source.png,0,0.21827061474323273,real
37cc6a61-a80a-5d07-ad17-bfb22f940711-TRN-RCT-Source.png,0,0.07557002454996109,real
37ccebb5-e9cd-5d42-8862-93752be5648f-TRN-EML-Source-RVLCDIP.png,0,0.2915382385253906,real
37ce78f2-bdb2-5378-a27e-b7fcbdf2ec87-TRN-RCT-Source-FIN.png,0,0.208976611495018,real
37e0fb72-c2f8-5f2a-bd5e-29a1255fe0e2-TRN-RCT-Source-FIN.png,0,0.07176748663187027,real
37f1212c-2680-5e6f-b966-0b275ce3ce6e-TST-DOC-Source.png,0,0.28948861360549927,real
37f13b81-b96a-5dfb-a5dc-391c4c4fbdcf-TRN-EML-Source.png,0,0.7518024444580078,real
37f80140-dfdf-569d-98c9-2498cc7414b4-TRN-EML-Source.png,0,0.8945649266242981,real
381b1e42-8d3e-527d-ba09-9d9c6610740c-TRN-DOC-Source.png,0,0.2972080111503601,real
3841eb90-d7b7-5434-8af4-5e0a37d80f05-TRN-RCT-Source-CORD.png,0,0.7923133969306946,real
384fec1c-9a4c-56ab-872d-521cee113c88-TST-RCT-Source-CORD.png,0,0.028450211510062218,real
385aa26d-8cf9-5e03-bee9-7d8d2b174135-TRN-RCT-Source.png,0,0.19158683717250824,real
3872e00b-6c0b-5ec9-b56c-68ecf82543e4-TRN-RCT-Source.png,0,0.9521699547767639,real
38934d9e-bc1a-5ca8-bcc7-cd0d5ac1feea-TRN-EML-Source.png,0,0.9011771082878113,real
38a07ab9-a8c7-5253-a343-27453b6b643f-TRN-RCT-Source-FIN.png,0,0.21815428137779236,real
38e981d1-cf43-5dbe-91fa-9aa85179682d-TRN-RCT-Source-CORD.png,0,0.005950634833425283,real
38fab5b0-e8ce-5be4-bd8b-c16f3df6a1bf-TST-DOC-Source.png,0,0.0669974833726883,real
39378c75-a508-568e-be59-68cd3b42185d-TRN-RCT-Source-CORD.png,0,0.011143041774630547,real
3984c315-3a3b-5ad1-8b04-a8ec5869dec6-TRN-EML-Source-RVLCDIP.png,0,0.49640074372291565,real
3995e5b7-9b4f-5b33-acb6-4b8ee92f21c0-TST-RCT-Source-FIN.png,0,0.34523093700408936,real
39a6e9d6-f204-5b4f-9b74-8049054760fb-TRN-RCT-Source-CORD.png,0,0.866625189781189,real
39aa2858-bba7-565b-82f6-190c5104bd86-TRN-DOC-Source.png,0,0.5200247764587402,real
39c1bc91-49be-5979-ae2f-9f1b62ac263d-TRN-EML-Source-RVLCDIP.png,0,0.8725960850715637,real
39d2c2e3-e591-524d-a659-aa3608581356-TRN-RCT-Source-FIN.png,0,0.6293792128562927,real
39e3f395-df15-5024-8332-3a5232bc0d71-TST-RCT-Source-FIN.png,0,0.5593563318252563,real
39e91371-122d-54c3-be0d-d13c8267a196-TRN-RCT-Source-CORD.png,0,0.0022715707309544086,real
3a147bfe-826a-563d-9083-13b11e0cf763-TRN-EML-Source-RVLCDIP.png,0,0.3439250886440277,real
3a1ec917-a7e9-57fa-bba0-e81d2113e9f4-TST-DOC-Source.png,0,0.9214706420898438,real
3a78d48f-0b7c-59c3-b182-a64d78b75f38-TRN-RCT-Source-FIN.png,0,0.022776205092668533,real
3a7ef3df-ce2a-54ff-b92a-f8faa9e17422-TRN-DOC-Source.png,0,0.7050338387489319,real
3a82b7da-176e-510c-a4be-279acbc690bd-TST-DOC-Source.png,0,0.22461161017417908,real
3a98957a-26cd-581d-994c-cdbc1c34bda9-TRN-EML-Source.png,0,0.8476348519325256,real
3abcfcb4-f281-5a47-afa1-d45a1c923ec4-TST-RCT-Source-CORD.png,0,0.0006123245693743229,real
3ac46b69-1cfc-5eba-8f82-86c87f2488aa-TST-EML-Source.png,0,0.8652875423431396,real
3b05aa7f-a188-5521-8c73-d693bbd96c63-TRN-EML-Source.png,0,0.860902726650238,real
3b15b2f7-6999-5e95-a6ab-567034de1fc3-TRN-RCT-Source-FIN.png,0,0.38125959038734436,real
3b26b71e-0277-592b-aa3a-79262b7df7fd-TST-DOC-Source.png,0,0.36002373695373535,real
3b3ce54e-5ef1-5e91-b067-2fc86ee0ea41-TRN-DOC-Source.png,0,0.2467784732580185,real
3b565987-b70e-5c7a-902e-ff7c54aeac0c-TRN-EML-Source-RVLCDIP.png,0,0.29569193720817566,real
3c0a3be1-1cbe-5252-877a-1c76c3e28c61-TRN-DOC-Source.png,0,0.4511321485042572,real
3c125abb-e922-5a36-80b7-313ea6d62f57-TRN-RCT-Source-CORD.png,0,0.7694153785705566,real
3c23ec3a-1d0f-5b37-a2c1-8b50751c3bf8-TRN-EML-Source-RVLCDIP.png,0,0.5968488454818726,real
3d03a910-7c23-5653-87e9-089297c447dc-TRN-RCT-Source-FIN.png,0,0.022640662267804146,real
3d2970c3-b489-583e-b200-bc7b8f318541-TRN-EML-Source.png,0,0.8350753784179688,real
3d3306cc-1110-5314-9748-093691823067-TRN-RCT-Source.png,0,0.17133356630802155,real
3d61f070-36ad-58bd-96d0-ad7caa469c4e-TST-RCT-Source-FIN.png,0,0.5531278252601624,real
3d724119-2c96-59ca-951a-bf17f35d9ea6-TRN-EML-Source-RVLCDIP.png,0,0.9000489115715027,real
3d87bb66-ddbf-5c8c-9148-3481b415f2fa-TST-DOC-Source.png,0,0.2753150165081024,real
3da74938-9e87-59f3-a57b-952197868e83-TRN-EML-Source.png,0,0.6097848415374756,real
3db7dba2-1bdb-58bc-a08d-549bd78525d0-TRN-RCT-Source-CORD.png,0,0.23022840917110443,real
3dc69830-f263-5e4d-9a9a-a3dfd9ec3d22-TST-RCT-Source-FIN.png,0,0.3277798891067505,real
3dca9777-9ac3-5bb1-abc3-7652c7397d25-TRN-RCT-Source-CORD.png,0,0.7433991432189941,real
3dce0a1a-4ac5-5c5b-bbb2-4dc05e041b66-TRN-EML-Source.png,0,0.8737589716911316,real
3dec88b7-431d-50b2-8506-6071f2aebddd-TST-RCT-Source.png,0,0.040970686823129654,real
3e086429-bdaa-5f22-a11b-9b6383410027-TST-RCT-Source-CORD.png,0,0.010651038959622383,real
3e1f767f-b73c-5a5a-920b-9313ff72b33c-TRN-RCT-Source-CORD.png,0,0.9702034592628479,real
3e27dee8-1ed2-59d2-9b65-ace14376f164-TRN-EML-Source.png,0,0.7887390851974487,real
3e365b3e-1235-5edf-891f-ea1ff13719fe-TRN-RCT-Source.png,0,0.37457019090652466,real
3e4ba8e5-0b91-5f06-93c3-0d4cd1000563-TRN-RCT-Source-FIN.png,0,0.0886346846818924,real
3e576b34-a039-5240-a881-a190767f3620-TRN-RCT-Source-FIN.png,0,0.6037982702255249,real
3e58d5ba-0d3f-58ca-8754-993a5ba598c6-TRN-DOC-Source.png,0,0.012578095309436321,real
3e7af5aa-e4c7-5d3b-a5c3-c9ababc803db-TRN-DOC-Source.png,0,0.007236266974359751,real
3ebdfa86-7efc-5d14-8b7b-ca8ac4efb1b9-TRN-RCT-Source-FIN.png,0,0.3145787715911865,real
3ee10a83-5b5d-59bb-80cf-b5d809eb6909-TRN-EML-Source.png,0,0.8608020544052124,real
3ee2a9dc-99bf-592a-be02-221f74fa5222-TST-RCT-Source-FIN.png,0,0.7271081805229187,real
3ee7c0c4-720c-529f-bfe5-89403a21f4c8-TST-RCT-Source-CORD.png,0,0.12895844876766205,real
3ef58a3a-cd0d-5fb7-9524-9019c3bd4112-TRN-DOC-Source.png,0,0.20297041535377502,real
3efb155d-8064-5999-816d-8312945aed13-TRN-RCT-Source.png,0,0.1514616161584854,real
3eff39a0-0e07-5e43-9b1d-f0d4557da0fc-TRN-RCT-Source-FIN.png,0,0.022043989971280098,real
3f0024d8-8f5b-5d46-9cf4-727518bfb462-TST-EML-Source.png,0,0.8457843065261841,real
3f007997-5ac7-5b96-9fce-4dad1cbdbc6e-TRN-EML-Source-RVLCDIP.png,0,0.5715151429176331,real
3f3304c1-3729-5495-a91d-d11283c700a8-TRN-RCT-Source.png,0,0.8015279769897461,real
3f894cab-2438-5536-b67f-2a44ed7961be-TST-RCT-Source-CORD.png,0,0.00243106996640563,real
3f951c4f-833b-5f38-a2a0-775037800c01-TRN-DOC-Source.png,0,0.3970091938972473,real
3f951d8c-9091-5f82-97b6-67b9803f72f7-TRN-RCT-Source.png,0,0.04673158749938011,real
3ff4973c-6966-51af-b7f4-0c5f9efd434a-TST-RCT-Source.png,0,0.21316364407539368,real
3ffe3d19-1faf-5410-a615-f0ed4066bddb-TRN-RCT-Source.png,0,0.1727001816034317,real
40668478-e7b2-5aa3-9463-8a660a546456-TRN-RCT-Source-FIN.png,0,0.050284501165151596,real
406b1607-d442-554d-8d54-f371c7cd1238-TRN-RCT-Source-FIN.png,0,0.08705732226371765,real
40720d1a-5a01-5ede-896d-e84672fd4d0f-TRN-RCT-Source.png,0,0.00036186640500091016,real
407d5130-34de-5f35-b4f3-ba04472a3a12-TST-RCT-Source-CORD.png,0,0.24405907094478607,real
40bb6376-0335-5261-a00b-e8e8c790ee8d-TRN-EML-Source-RVLCDIP.png,0,0.8919587731361389,real
410b5614-1914-5c72-8ab4-e7e82e74b94f-TST-EML-Source.png,0,0.9115751385688782,real
411bda66-cbd0-558d-92eb-47779fb162ac-TRN-RCT-Source.png,0,0.22166723012924194,real
411e0f90-9dad-5658-990e-eb9eeb0d2349-TRN-EML-Source.png,0,0.8009413480758667,real
4136a952-3a67-5824-ae61-f5c4df2c3d30-TRN-RCT-Source-FIN.png,0,0.2596810460090637,real
41389761-1cbc-5416-9cc3-2061fbd58aa8-TST-EML-Source.png,0,0.5502073764801025,real
416c677d-d1a2-584a-b809-53d48d6542d9-TRN-RCT-Source-FIN.png,0,0.35479089617729187,real
416d4d85-7ca1-5f82-bc55-606322e53f56-TRN-RCT-Source.png,0,0.22670358419418335,real
41d60d2a-5bc8-5fd4-8357-e61820960dcd-TST-RCT-Source-CORD.png,0,0.06848632544279099,real
41d70e1a-fc1c-5a42-965d-7faa0747662e-TRN-RCT-Source-CORD.png,0,0.0012337769148871303,real
4257628a-1120-57de-aebb-64c6c9eb844d-TRN-EML-Source-RVLCDIP.png,0,0.5965607166290283,real
429ffb17-c72a-58bb-a9f6-453ef804845e-TST-DOC-Source.png,0,0.36244654655456543,real
42fd30f2-17fc-5c51-b3a4-a58794b52ca6-TRN-RCT-Source-FIN.png,0,0.10364589840173721,real
433c1555-42f5-5092-80a6-a34facdf2e13-TRN-RCT-Source-CORD.png,0,0.009304512292146683,real
43893503-a82d-5a24-9592-37761d5b3856-TRN-DOC-Source.png,0,0.01115089375525713,real
439869ab-05a3-5fc4-a3dd-05e39211692a-TRN-RCT-Source-CORD.png,0,0.06801484525203705,real
439aded9-4980-5508-8444-aae9d68109a2-TRN-DOC-Source.png,0,0.996669352054596,real
43ea0d56-f67e-52e9-8851-d03bd3f19ece-TRN-DOC-Source.png,0,0.3748028874397278,real
43fd55d8-9006-5eea-8835-34f5ad67dbf7-TRN-RCT-Source.png,0,0.00017689249943941832,real
441988a2-bbd7-5cb8-9ec5-ffa36a1028aa-TRN-RCT-Source-CORD.png,0,0.03922982141375542,real
4438e9f4-2648-5b41-8c44-81b09be5bab5-TRN-EML-Source-RVLCDIP.png,0,0.4476555585861206,real
4448cd49-6235-542a-a230-2c42ad2ea18d-TRN-RCT-Source.png,0,0.8717360496520996,real
4457017d-73e8-500e-ad86-5c8ad600d593-TRN-RCT-Source-FIN.png,0,0.45797863602638245,real
4466d8bb-10df-5e03-a58d-47b1b883c587-TRN-RCT-Source-CORD.png,0,0.041672684252262115,real
4473cc88-7da1-50a4-a89d-2ad78b69a541-TRN-EML-Source.png,0,0.8713464140892029,real
447c01da-dc5c-52ec-bcb4-5141250c43e0-TRN-EML-Source.png,0,0.9537674784660339,real
4488fdbe-8dc4-5ba4-80a8-98890dcc8f3e-TRN-EML-Source.png,0,0.8704909682273865,real
44a6e724-1791-5cda-87c7-51dc7c69fc25-TRN-RCT-Source.png,0,0.5883007645606995,real
44bf85ba-a876-5a0a-a24f-2ab6a0e323fd-TRN-RCT-Source-CORD.png,0,0.03793858364224434,real
44f12aea-f476-5171-a3ae-04d034eb8006-TRN-RCT-Source.png,0,0.9975409507751465,real
44f41806-5396-5a62-8f60-8301f7360a2a-TST-RCT-Source-FIN.png,0,0.011412382125854492,real
44f4af92-3c80-57bc-b707-1277c7b77b0b-TRN-EML-Source.png,0,0.8820377588272095,real
4551eda4-4b02-5e45-afab-561a9f4a657b-TRN-EML-Source.png,0,0.9041014909744263,real
45609496-0929-5d5d-b71a-9a253b5d67c0-TRN-EML-Source-RVLCDIP.png,0,0.755242109298706,real
4574c7a5-c9b4-5585-8acf-ef7207a8770a-TRN-DOC-Source.png,0,0.00013818674779031426,real
45bdcc7c-8472-51d3-8b0f-eee773bd5270-TRN-RCT-Source.png,0,0.20306973159313202,real
45c3492d-ea11-5b53-9998-306c31a7c78c-TRN-EML-Source-RVLCDIP.png,0,0.25970685482025146,real
45d09a0e-8831-5fc1-bd94-c54a41b9c58b-TRN-EML-Source-RVLCDIP.png,0,0.8021633625030518,real
45d6e016-ca2b-5758-b7a5-f8b75216a04e-TRN-RCT-Source-FIN.png,0,0.0032102728728204966,real
45f96129-b07c-536d-9f01-eabc037282ae-TRN-EML-Source-RVLCDIP.png,0,0.8518562316894531,real
45f97f01-4d58-50e3-a273-b5506422635a-TST-RCT-Source-FIN.png,0,0.039219632744789124,real
4615e51c-05c5-5eee-b6c8-31eab44c6acf-TST-RCT-Source-FIN.png,0,0.20223276317119598,real
462e07ef-e9d9-5fd1-899a-a104bbb416d3-TRN-DOC-Source.png,0,0.8759259581565857,real
46481251-c44a-5cd6-b20f-4018101c46a3-TRN-RCT-Source-CORD.png,0,0.12185222655534744,real
46598641-a909-5e69-b6b7-e3a543cf3523-TRN-EML-Source-RVLCDIP.png,0,0.557749330997467,real
465bcd52-e5df-5925-b236-b099b3b69d59-TRN-EML-Source-RVLCDIP.png,0,0.14659534394741058,real
46886e89-fe4f-52af-8ecc-0c9f0a5e70fb-TST-DOC-Source.png,0,0.33233168721199036,real
46a3490a-4cb6-58a2-970c-96db190c579c-TRN-EML-Source.png,0,0.8021520972251892,real
46c92bfb-a657-57cc-827c-229f19d7764a-TRN-EML-Source.png,0,0.7441717982292175,real
46cea5d7-84a8-5aae-bf5b-bf900933ad2c-TST-RCT-Source-CORD.png,0,0.15009523928165436,real
46f342c8-316d-5683-a183-8c09d6d8b1d2-TST-RCT-Source.png,0,0.41615796089172363,real
46f6dea5-a851-5b12-8076-f6089f3cb5ee-TRN-DOC-Source.png,0,0.8464008569717407,real
4720f8d0-fa1c-52a9-9509-5cc4330cc13b-TRN-DOC-Source.png,0,0.302848756313324,real
47278267-c8b2-5c48-a6bb-77c28d2ab5b4-TRN-EML-Source-RVLCDIP.png,0,0.7521083950996399,real
474e6b9e-adf3-57d3-a521-2d9f81640f86-TRN-RCT-Source-FIN.png,0,0.302809476852417,real
4789f19a-da3f-55b4-b65e-d01d4a0c99ef-TRN-EML-Source.png,0,0.8206486105918884,real
47a09a50-a3c1-5b18-8903-a92353f4a625-TRN-DOC-Source.png,0,0.025116143748164177,real
47d7d416-3f6e-5108-8d1d-4a4b185cb675-TRN-EML-Source-RVLCDIP.png,0,0.11472344398498535,real
48092a8b-8a43-5b44-9f77-ce5965a869d2-TST-RCT-Source.png,0,0.23296809196472168,real
480e8b01-9d06-5956-913a-27115a33623c-TST-EML-Source.png,0,0.7875011563301086,real
481689cb-e794-5f25-88aa-f22c53f7c507-TRN-RCT-Source-FIN.png,0,0.021199727430939674,real
48251463-a2dc-52bd-9f08-154d8cc93866-TRN-DOC-Source.png,0,0.9625587463378906,real
48333571-6059-526d-b73f-eb5633275434-TST-EML-Source.png,0,0.7150778770446777,real
483ea231-2414-5186-8eec-f4875ebb2f00-TRN-RCT-Source-FIN.png,0,0.49970299005508423,real
4862401f-b358-5b70-b87d-3b8a0a70eadb-TST-DOC-Source.png,0,0.7764639854431152,real
486d5096-3483-5c2e-86a7-b3e2127b6adb-TRN-RCT-Source-CORD.png,0,0.21542508900165558,real
486e447b-89fe-5345-9d33-39381a12c31b-TRN-DOC-Source.png,0,0.05616603419184685,real
48958e1d-d452-5da1-90ac-47dacfdbca1e-TST-DOC-Source.png,0,0.941660463809967,real
48c14d10-94b0-55e1-b770-1e5025ee4372-TRN-DOC-Source.png,0,0.6993210911750793,real
4930bed4-142d-53ec-99a5-4e29215ac344-TRN-EML-Source-RVLCDIP.png,0,0.5858715772628784,real
493cedd4-e757-570f-ac8e-710df7758b1d-TRN-RCT-Source.png,0,0.7785612344741821,real
494a0654-0b1b-58b9-9814-acede5a02b1e-TRN-RCT-Source.png,0,0.4021851420402527,real
4953b150-129b-5fc2-a829-896aaa7dba7b-TRN-EML-Source-RVLCDIP.png,0,0.3239355981349945,real
495e18d0-bad5-5fc9-bd5e-c725dd989bed-TRN-EML-Source-RVLCDIP.png,0,0.623849630355835,real
497f8c69-cede-59b4-8f56-28c8a93faeda-TRN-DOC-Source.png,0,0.5566413402557373,real
49e46094-6c22-55e3-8cfa-61d9dde6510e-TST-RCT-Source-FIN.png,0,0.31280720233917236,real
49ea8628-388c-566b-9387-ac0c05391e1e-TRN-DOC-Source.png,0,0.5589237213134766,real
4a9280c3-0b59-5019-a51e-86272b7be061-TRN-DOC-Source.png,0,0.11051633208990097,real
4abdc92b-abf0-5f39-8d4c-21346a45e90d-TRN-RCT-Source.png,0,0.4021851420402527,real
4ac6911a-6ea3-5b4b-9d44-c05f530c4771-TRN-RCT-Source.png,0,0.68137526512146,real
4b14cbeb-a810-564b-b244-a98d416381b0-TRN-EML-Source-RVLCDIP.png,0,0.4337279796600342,real
4b4fdd54-c3e6-54f9-aaf7-3deab8aaaa5e-TRN-RCT-Source-CORD.png,0,0.1660056859254837,real
4b8c790c-66c4-5486-adbc-5836e535225e-TRN-DOC-Source.png,0,0.029313068836927414,real
4bf81d70-d926-5a41-9179-4e18828dd257-TRN-EML-Source-RVLCDIP.png,0,0.8643683195114136,real
4c1aa52d-223b-5e70-9056-0de3c67a4aa2-TRN-EML-Source.png,0,0.7808753252029419,real
4c2f6622-cf9b-5f89-a355-8b65b8c922d4-TRN-DOC-Source.png,0,0.2612845003604889,real
4c92864e-23df-5832-ac44-d490e229f35f-TRN-RCT-Source-FIN.png,0,0.23088966310024261,real
4caa5c42-0f44-5b7c-88da-f3ad8b935033-TST-RCT-Source.png,0,0.1330912858247757,real
4cd239a9-f7c4-5587-b45a-8f5fb838f4de-TRN-EML-Source.png,0,0.8983299732208252,real
4d26f8be-1c1d-5678-9ce8-187afd530379-TRN-RCT-Source.png,0,0.6885302066802979,real
4d36f71e-8ded-5f56-a440-eb36aa6e4115-TRN-RCT-Source-CORD.png,0,0.015191644430160522,real
4d451d66-8ef7-5c0f-917d-af773572da12-TRN-RCT-Source-CORD.png,0,0.4845926761627197,real
4d5d12ce-62f4-5deb-a3ea-06cccca85c73-TRN-DOC-Source.png,0,0.19063547253608704,real
4d71a214-5bcb-5ac8-8ca0-f8828b0b308f-TRN-RCT-Source-FIN.png,0,0.06469588726758957,real
4d946896-15cf-56b1-b801-b97d31cdd34d-TRN-RCT-Source.png,0,0.009123051539063454,real
4da03e46-8c49-5be1-94c1-c681774f8018-TST-RCT-Source-FIN.png,0,0.09399844706058502,real
4dbbdf29-8a95-5579-9567-cd475fdded66-TST-DOC-Source.png,0,0.0003692710306495428,real
4dfcdb98-a044-5cea-adef-384c9d031a4b-TRN-DOC-Source.png,0,0.3269045650959015,real
4e277b6a-a82a-544b-a92e-1c74bd16de0e-TRN-EML-Source-RVLCDIP.png,0,0.10191264003515244,real
4e35f749-1bdb-5f26-a1ce-c7eb9ce912b1-TRN-EML-Source-RVLCDIP.png,0,0.6997116804122925,real
4e3ef94a-48ac-5b80-a4ef-9adf3e677348-TRN-RCT-Source.png,0,0.2594152092933655,real
4e546fe8-57c6-5fea-9a2c-58a42b5928ea-TST-RCT-Source.png,0,0.2080894112586975,real
4e6d721e-8102-5552-89dd-e41e2b0fee5d-TST-RCT-Source-FIN.png,0,0.7007009387016296,real
4e8edff2-4061-5e83-8c7e-7de10bc43cef-TRN-RCT-Source-FIN.png,0,0.39866772294044495,real
4ec7ddf2-aff2-5c04-b43d-62591d42681d-TST-DOC-Source.png,0,0.22894933819770813,real
4ed8c934-b4e6-5f9c-b144-23fa7288d263-TST-RCT-Source-FIN.png,0,0.8065197467803955,real
4ede1e58-4974-5c18-a2fa-530ff78836f2-TRN-RCT-Source-FIN.png,0,0.0833456814289093,real
4eef10fc-c3df-5f2c-ac4d-862b408ca0d3-TRN-EML-Source-RVLCDIP.png,0,0.7863786816596985,real
4f5ff85c-1796-51b7-adfc-cb2cef47a4b4-TRN-RCT-Source-CORD.png,0,0.024060316383838654,real
4feccb8a-d1af-5a2f-808b-9f5cf24cb918-TRN-RCT-Source-CORD.png,0,0.31550905108451843,real
4ff67c0b-4936-52f8-9f85-5cd86e467645-TST-EML-Source.png,0,0.8337457776069641,real
5016ee6e-25b4-5591-aaea-91b3d21a27f6-TRN-DOC-Source.png,0,0.22241540253162384,real
50191f6c-93f4-5d9c-978e-7a9af67befb5-TST-RCT-Source-FIN.png,0,0.46032845973968506,real
50236b5b-c77f-5dda-988d-2ca1bae244df-TRN-RCT-Source-FIN.png,0,0.17558817565441132,real
50261c2b-85b8-5cd2-93c1-92364bc9745d-TST-RCT-Source-CORD.png,0,0.00018143384659197181,real
5042b277-2ad5-5337-a668-af1287808c8c-TRN-EML-Source.png,0,0.8282031416893005,real
506c4ddf-8e47-592c-9dcd-469f19fbf3fd-TRN-DOC-Source.png,0,0.21489772200584412,real
508bb4c6-1715-500c-8987-85e19a5d06fb-TRN-RCT-Source-FIN.png,0,0.3531510531902313,real
5097b029-4fa1-5869-bc85-5dddca77306b-TRN-RCT-Source-FIN.png,0,0.3066932260990143,real
50a9d1eb-5f7f-5ba8-a552-2cee98db029f-TRN-RCT-Source-CORD.png,0,0.0006950118113309145,real
50c9cee4-6a6c-5d36-ac05-cd59eaa1de85-TST-EML-Source.png,0,0.9499287605285645,real
50f1ffe2-160c-559d-9ec4-de3ae02176c4-TRN-EML-Source.png,0,0.7434824109077454,real
5129a09d-f58f-5a11-9854-520f2b9a5e95-TRN-RCT-Source.png,0,0.12810398638248444,real
514e25c5-609f-5003-96a5-d363ecc7c836-TRN-RCT-Source-CORD.png,0,0.34700196981430054,real
51718b5b-1809-5e26-a117-6b12a34e0fca-TRN-RCT-Source-CORD.png,0,0.05063368380069733,real
520034fc-3aba-54c4-a2b6-4ee51b277ccc-TRN-RCT-Source-FIN.png,0,0.21230202913284302,real
5205beff-c1ea-5145-a0d7-6d3d4204e552-TRN-RCT-Source-FIN.png,0,0.9824807047843933,real
5251034c-35ce-5062-a109-9f3560e31a27-TRN-RCT-Source.png,0,0.9454914331436157,real
5256e057-6dc0-5b0c-8c42-57395f0ac46a-TRN-RCT-Source-FIN.png,0,0.31296923756599426,real
525a845e-ef9b-50f6-a217-abb9213c3955-TRN-EML-Source-RVLCDIP.png,0,0.4200228750705719,real
52789921-8bb8-5361-a56d-413d0c95f8ee-TRN-DOC-Source.png,0,0.1449030190706253,real
52b1d4a2-b58b-5cbc-8b79-238bfc18598c-TRN-RCT-Source-CORD.png,0,0.13312584161758423,real
52bbb88c-d7a7-58ea-8e7f-497e94e3934c-TST-DOC-Source.png,0,0.6315258145332336,real
52e0dbdb-6745-56ad-a9e3-b4aec5102931-TST-RCT-Source-CORD.png,0,9.702774696052074e-05,real
530ba34e-43ba-57d5-8520-0f0af4663306-TRN-DOC-Source.png,0,0.5671170353889465,real
538662be-8016-57bd-8d00-4936fa162bb9-TRN-EML-Source.png,0,0.9250127673149109,real
53d2ccd9-a545-5871-9e62-7867c1f07ebb-TRN-RCT-Source-FIN.png,0,0.2850877642631531,real
53d5b356-adef-59df-afbc-ee0b13b7a09a-TRN-RCT-Source-FIN.png,0,0.01997491344809532,real
53e137fd-2ca4-5544-a161-9447d3a02ee9-TRN-RCT-Source.png,0,0.13958832621574402,real
5406926d-b2ed-51c8-9af3-e561873f8f17-TST-RCT-Source.png,0,0.04468841850757599,real
542d2a1f-9749-58a2-91e2-681bcc62246e-TRN-RCT-Source-CORD.png,0,0.5942028164863586,real
54612868-74e0-55ad-a442-ac8de4e1be1a-TRN-RCT-Source.png,0,0.6191007494926453,real
5487c933-6d69-5112-b867-9958d91e4943-TST-RCT-Source.png,0,0.18369120359420776,real
54a24b13-7421-5a0e-879c-6828c86f365f-TRN-RCT-Source.png,0,0.04584115743637085,real
54bb0d0f-8af0-5be8-8283-51bee40c6e17-TRN-RCT-Source-FIN.png,0,0.09554712474346161,real
55381b69-a1a7-5d21-96fe-c1b31e0772d0-TRN-RCT-Source.png,0,0.05850847810506821,real
5574f31d-3c2c-59a4-8fbe-39b3a441b15f-TRN-DOC-Source.png,0,0.1315198838710785,real
5599122c-4895-5cb4-8b88-5c707daa6e7e-TST-RCT-Source.png,0,0.9156472682952881,real
55f8b7ef-7283-5505-83df-7cfe58ffb59a-TRN-DOC-Source.png,0,0.039915215224027634,real
56099648-e05a-5f17-926a-d2339deee221-TRN-RCT-Source-CORD.png,0,0.007143634371459484,real
56253622-a7a1-5509-9d76-8596d6752661-TST-RCT-Source.png,0,0.030958101153373718,real
5630ce31-1508-5498-87a7-215acdbf2c05-TRN-DOC-Source.png,0,0.011603539809584618,real
5685001d-97b4-524c-b64d-c685825fa6b3-TRN-RCT-Source-CORD.png,0,0.7029431462287903,real
56907c7a-2db9-51e6-9b7b-69f1040ee33e-TST-EML-Source.png,0,0.8664559721946716,real
56931d66-4a8c-5818-bf10-5f9301fbd9d0-TRN-EML-Source-RVLCDIP.png,0,0.40317946672439575,real
56bef5de-e04b-5508-a443-37a4a124b94c-TRN-RCT-Source-CORD.png,0,0.009469244629144669,real
570b8c8a-9d7e-55cb-8fba-44af2890f37d-TRN-RCT-Source.png,0,0.026041418313980103,real
570bb0d2-a52f-587c-955b-3c8e8d397b1e-TST-RCT-Source-CORD.png,0,0.43124887347221375,real
5710f4da-5950-5aa9-8403-99687c0f6b6e-TST-RCT-Source-FIN.png,0,0.07671641558408737,real
5736e25b-acad-56ef-8775-e89405b769d9-TRN-EML-Source.png,0,0.8344930410385132,real
5747d9e7-3046-5fdd-a58e-6ce1b7dc9e12-TRN-RCT-Source-FIN.png,0,0.09401251375675201,real
57531a5c-ad7b-51c8-b131-66184ed013b6-TRN-RCT-Source-FIN.png,0,0.01850076951086521,real
581ed7fd-4dec-564c-bbf7-5446a5f7f3d4-TRN-DOC-Source.png,0,0.6111679077148438,real
582712ac-559c-59cb-ba0f-056b8469e500-TRN-EML-Source.png,0,0.5454762578010559,real
586f7051-cb57-594b-a840-e56ee7a8df8a-TST-DOC-Source.png,0,0.5505805015563965,real
587b67c7-f6d3-5091-99fc-0b2daaa0f0dd-TRN-EML-Source-RVLCDIP.png,0,0.7221450805664062,real
58e00db1-9863-5ce3-a80b-dc5a269553e2-TRN-RCT-Source-CORD.png,0,0.0002450543106533587,real
58f4d7b1-233c-5cc3-beb9-60edd098e74f-TST-RCT-Source.png,0,0.4503727853298187,real
5919378a-23bf-5598-b5a3-0648e7017f3d-TRN-RCT-Source.png,0,0.35419216752052307,real
591abce9-0c0c-579e-a014-c5a20c7bda47-TRN-EML-Source-RVLCDIP.png,0,0.959480345249176,real
59225a63-7962-5e11-a136-9f54a330b737-TRN-EML-Source.png,0,0.7160582542419434,real
592306f6-f8c5-5fbd-8785-387aff73999d-TRN-EML-Source.png,0,0.727280855178833,real
5953be67-b8d8-54d4-ba0a-74f17e72e518-TRN-DOC-Source.png,0,0.1881542205810547,real
59654471-57e6-52ac-b4a4-b61a7657864b-TST-DOC-Source.png,0,0.12117673456668854,real
596ade8f-2b32-5a5d-96fe-1ac2af7490bd-TRN-RCT-Source-CORD.png,0,0.013601373881101608,real
59bbe61c-92bb-5640-8ded-6b8c03197c6b-TRN-DOC-Source.png,0,0.022332925349473953,real
59bec641-049e-5be3-addb-a0ab64f1ac73-TRN-EML-Source.png,0,0.7175900936126709,real
59e502f0-f36c-55aa-8217-0c90a6aae042-TRN-RCT-Source-CORD.png,0,0.3622165024280548,real
5a3e3f6f-ef1c-58fb-bcc0-73ba47e6bb8b-TST-DOC-Source.png,0,0.19997507333755493,real
5a5686bf-e35f-5475-bc63-ac8b2c018f64-TRN-RCT-Source-FIN.png,0,0.01868491806089878,real
5a814c65-2eba-5b8f-a47d-22c66704dca3-TST-EML-Source.png,0,0.9782857894897461,real
5a8a8dac-bce7-5bf3-9d65-9951e393c164-TRN-EML-Source-RVLCDIP.png,0,0.2827078700065613,real
5aaf3699-5985-54a5-99dc-cd11c4ab8d71-TRN-EML-Source.png,0,0.8996372222900391,real
5abad8c6-0505-5a62-9189-5c2cc9131611-TST-EML-Source.png,0,0.5405299067497253,real
5abe9c20-8a85-5f36-9e70-539e4ac67ebe-TRN-DOC-Source.png,0,0.374686598777771,real
5ad146b7-bdec-560f-bd4e-e849905985d2-TRN-DOC-Source.png,0,0.7503932118415833,real
5aeed49f-710a-5edd-85f7-e8c6ac96bb9e-TRN-DOC-Source.png,0,0.18750135600566864,real
5b094236-998b-5a69-9e2b-362d733d51a7-TRN-DOC-Source.png,0,0.5873708128929138,real
5b1e7ead-7042-5383-997f-78eeb4f22843-TRN-RCT-Source.png,0,0.4725748896598816,real
5b298ad1-7920-500e-99f4-9b167cca8d67-TRN-EML-Source.png,0,0.8735055923461914,real
5b3a8acc-d037-5429-8330-1a30af8c9ce9-TRN-EML-Source-RVLCDIP.png,0,0.9251899123191833,real
5b3fa50e-7158-59db-92ca-7c5dd72d0800-TRN-RCT-Source.png,0,0.22100023925304413,real
5b40f393-e7c2-51d6-92cc-5e0714dfda12-TST-RCT-Source.png,0,0.19221149384975433,real
5b580e8d-b932-57f3-a002-3b2270421494-TRN-EML-Source-RVLCDIP.png,0,0.7139647603034973,real
5b97448a-254d-5e48-ba0a-61b543025193-TST-DOC-Source.png,0,0.031047968193888664,real
5bd9a3d7-b925-5da4-b148-32524822bc45-TRN-DOC-Source.png,0,0.2259850800037384,real
5be545e0-4b16-5bca-b313-953b2357b039-TRN-RCT-Source-CORD.png,0,0.21877774596214294,real
5bf60aec-2259-53a6-b3e1-7dcf87c4de1c-TST-RCT-Source-FIN.png,0,0.050321631133556366,real
5c1520d0-5b2f-53bd-a1af-92c10f889987-TRN-DOC-Source.png,0,0.8578878045082092,real
5c243257-f49e-59d1-8792-302d3d0ee032-TRN-DOC-Source.png,0,0.03879525139927864,real
5c2dda48-9b3f-5050-a566-c96aebc39d9e-TST-DOC-Source.png,0,0.2607291340827942,real
5c4b1146-80a1-5672-9700-27dbf2403df6-TRN-RCT-Source-FIN.png,0,0.982221782207489,real
5c4f063e-4936-5bdc-899f-ff860072f2a6-TRN-RCT-Source-CORD.png,0,0.00027611840050667524,real
5c52014e-3cd8-56ad-ae37-0487011fdff2-TRN-EML-Source.png,0,0.6637886166572571,real
5c53e99c-a475-5e0f-bb9d-e88ca9527c0a-TST-RCT-Source-CORD.png,0,0.08666335791349411,real
5c54e187-5b7c-525d-a823-09978beafe4b-TRN-EML-Source-RVLCDIP.png,0,0.4779396057128906,real
5cc0257f-b9a9-5de9-8645-6250ed1729f7-TRN-RCT-Source-CORD.png,0,0.9913488030433655,real
5cc0fca1-33ef-5da3-89dd-13016f7a19af-TRN-EML-Source.png,0,0.8498497605323792,real
5cc9399f-63db-57b7-8ff9-717b45f92fbe-TRN-DOC-Source.png,0,0.16626974940299988,real
5ce42251-d2e0-5a90-ad23-c5d35bbe753f-TRN-EML-Source-RVLCDIP.png,0,0.5620062947273254,real
5cfe6652-0a4b-513d-8e0e-cd212ba13fe9-TRN-EML-Source.png,0,0.8500679135322571,real
5d2d4b8e-d515-5fee-a2a4-f8a16b167d89-TRN-RCT-Source.png,0,0.39109864830970764,real
5db312b2-3de1-5bec-b0d9-7369c54f9093-TRN-EML-Source-RVLCDIP.png,0,0.6890655755996704,real
5dc3d4a9-0d32-5ee7-9195-10dd4c9c80a1-TRN-RCT-Source.png,0,0.12820908427238464,real
5e598275-83d7-5253-bf9c-3ca8c23ccd7b-TST-RCT-Source-FIN.png,0,0.09106597304344177,real
5e8958ec-d2f3-5166-b699-94a6f1fa7d2a-TST-EML-Source.png,0,0.5156355500221252,real
5eb077bf-b7d6-54f6-ba08-ba8bbc7576b4-TRN-RCT-Source-FIN.png,0,0.19511009752750397,real
5edeb1df-82f6-5547-a76b-ee3e5d2e3841-TRN-RCT-Source-FIN.png,0,0.08599594235420227,real
5ededa5d-9045-5015-b0f0-155cab0c0a93-TRN-EML-Source.png,0,0.9112176895141602,real
5f26a897-d1a7-59e1-bb8b-68e919a3ac3f-TRN-EML-Source-RVLCDIP.png,0,0.8882237672805786,real
5f28b9ea-b428-5d4b-9d1a-1a117f993818-TST-RCT-Source-FIN.png,0,0.004298979416489601,real
5f29c515-3379-57d3-94a8-ee824e70a8f0-TRN-DOC-Source.png,0,0.11319327354431152,real
5f2d500e-03d0-5e6f-b1bc-be8a815c5f3e-TRN-RCT-Source.png,0,0.06998584419488907,real
5f7d1caf-0a08-5f22-ae77-0f82f140bb29-TRN-RCT-Source-FIN.png,0,0.23296809196472168,real
5f841409-ffdd-5e14-bcfe-430eb96346b5-TRN-EML-Source-RVLCDIP.png,0,0.5606012344360352,real
5f9849c1-1ade-5c8a-943c-5fced63643af-TST-RCT-Source.png,0,0.966882050037384,real
5fbc3539-eaf8-53bc-b010-d4508b26d9dd-TRN-DOC-Source.png,0,0.18330179154872894,real
5fd4ca45-32a6-5919-acc9-f7f33e627b52-TRN-EML-Source-RVLCDIP.png,0,0.44383111596107483,real
5ff209a6-97c0-5442-b1d6-3925de25badd-TRN-RCT-Source.png,0,0.32233524322509766,real
5ffb395f-b695-5cf3-9b1d-92dcc2ea63da-TRN-DOC-Source.png,0,0.17819079756736755,real
60144ec6-b58f-5600-9040-1716472f1308-TST-RCT-Source-CORD.png,0,0.23863746225833893,real
603fc9fc-8ca6-5b40-ac8f-12424870e752-TRN-RCT-Source-CORD.png,0,0.3154345750808716,real
6047c3d6-eec8-5015-b002-bcada50b0e0a-TRN-EML-Source.png,0,0.8725597262382507,real
6052ee59-f5b0-51b1-a131-b20e0053ea41-TRN-EML-Source.png,0,0.8978805541992188,real
6067a932-86ec-536b-bb97-d1e75836f4ab-TST-EML-Source.png,0,0.8772457242012024,real
607069cf-290d-5c42-911c-f85ffa4d6e56-TST-RCT-Source-CORD.png,0,0.46142634749412537,real
60f7fa76-c176-5b62-b2dd-f1684735844d-TRN-RCT-Source-FIN.png,0,0.0722208246588707,real
610e744a-781e-5974-a662-3161054a59d0-TRN-RCT-Source-CORD.png,0,0.0016810776432976127,real
6143d8aa-3512-56f5-9c4f-cc7bc89d9d4c-TRN-RCT-Source-CORD.png,0,0.11495483666658401,real
6149d188-fbf6-596d-a48e-79a27833f0d4-TRN-RCT-Source-CORD.png,0,0.4342350959777832,real
61a4d55c-7696-5556-b832-6274b0e903aa-TST-RCT-Source-FIN.png,0,0.9997809529304504,real
61af978b-2b0a-52ef-bc91-5f621c3ab924-TST-DOC-Source.png,0,0.09703836590051651,real
61b416a6-f12b-593b-bbb4-877de3de1d6d-TRN-DOC-Source.png,0,0.5776774287223816,real
61ede735-b355-5f83-ac6f-de0e41e51e3e-TRN-RCT-Source-FIN.png,0,0.975975751876831,real
61ffd7ec-7398-5fc4-9f40-c947bf1ed527-TST-RCT-Source-CORD.png,0,0.7879003286361694,real
6221e22e-687f-592c-8384-a10647363c0f-TRN-EML-Source.png,0,0.29754048585891724,real
62664cae-405d-5036-879e-ef214ad0631d-TRN-RCT-Source-FIN.png,0,0.0019776979461312294,real
629101a8-028b-5811-993b-d31d58bbe969-TST-RCT-Source-CORD.png,0,0.419546514749527,real
629f3724-614b-5eca-b46b-44161eb0c6ff-TRN-RCT-Source-CORD.png,0,0.16012737154960632,real
62ae8f18-2a30-5966-9db1-3606cbce60bf-TRN-EML-Source-RVLCDIP.png,0,0.956203281879425,real
62b7a80c-24f2-5212-a834-6b65b50a2ba2-TRN-RCT-Source.png,0,0.008761217817664146,real
62c63dcd-98ae-52cd-9e19-7f1c80b4aa23-TRN-RCT-Source-CORD.png,0,0.19262154400348663,real
62d7a415-d422-573f-9e78-865d8516bd11-TST-RCT-Source-FIN.png,0,0.021263085305690765,real
62ead7d5-1672-5b7e-9c4b-fcbe940e64fd-TST-RCT-Source-FIN.png,0,0.6364266872406006,real
62edcddb-e7a2-5dd7-9050-b56bb9560e0e-TRN-DOC-Source.png,0,0.0002543049631640315,real
631fef16-38a6-5032-bb87-0095d54f97ae-TRN-RCT-Source-FIN.png,0,0.02747948281466961,real
63288491-923e-599f-9cc4-2fcda0545732-TRN-RCT-Source-FIN.png,0,0.353846937417984,real
6332d462-3de6-5fde-9449-9202c8ef8a99-TRN-RCT-Source.png,0,0.7943072319030762,real
63c77301-1ad0-592f-b429-296bea033ace-TRN-RCT-Source-FIN.png,0,0.4312785565853119,real
63da6a9b-5e8e-522c-adc1-9e84ca3640d7-TST-EML-Source.png,0,0.8840707540512085,real
6440c6ff-af76-5a4c-acbb-4c54ef3a3ed1-TRN-DOC-Source.png,0,0.16421425342559814,real
644920f5-014a-52d6-b7d6-8c3f9b2a0fee-TRN-EML-Source-RVLCDIP.png,0,0.3145017623901367,real
644a3db0-fe59-53a0-8213-d5ea098511b4-TRN-EML-Source.png,0,0.8538423180580139,real
646bf3b5-fc5f-5362-b99f-3c14e6652307-TRN-RCT-Source.png,0,0.4475511908531189,real
6486baa8-1a8e-5ec3-b207-53c41457d2a2-TST-RCT-Source.png,0,0.33148863911628723,real
6487df5c-3f8a-5ae0-b974-762e1cac1cfc-TST-DOC-Source.png,0,0.36804279685020447,real
6490728c-c10c-5af8-be56-50676cb8de98-TST-RCT-Source.png,0,0.18854913115501404,real
649ec0ef-4811-51bd-bf09-e4e4cc0f95b8-TRN-RCT-Source-FIN.png,0,0.19764718413352966,real
64a4ac5f-83f9-52d4-9daa-c0b9c97909b9-TRN-EML-Source-RVLCDIP.png,0,0.9486669301986694,real
64ad1b5e-f2d7-5306-8266-14656b9ad6fb-TST-RCT-Source.png,0,0.04358397796750069,real
64b63baa-1ed9-522d-9f16-3d1d94bcd6b3-TST-EML-Source.png,0,0.5276728272438049,real
64c599f6-6298-5103-b3bc-18b86ec6280b-TRN-EML-Source-RVLCDIP.png,0,0.4960518479347229,real
64f1be1b-b950-5e14-898f-4229fa5cd239-TRN-RCT-Source-FIN.png,0,0.57114577293396,real
65153346-6ce5-5d87-972d-042b0cb089d3-TRN-RCT-Source-CORD.png,0,0.10503164678812027,real
6531ebcc-e06f-59fe-bfc2-337e3f8358d6-TRN-RCT-Source.png,0,0.586554229259491,real
65354fd3-4c2f-5125-a2ad-d0317a7b74cd-TRN-RCT-Source.png,0,0.07150780409574509,real
656328d8-055a-5f5e-8b0d-218d8228e2ac-TRN-RCT-Source-CORD.png,0,0.00531123299151659,real
6582ca11-0f86-59a3-9aa9-7b52e06eb189-TRN-EML-Source-RVLCDIP.png,0,0.5871734619140625,real
6585849f-200b-57e3-ad72-db5dd07a1634-TST-RCT-Source-CORD.png,0,0.050174079835414886,real
658d2922-4db2-5407-9322-90a11d2ab2cc-TST-RCT-Source-CORD.png,0,0.03359252214431763,real
65ba2998-07a6-5666-b27e-e3b137e4807b-TST-RCT-Source.png,0,0.19553112983703613,real
65fea5f7-cc73-52a6-99db-174662d2ef76-TRN-RCT-Source-FIN.png,0,0.8374289870262146,real
66608e5e-6770-5d32-ab2a-05a05ec75d1e-TRN-EML-Source-RVLCDIP.png,0,0.9417495727539062,real
66b904c6-5a6b-5ade-8b6c-ec6d53506163-TRN-RCT-Source-CORD.png,0,0.5922996401786804,real
66c3d720-e044-5287-b0fb-789523d8a026-TRN-EML-Source-RVLCDIP.png,0,0.6477437019348145,real
66c577a8-851d-5ea3-8516-b5c77ff612a7-TRN-RCT-Source-FIN.png,0,0.33552512526512146,real
66ee18e5-0bb5-538e-97dc-3ee2f9c4cded-TST-DOC-Source.png,0,0.6581716537475586,real
66f21e6e-ac46-58c3-aacb-83bb7e1c683c-TST-RCT-Source-FIN.png,0,0.8807770609855652,real
670cb56c-e875-5e26-86e8-60cfb456549a-TRN-RCT-Source.png,0,0.7278560996055603,real
6722cef8-48e8-5d0a-b38b-d48a7ae5c8d3-TRN-EML-Source.png,0,0.7775510549545288,real
67301e53-cfad-5b87-991c-aa36f1250cb1-TRN-RCT-Source-FIN.png,0,0.2885749638080597,real
674900aa-825e-5b1a-bcfa-f0e794ca515a-TRN-EML-Source-RVLCDIP.png,0,0.521854817867279,real
6790d295-d1fd-5b96-93cf-648fc312ee18-TST-RCT-Source-FIN.png,0,0.1401202380657196,real
67aff4c8-e147-5780-a516-aa2dced96042-TRN-EML-Source.png,0,0.928516685962677,real
67c0b601-6b64-5b56-9034-1cc912abd653-TST-RCT-Source.png,0,0.07696381211280823,real
68346cdf-dca1-5ce3-9fcf-819989123314-TRN-RCT-Source-FIN.png,0,0.08032096922397614,real
6853e9aa-932d-5645-8c6f-bb1dc5c2ba86-TST-RCT-Source-CORD.png,0,0.032074302434921265,real
686fcb75-6da6-5d1c-97a1-7f342690cdb3-TRN-EML-Source.png,0,0.7994050979614258,real
68762e01-2dd9-559c-87a2-a8dd0d1d6940-TRN-RCT-Source.png,0,0.36200037598609924,real
687de5b6-bffd-545a-a90f-a6c6c196399d-TRN-EML-Source.png,0,0.6444094777107239,real
688f2c21-cef2-5821-868a-058ddbae4b79-TST-RCT-Source-CORD.png,0,0.0006943338667042553,real
68ab3009-00d3-5155-b6ec-deea45d3b216-TRN-RCT-Source.png,0,0.012068722397089005,real
68cec540-4e49-5904-a3d0-364e049dd256-TST-RCT-Source.png,0,0.8613187670707703,real
68d02ab4-6b2f-5905-b517-f6b937ab8ae3-TRN-EML-Source-RVLCDIP.png,0,0.588696300983429,real
68d6b811-62ae-52c5-863d-d522b122b5cf-TRN-DOC-Source.png,0,0.001943288603797555,real
694be531-3dea-5c70-ac70-a70e7be7b130-TST-RCT-Source-CORD.png,0,0.34345391392707825,real
6965b0be-2dfe-589c-87b5-c63bc4f800e5-TRN-EML-Source.png,0,0.8245127201080322,real
696a8c4c-b9be-5fde-88af-f6e910070bdb-TRN-EML-Source-RVLCDIP.png,0,0.26983842253685,real
696bd5fa-8d62-5b24-ae05-1d07998731ee-TRN-EML-Source-RVLCDIP.png,0,0.9349424839019775,real
696e85ce-5296-5d95-b18b-d1e5e4263b49-TRN-DOC-Source.png,0,0.6212328672409058,real
697af4b2-0307-5883-9448-b11f933871e3-TRN-EML-Source-RVLCDIP.png,0,0.8077994585037231,real
69871a31-455e-5ce0-a79c-d08c60b6cb8b-TST-DOC-Source.png,0,0.417131632566452,real
69a647a0-366d-51f5-973e-87b25e7e7cd5-TST-EML-Source.png,0,0.8277093172073364,real
69c08e7d-1094-59ea-aabf-7ed2c86dfd07-TRN-EML-Source.png,0,0.6551190614700317,real
6a210007-0b72-5eca-8560-ba0833a0a98e-TRN-DOC-Source.png,0,0.09868483990430832,real
6a60f276-67d2-5892-b071-b6787e727b15-TRN-DOC-Source.png,0,0.29246655106544495,real
6a681b5e-3ac2-56b1-bc15-7b90c23ac55d-TRN-RCT-Source-CORD.png,0,0.42164671421051025,real
6aa276d9-e36d-5062-96f6-376d0d2a64ba-TRN-RCT-Source-FIN.png,0,0.13272148370742798,real
6abc5590-8527-5749-b3cc-a184530c7e4a-TRN-RCT-Source-FIN.png,0,0.010668554343283176,real
6af434cb-f6f1-5936-9e99-074f2f2dcfac-TRN-RCT-Source-CORD.png,0,0.9618501663208008,real
6b08d1c9-5d30-515f-825b-dd235d9b1eb4-TST-RCT-Source.png,0,0.5095953941345215,real
6b3551b3-7de5-51ae-98f0-ba139d0c6ed5-TRN-RCT-Source-FIN.png,0,0.20090962946414948,real
6b644f9c-cdb6-5294-952f-5e6cd639f8b2-TRN-DOC-Source.png,0,0.5304570198059082,real
6b6934c7-a0d0-5e1d-85f0-936069911c88-TRN-EML-Source-RVLCDIP.png,0,0.5704108476638794,real
6b6c723f-56a1-52dd-bce7-86f7ec26bf5a-TRN-RCT-Source-FIN.png,0,0.04373782128095627,real
6b7ce224-d81b-5923-af54-1e1b405f9d9d-TRN-RCT-Source-CORD.png,0,0.5086599588394165,real
6ba12638-0daa-569b-9e52-57e1806cf9f8-TRN-DOC-Source.png,0,0.5907736420631409,real
6bbdeead-eda0-590f-b100-9196a00ba3ca-TST-EML-Source.png,0,0.8211172819137573,real
6c05d51b-2ac9-5700-b87b-a570ff2fd381-TRN-RCT-Source-FIN.png,0,0.13204900920391083,real
6c34e93a-9dad-5437-b88f-e7a0a96e8306-TRN-RCT-Source-CORD.png,0,0.001166809699498117,real
6c5d979a-f7e6-525c-909b-bd87d7832505-TST-RCT-Source-FIN.png,0,0.518459677696228,real
6c92ed1b-9d3b-59de-8d26-9934953ec8b5-TRN-RCT-Source.png,0,0.3897935450077057,real
6ca3e406-a3e3-5fb3-b093-d739c00d7246-TRN-DOC-Source.png,0,0.21567696332931519,real
6cc0fe36-9905-52e1-a0f5-1926a8d153f2-TST-RCT-Source-FIN.png,0,0.9995154142379761,real
6ce64f84-444a-5ab0-800f-23aa2bbcc48f-TRN-EML-Source.png,0,0.8774756789207458,real
6cfce2d2-5f00-5919-a598-55b90b9b20ef-TRN-RCT-Source-FIN.png,0,0.29959866404533386,real
6d54b66a-ea59-5930-b505-8412912dc0fb-TST-RCT-Source-CORD.png,0,0.21605335175991058,real
6d6a97aa-a061-5cb9-9e42-7f99d75c9216-TRN-RCT-Source-FIN.png,0,0.7350529432296753,real
6d9571e0-b623-53ad-8ce1-31fc4646feae-TST-RCT-Source-CORD.png,0,0.00018769341113511473,real
6da62c29-077a-5994-b4df-917a8975f506-TST-RCT-Source.png,0,0.632888913154602,real
6dc98b48-487d-5dd5-813f-92fec704f7c6-TRN-RCT-Source-CORD.png,0,0.036983367055654526,real
6dd0ff3e-523d-5e30-ad10-549d75d41797-TRN-RCT-Source.png,0,0.13118262588977814,real
6e244d3d-a633-5971-92fb-13edb2cbcd82-TST-DOC-Source.png,0,0.10277955234050751,real
6e2a8e28-b398-54c7-8c9e-ce1c88fffbff-TST-RCT-Source-CORD.png,0,0.03509371727705002,real
6e496903-5f45-55a1-9d82-c828a5be5bb4-TST-DOC-Source.png,0,0.6289933919906616,real
6e4bcc7d-ba28-5796-bed9-3a73693efd46-TST-EML-Source.png,0,0.8933918476104736,real
6e521296-db9d-5ca0-af06-9a81b1adf7e7-TST-RCT-Source-CORD.png,0,0.2593840956687927,real
6e92572e-20fb-587b-a2b0-8051c1ec23a5-TRN-RCT-Source-FIN.png,0,0.00015412554785143584,real
6e9afe38-2530-530e-8cc7-91e6195e32e7-TRN-RCT-Source.png,0,0.20668502151966095,real
6e9f0b40-3333-535f-ab17-c8083e52097b-TRN-DOC-Source.png,0,0.7389795780181885,real
6ea03e21-c9f1-5e1a-b44a-96d717ba178d-TRN-RCT-Source-CORD.png,0,0.3530733287334442,real
6ea80ac9-0224-5119-9157-53b40e0d0b44-TRN-RCT-Source.png,0,0.09399844706058502,real
6ece977c-c480-5c60-a4bc-c7288d7cb48b-TRN-EML-Source.png,0,0.9668295979499817,real
6efe36e9-c4fa-5e81-8b62-0948f583057c-TRN-EML-Source-RVLCDIP.png,0,0.1361958533525467,real
6f169f8c-c154-5f23-80e1-fbc554fe0e40-TRN-EML-Source.png,0,0.8730511665344238,real
6f192a81-2bba-5d4a-97bd-8d7681d1c6bc-TRN-EML-Source.png,0,0.494953453540802,real
6f5d0fc1-1e21-5625-9817-a65ccd626a58-TRN-RCT-Source-CORD.png,0,0.9524508714675903,real
6f64e535-98dd-524c-84de-b2f619f85d64-TRN-DOC-Source.png,0,0.029006540775299072,real
6f7b5723-2ff1-5f95-a551-8754bee773d1-TST-RCT-Source-FIN.png,0,0.9997428059577942,real
6f84e886-b482-5d64-a51c-452db4499a61-TST-EML-Source.png,0,0.7152867317199707,real
6f9a950c-afec-5b90-82db-5d6ecc702db6-TRN-RCT-Source.png,0,0.005154157988727093,real
6fc8fae5-3ecf-532e-b158-a29aa3ae112e-TRN-DOC-Source.png,0,0.9703658223152161,real
70007dab-3de9-5656-8b4d-618cd142ced9-TRN-RCT-Source-FIN.png,0,0.020716892555356026,real
7014538e-c9dd-50d8-b002-0cf6d4a91a3a-TRN-RCT-Source.png,0,0.2633807361125946,real
70346a83-90be-5600-9020-6ffbdcdc26b7-TST-RCT-Source-FIN.png,0,0.24215660989284515,real
703ec6d1-e6b9-5109-9c74-56cd8d075eaa-TRN-EML-Source.png,0,0.5253087282180786,real
70cff689-cf88-5200-acbf-e11dbf47cf2a-TST-DOC-Source.png,0,0.7076716423034668,real
70d1cde6-dae3-5848-b37c-42b948826dff-TRN-RCT-Source-CORD.png,0,0.00014478780212812126,real
70e6e148-e41e-5fe2-9b80-6b64360d3bf1-TRN-RCT-Source-FIN.png,0,0.09522394835948944,real
70e9f378-f77f-5f7c-b32e-b21d10ddb500-TRN-RCT-Source-CORD.png,0,0.08509229123592377,real
70f80b26-d28c-55c1-a990-fb613c581c46-TRN-EML-Source-RVLCDIP.png,0,0.3564024865627289,real
71262780-d981-5422-924d-46a87a4f6c8d-TST-RCT-Source.png,0,0.4374144673347473,real
7168f688-1bfd-5304-a6b2-04f70732ead6-TRN-EML-Source.png,0,0.9425054788589478,real
717bcc47-2fba-557a-844d-3a4601b4f7a0-TRN-EML-Source.png,0,0.8360293507575989,real
71ff8e45-d2a1-56c6-8e07-d9fe444fe53e-TRN-EML-Source.png,0,0.8462840914726257,real
720dccb2-6f2b-562f-a13d-9ee982100fa6-TST-DOC-Source.png,0,0.8674078583717346,real
723febd4-62b0-56a2-bd18-e4667665c1a6-TST-RCT-Source.png,0,0.5435206890106201,real
724cd440-0aeb-5442-8e78-eaeee4c87b57-TRN-RCT-Source-CORD.png,0,0.6981689929962158,real
72605bd3-6517-54a8-85ad-7a8c020845d3-TRN-EML-Source-RVLCDIP.png,0,0.9995484948158264,real
72896c2a-e7f7-5535-b41b-2a30fe5c6e38-TRN-RCT-Source-FIN.png,0,0.1513107270002365,real
72a7d89a-4a7d-5a07-9c67-bb07f7c206a0-TST-RCT-Source.png,0,0.9082323908805847,real
72f0352e-600a-540e-ba0e-a1c594cb6100-TST-RCT-Source-CORD.png,0,0.038789160549640656,real
73392f67-c439-5410-b9fe-5584ce85cca5-TST-EML-Source.png,0,0.9016328454017639,real
733f1aca-0403-571e-a6c2-f6a667739859-TST-RCT-Source-FIN.png,0,0.5507258176803589,real
73593f62-96b6-5ec3-933f-90e225e3240c-TRN-RCT-Source.png,0,0.051134999841451645,real
735988e2-b17e-564f-bae9-41112e7f9a13-TRN-DOC-Source.png,0,0.9483599662780762,real
735b4ec7-8e1e-52dc-9e16-b0a9cf8541f1-TRN-DOC-Source.png,0,0.433215856552124,real
735f0141-080d-52c5-987c-68753bac6633-TRN-EML-Source-RVLCDIP.png,0,0.7856191992759705,real
7372b10f-ecff-5c2e-a116-6098eb5dd05d-TST-RCT-Source-CORD.png,0,0.18403424322605133,real
73795ffd-ab59-5fb6-b189-a2c8d71923a6-TRN-DOC-Source.png,0,0.20886828005313873,real
7392ff92-c2f2-5748-8cc6-3e6b10293307-TRN-RCT-Source-CORD.png,0,0.6314235925674438,real
739359f5-b9de-5d01-8cb0-a7e9c04fb6e6-TRN-RCT-Source.png,0,0.4872741103172302,real
73b51c1f-cd9b-5378-8a10-f88fc2a67214-TRN-DOC-Source.png,0,0.42313623428344727,real
73dd7bd3-4cdc-55c3-a355-2f292b10c853-TRN-EML-Source-RVLCDIP.png,0,0.7387996912002563,real
73e2b41c-a2a9-58a7-b85c-252a9db76aaf-TRN-RCT-Source-FIN.png,0,0.1586049497127533,real
73e83fd8-6ae6-5d24-b401-d2b8f2f87edd-TRN-RCT-Source.png,0,0.21699360013008118,real
7407f3c1-44be-52ef-8448-3cf3cc8ddb05-TRN-RCT-Source-CORD.png,0,0.009087136946618557,real
74569f58-e7f6-5a7a-a265-1536a90ef83a-TRN-EML-Source-RVLCDIP.png,0,0.8846890926361084,real
7469803f-c3bb-5264-b583-5ef07cd8b029-TRN-RCT-Source-CORD.png,0,0.0029451025184243917,real
74796875-6e4c-5e38-b653-6cf486f7c974-TST-RCT-Source-FIN.png,0,0.1630234718322754,real
74a80e0c-89ad-50e0-8756-b0e9fd392628-TRN-RCT-Source-FIN.png,0,0.5826035737991333,real
74afb55d-e5e2-5b9c-bfbc-5c59d53b9633-TRN-RCT-Source.png,0,0.020672520622611046,real
754a11a5-cb6b-5f7e-a6d3-45125e17d61d-TRN-EML-Source-RVLCDIP.png,0,0.3908607065677643,real
7558ec09-2e45-5657-b309-0a7b31208822-TRN-RCT-Source-CORD.png,0,0.9948875308036804,real
7575f1c5-6c24-56d3-bcbc-c6041c5a6d88-TRN-EML-Source.png,0,0.7927513718605042,real
7586ba6b-4e49-5346-a8b3-6b6d09fed266-TST-RCT-Source-FIN.png,0,0.047781407833099365,real
759f8ab4-121c-5faa-8acf-d6f866b6f375-TRN-RCT-Source-FIN.png,0,0.7241459488868713,real
75c95245-2741-54e5-9341-b8b2f6e976c1-TRN-RCT-Source-CORD.png,0,0.41307175159454346,real
75dad685-f125-5898-986a-f8c865d04520-TRN-RCT-Source-FIN.png,0,0.00015471511869691312,real
75f6e806-cffa-5358-81a3-99f1fed9ca38-TRN-RCT-Source.png,0,0.7484626770019531,real
7616d221-d8e3-5fe8-9fd0-ad89d0a236d8-TRN-EML-Source.png,0,0.8037793040275574,real
763b9e2c-6032-50de-a9fc-dc3a8421a2d0-TRN-EML-Source.png,0,0.6552093029022217,real
76517bc2-686d-56e2-a177-6e97edcf5915-TRN-EML-Source-RVLCDIP.png,0,0.5973333716392517,real
76d2c442-dfe5-5038-a75d-c89baac9e1d9-TRN-RCT-Source.png,0,0.060683928430080414,real
76d3d24a-65af-5518-8fdb-8204feeda102-TRN-RCT-Source-CORD.png,0,0.08813722431659698,real
76d662a8-6780-5125-8757-462d61e8cd27-TRN-RCT-Source.png,0,0.19504030048847198,real
76fc0bbe-12d7-5047-b167-db1d6c0b7559-TRN-EML-Source.png,0,0.8684707880020142,real
770824bb-8d5d-532f-a2dc-87df1ad8ece4-TRN-RCT-Source.png,0,0.09973102807998657,real
7716bd58-5abf-5ede-b667-99a7c377a03c-TST-RCT-Source.png,0,0.20668502151966095,real
772cfab1-e4de-5e8b-add8-35331709b439-TST-DOC-Source.png,0,0.8446372151374817,real
7751f7c6-55d0-5988-b102-0f708a74af72-TST-DOC-Source.png,0,0.6093751788139343,real
775a9ad6-329f-5055-918a-4d6a3ed5673b-TRN-DOC-Source.png,0,0.3707519471645355,real
775b41d6-6e45-51f5-b675-b89e8a2dfa9e-TRN-DOC-Source.png,0,0.01821514591574669,real
777aee84-2bb3-5822-be33-170439dd7c1a-TST-EML-Source.png,0,0.2203865945339203,real
777b4140-e4f0-5d33-b94b-568fda443bfc-TST-DOC-Source.png,0,0.30648624897003174,real
77885293-ddc4-569d-9007-0c187e795f3b-TST-EML-Source.png,0,0.753725528717041,real
77ee2615-87d2-5830-a715-84f4e9b81ef7-TRN-RCT-Source-CORD.png,0,0.01785122975707054,real
780f79f4-0266-5552-83ca-abd66f9263ef-TST-RCT-Source-FIN.png,0,0.5948656797409058,real
78103c5d-715a-5f2a-97db-fef47a8498b6-TST-DOC-Source.png,0,0.44857966899871826,real
7817a5f7-bd6d-5187-847d-d363fa22841a-TRN-EML-Source-RVLCDIP.png,0,0.6754654049873352,real
78447e4d-dd26-5fee-9209-51e9e41a50c4-TRN-EML-Source-RVLCDIP.png,0,0.9447489976882935,real
786af51e-1be4-5c17-a77d-08fe84164bd3-TRN-DOC-Source.png,0,0.7736449837684631,real
787c53c2-1ad3-5683-87c5-646de7739e76-TRN-RCT-Source-FIN.png,0,0.0002145194448530674,real
78bfe680-fb7d-5984-96a6-ddd59e2693f7-TRN-EML-Source.png,0,0.7344152927398682,real
791319af-a197-5e73-a0f8-0a90ccfc704c-TRN-EML-Source-RVLCDIP.png,0,0.7095798254013062,real
79303e7b-1c7e-5e2c-b82b-5ecbd46cb4cc-TRN-EML-Source.png,0,0.906211793422699,real
79faa5db-4bcc-5971-899a-17d721d5681a-TRN-DOC-Source.png,0,0.6806560158729553,real
7a014b48-5617-560a-b138-d0c19d8f95a8-TST-RCT-Source-CORD.png,0,0.08187742531299591,real
7a01de61-9220-5fd3-b2bd-d4a6502d1efa-TRN-RCT-Source.png,0,0.9770583510398865,real
7a066207-1089-5b61-8004-1f57baf8d78b-TRN-DOC-Source.png,0,0.6199036240577698,real
7a0d5c4c-27a2-5506-9e56-c9ee795c6d03-TRN-RCT-Source.png,0,0.571114718914032,real
7a186140-3afe-56f3-9f24-2dfb32eb5fab-TRN-RCT-Source-CORD.png,0,0.8838606476783752,real
7a27f450-d1e7-5ea2-a2d8-c5a147dec8b6-TST-EML-Source.png,0,0.5740157961845398,real
7a3ff1ae-7722-5cb5-8d3a-500911a09ce5-TRN-RCT-Source-FIN.png,0,0.09673451632261276,real
7a5fcae6-5d39-5e4e-8795-d52ba5d6a250-TRN-RCT-Source.png,0,0.3766252100467682,real
7a7a2338-3878-5d6b-97b8-c7fb9590d3d6-TRN-RCT-Source-FIN.png,0,0.5461171269416809,real
7a93650d-e13e-56f7-b94c-e9d7e376734a-TRN-RCT-Source-FIN.png,0,0.987622857093811,real
7ab3274b-6d88-586e-a6d1-396f4dbea530-TRN-EML-Source.png,0,0.8907734751701355,real
7afbf3ae-9360-5bca-b428-955d6f146c7c-TRN-EML-Source.png,0,0.8238673210144043,real
7b0e1117-06f2-5575-b8d7-5068f5a93704-TRN-DOC-Source.png,0,0.018916815519332886,real
7b2de005-22f0-55f8-a8b7-334093b90da0-TRN-RCT-Source-CORD.png,0,0.04850772023200989,real
7b54a5c6-04df-5536-b125-94d0b6d525fc-TRN-EML-Source.png,0,0.5560321807861328,real
7b8195ac-c475-5246-9f53-1dc0557b072c-TRN-RCT-Source.png,0,0.05571505427360535,real
7ba86042-aca2-525c-8588-939b2d5a15b9-TRN-EML-Source-RVLCDIP.png,0,0.5696732401847839,real
7babbb73-70c0-5589-a9b4-e1605cd24ecc-TRN-RCT-Source.png,0,0.12082505971193314,real
7bb63333-8971-557d-8270-3ddcc69ab400-TRN-EML-Source.png,0,0.9000080823898315,real
7bc6196d-45b9-5d19-be44-f21601bfe475-TRN-EML-Source.png,0,0.9316074252128601,real
7bd10a4e-0721-5124-abd3-73eb439a619f-TRN-EML-Source.png,0,0.9460486769676208,real
7bd16226-00d0-5df0-a185-2b62247ad206-TRN-RCT-Source.png,0,0.3561457693576813,real
7c44a91b-89cc-59b5-8c9d-a51b2a5184c4-TRN-RCT-Source-CORD.png,0,0.7566753625869751,real
7c646909-675e-5092-a5ca-33a62c517fee-TRN-EML-Source-RVLCDIP.png,0,0.7026739716529846,real
7c6c344d-de2f-5152-a551-79a6c3564b6e-TRN-RCT-Source.png,0,0.9020390510559082,real
7c6ee06c-8c92-5335-bf96-59ea75f14f0f-TRN-EML-Source.png,0,0.6495119333267212,real
7cafcaaa-a68e-51f8-b0ed-415ab8d80d7e-TRN-RCT-Source.png,0,0.5507258176803589,real
7cb94fef-d5ad-52e2-8951-97f165010fe0-TRN-RCT-Source.png,0,0.9425204992294312,real
7d11da24-86f0-57c0-83cb-ea54b25ceea1-TST-DOC-Source.png,0,0.4406558573246002,real
7d522786-ec98-50e5-b31e-f58b5e4baf71-TRN-RCT-Source-FIN.png,0,0.48392048478126526,real
7dadaff6-faa0-5545-b2fa-00efc5e1679e-TST-EML-Source.png,0,0.5820528268814087,real
7dcb3fb5-fcc2-5dd9-8b1a-257bb6862436-TRN-RCT-Source.png,0,0.0097268121317029,real
7de41565-4686-5cbe-b9a4-0ddd23ff9c4d-TRN-RCT-Source-FIN.png,0,0.6599476933479309,real
7dec8452-dca1-55c2-bfeb-40fe34c27004-TRN-RCT-Source-CORD.png,0,0.06969793885946274,real
7e099bf1-1691-5c88-9db6-f962dd04aee5-TRN-RCT-Source-FIN.png,0,0.7636021971702576,real
7e2b6fc9-6f25-5ce4-83ed-262a7695f4ac-TRN-DOC-Source.png,0,0.20812150835990906,real
7e2d8d71-9149-5412-bd0d-56dd0885c1ed-TRN-RCT-Source-CORD.png,0,0.27869752049446106,real
7e3088ec-28bc-5616-9243-9a7e788e1a6e-TST-EML-Source.png,0,0.8478510975837708,real
7e400fa7-1712-5af2-ab58-964de9f83f61-TRN-RCT-Source.png,0,0.41744911670684814,real
7e543010-0ec7-5321-bffb-6b8e6cf90d2b-TRN-DOC-Source.png,0,0.18294377624988556,real
7e5892d7-ddb4-5e45-b1dc-a168e06a0bc8-TST-RCT-Source.png,0,0.5732085108757019,real
7e6468f4-d6a7-50fc-9d41-993fcd5d86a1-TRN-RCT-Source-FIN.png,0,0.03705457225441933,real
7e82f175-78c8-595a-aacd-12b33d15abff-TRN-RCT-Source-CORD.png,0,0.7746410369873047,real
7eb3c7b8-dee8-526b-a566-4ad2cd9d5575-TRN-RCT-Source-CORD.png,0,0.0007819944294169545,real
7ec117ea-f24a-5835-95f4-eeae8f815fde-TRN-RCT-Source.png,0,0.0028660912066698074,real
7ec15568-c9d7-5de5-90b5-1fccaed1c487-TRN-DOC-Source.png,0,0.3458918631076813,real
7ec6b496-8158-5523-a97d-fd560f2a47e2-TST-EML-Source.png,0,0.8352365493774414,real
7ed9be06-6617-5dbd-8fc6-af2a1bf3c6dc-TRN-DOC-Source.png,0,0.9539185166358948,real
7eeb6a8a-4c93-556e-b072-533225c4e003-TRN-DOC-Source.png,0,0.9701941609382629,real
7ef25f54-1d6d-5c80-888e-e6e0c16dac30-TRN-EML-Source.png,0,0.4804531931877136,real
7f16c91a-0ca9-56e7-9f1e-8843687d4cf3-TRN-RCT-Source.png,0,0.28079190850257874,real
7f8c978c-344c-52b5-9440-bd03e69cbe39-TRN-EML-Source.png,0,0.4939410984516144,real
7fa7ba07-35a6-5957-970f-ff616b48090f-TRN-RCT-Source-FIN.png,0,0.43831971287727356,real
7fafe14b-0e58-5e79-a940-27e3c40fdbd7-TST-RCT-Source-FIN.png,0,0.8613187670707703,real
7fb6c3ab-4417-5079-bac4-1aba33597850-TRN-EML-Source-RVLCDIP.png,0,0.8532296419143677,real
7fc64cc3-2ae0-53c6-b29d-f69ccda89b68-TST-RCT-Source-FIN.png,0,0.203628271818161,real
7ff0b5dd-a5bf-5591-a1f9-d547909f1b45-TRN-RCT-Source-CORD.png,0,0.04545898362994194,real
800847f3-7e9b-52b7-a024-5627b6097dac-TRN-RCT-Source-FIN.png,0,0.18369120359420776,real
802f4084-941e-51d5-b0fb-773b1660b700-TRN-DOC-Source.png,0,0.2393338978290558,real
80593f05-fc6e-59e5-8baa-82687c685420-TRN-RCT-Source-FIN.png,0,0.5181692838668823,real
8061d91f-373e-5d5b-9399-98994758d61f-TRN-RCT-Source-CORD.png,0,0.03693307936191559,real
806ae55e-a922-5118-b520-fc5eafba3561-TRN-DOC-Source.png,0,0.15056796371936798,real
806ee3ea-c13b-5628-92d0-60e3681137cb-TRN-EML-Source-RVLCDIP.png,0,0.7101696729660034,real
80972c16-d7c9-5cb6-b23b-3e1ffbc6725d-TRN-RCT-Source.png,0,0.5259653925895691,real
80b28d70-ba92-5490-bcfe-296f13482762-TRN-RCT-Source.png,0,0.0002247735537821427,real
80d71679-eaf5-59aa-aea4-5fa74c70d174-TRN-RCT-Source-CORD.png,0,0.00030221237102523446,real
80d88cbf-a290-56f3-8812-6b2a9a54ad0a-TST-DOC-Source.png,0,0.6090911626815796,real
813a6200-a3e2-541c-984b-90056bad4811-TST-EML-Source.png,0,0.8741108179092407,real
81411c43-5c5a-5447-8bc5-c5f0d11524ca-TRN-EML-Source.png,0,0.9022111892700195,real
814aebc0-bcb1-5c71-839e-f30951f9b4bf-TRN-EML-Source.png,0,0.7436926960945129,real
817747d8-20fc-58db-9dcd-7bad0e8ddfde-TST-DOC-Source.png,0,0.1862867921590805,real
81859b51-d379-53f3-8625-196f3a22092e-TST-RCT-Source-FIN.png,0,0.14215387403964996,real
81d05c33-f96f-523d-8f6a-386679a07e02-TRN-DOC-Source.png,0,0.7035194039344788,real
81fc15ca-d275-50c4-9771-ee15edd405b3-TRN-EML-Source-RVLCDIP.png,0,0.5198208689689636,real
8209e291-8ed2-5f87-b95f-329f19256b0f-TST-RCT-Source-CORD.png,0,0.10711818188428879,real
820d4466-ec0a-53d9-b0d8-d5876df3ff8a-TRN-EML-Source-RVLCDIP.png,0,0.8458647131919861,real
822477a3-6a38-5918-a8b2-446cab8eedd0-TRN-RCT-Source-FIN.png,0,0.3216079771518707,real
823e7dfd-ccdc-5c8d-9a86-73a7f840f867-TRN-RCT-Source-CORD.png,0,0.00012935460836160928,real
824c5041-82ff-5487-a53e-f3ace44a54a1-TRN-EML-Source-RVLCDIP.png,0,0.1913978010416031,real
8269f7a8-a422-5915-8286-34539076d7d1-TRN-RCT-Source.png,0,0.2946576178073883,real
826d6610-44c3-5bab-8e3d-0861e17ea485-TST-RCT-Source.png,0,0.07176748663187027,real
82ae35d0-b91f-5986-99ae-66c483cdee04-TRN-EML-Source-RVLCDIP.png,0,0.8055621385574341,real
82cf38c3-b114-5acd-8789-08ec495f3868-TRN-RCT-Source-FIN.png,0,0.8599316477775574,real
83355e92-34ba-5433-9fdd-340c4f1f8e89-TST-DOC-Source.png,0,0.642889142036438,real
833e54c4-6440-555a-9345-6518d5cb5786-TRN-RCT-Source-CORD.png,0,0.012730436399579048,real
8340178c-ca67-598f-ad73-65ad87543df5-TRN-RCT-Source.png,0,0.9672269821166992,real
8374f14d-42be-5dd6-afb4-21d5e4b66518-TRN-EML-Source.png,0,0.4262743294239044,real
8389191f-7f4b-5a5b-a1d4-cf50fcc808d7-TST-RCT-Source.png,0,0.09126054495573044,real
83b074d3-7c9b-51d1-bbcf-ae0651322cbd-TRN-EML-Source-RVLCDIP.png,0,0.36079251766204834,real
83d093c1-fe7d-524a-bc40-87cf285202ac-TRN-RCT-Source-CORD.png,0,0.00023589842021465302,real
83eab61f-1152-59af-92d0-aac8dffe29ca-TRN-EML-Source.png,0,0.9567689895629883,real
846da017-e945-5259-b3f4-266b601667b4-TRN-EML-Source-RVLCDIP.png,0,0.799577534198761,real
848fa9b4-d69d-5785-b157-acb8cd5d4351-TRN-RCT-Source-CORD.png,0,0.02019573748111725,real
84b48596-72ab-521e-83fe-106c5809a2a4-TRN-EML-Source.png,0,0.3741811513900757,real
8510c265-ddd8-5311-8730-761d789a6e98-TRN-EML-Source.png,0,0.8644031286239624,real
8511454b-aab6-518d-8e2a-8441e18b5af1-TRN-RCT-Source-CORD.png,0,0.000782806717325002,real
85852f56-e7e2-5f49-8c2c-26beeb3ce2cd-TRN-EML-Source-RVLCDIP.png,0,0.4965721666812897,real
85c7764e-5a0f-50c9-b8bf-bfb807f70d0a-TRN-RCT-Source-FIN.png,0,0.15804429352283478,real
85e64de5-56a7-5a66-8fd4-d162f2ba173b-TRN-EML-Source.png,0,0.8962989449501038,real
861a6683-788e-5593-bbfb-5af78379e83c-TRN-RCT-Source-CORD.png,0,0.31226691603660583,real
8659f414-958c-5fc3-b613-8f3d55475a2b-TRN-DOC-Source.png,0,0.12130437791347504,real
8674c07a-cf3a-5969-b820-ba1a5a707fb4-TST-EML-Source.png,0,0.7764084339141846,real
8676da29-6f60-58c6-be43-d3301b1625c9-TST-RCT-Source.png,0,0.30967214703559875,real
8689e4f9-9ce6-57e0-82e6-6c6f06528775-TRN-RCT-Source-CORD.png,0,0.021615568548440933,real
868dfad9-0d68-5230-81b7-f6f733260fb5-TST-EML-Source.png,0,0.886139452457428,real
86a941b3-183d-5249-9c9a-ba1a473fcbfd-TRN-RCT-Source-CORD.png,0,0.0019188757287338376,real
86c6611d-1192-5cfc-9ce5-c7405f19566a-TRN-EML-Source.png,0,0.905102550983429,real
86cc4be3-0140-5d12-b73d-904acae8f943-TRN-RCT-Source.png,0,0.10631705820560455,real
8700d5ff-0067-59eb-b57d-b7c61037ac00-TRN-RCT-Source.png,0,0.24355052411556244,real
874a7edf-ccd9-5b2d-b2c0-a46919d6eca8-TST-RCT-Source-FIN.png,0,0.21316364407539368,real
87b1eab2-29f7-58b6-85cf-f4ae77e26e6b-TRN-EML-Source-RVLCDIP.png,0,0.6345284581184387,real
87cebe55-8e71-5756-b40e-660f36aeab0c-TRN-EML-Source-RVLCDIP.png,0,0.3855471909046173,real
87d68277-c7e3-54d1-8092-164c7aa5fc6a-TRN-RCT-Source-CORD.png,0,0.0016935113817453384,real
87e0e1ae-2b9a-5ffe-aae8-7813146d3376-TRN-EML-Source.png,0,0.8937015533447266,real
87e20ba0-69e6-54a7-9d54-0c04fc6cfbe4-TRN-RCT-Source.png,0,0.002128196880221367,real
8801056d-d030-5da7-851c-7500ff8b973c-TRN-EML-Source.png,0,0.8721009492874146,real
8814274e-0037-5dc2-9c84-97d3b3bce810-TRN-RCT-Source-CORD.png,0,0.7959007620811462,real
888e018b-7126-5601-9174-9c02f15fa84c-TRN-DOC-Source.png,0,0.024945182725787163,real
88ae4d75-15d5-519c-98b9-9c910a4f2dbc-TRN-RCT-Source-CORD.png,0,0.9105955958366394,real
88c636c6-9a85-5bea-b628-46f2d5039408-TRN-EML-Source.png,0,0.6399531364440918,real
88ca3a29-a423-5c05-b29e-766a8ad93312-TRN-EML-Source-RVLCDIP.png,0,0.5036933422088623,real
88d778f5-cec2-5096-9f08-9784d06f609b-TRN-RCT-Source.png,0,0.2601289749145508,real
88e8e9d0-3b6a-5750-ba05-b707b6b6c261-TRN-RCT-Source.png,0,0.35205867886543274,real
88eac9f8-5573-51b8-ae89-b421eace9edd-TRN-RCT-Source-FIN.png,0,0.16909922659397125,real
8906e0ce-bebb-558d-8787-4874829c1a4e-TRN-RCT-Source.png,0,0.048183146864175797,real
89147a16-cbca-51f2-aa7e-413f2fff63a1-TRN-EML-Source.png,0,0.6305390000343323,real
892d99ac-3bde-52f9-9803-1d804ac4863e-TRN-RCT-Source-CORD.png,0,0.002015418838709593,real
8971cba0-1f53-5cf2-83bf-50366d33839e-TRN-RCT-Source-FIN.png,0,0.5804453492164612,real
8986ef78-a492-5073-9129-cf3e0be58458-TRN-RCT-Source-CORD.png,0,0.7726296186447144,real
89a53335-ab67-5dce-a62a-0a74ef9485c0-TRN-EML-Source-RVLCDIP.png,0,0.5455275774002075,real
89a5a2e7-d88b-5db7-a3f5-4dcc56f9ace3-TRN-EML-Source-RVLCDIP.png,0,0.8043308854103088,real
89b601a5-4e6e-56a5-8117-09c7f762b719-TST-RCT-Source-CORD.png,0,0.055644337087869644,real
89ffc1e3-866b-571b-9d0f-05f921ba3624-TRN-EML-Source-RVLCDIP.png,0,0.3550169765949249,real
8a0bafe4-a826-5782-848a-17df811f833e-TRN-DOC-Source.png,0,0.539813220500946,real
8a13d116-f2a3-51e0-87bc-ee39d6fced41-TRN-EML-Source-RVLCDIP.png,0,0.5409460067749023,real
8a2bc3b0-bb7b-5635-ab16-04fc8edc0d6c-TRN-RCT-Source.png,0,0.37254029512405396,real
8a4411d9-0d7f-59d3-85e9-857a24c816c0-TRN-RCT-Source.png,0,0.8568910956382751,real
8a51199c-1025-52d4-af4a-4c3db9e8da6f-TST-RCT-Source.png,0,0.023346491158008575,real
8a622b00-a8c7-546f-a7f7-7c7b9bfda591-TRN-EML-Source.png,0,0.9012975692749023,real
8a89c900-6457-5880-aa15-17e993543496-TRN-EML-Source.png,0,0.7709580063819885,real
8aae21b4-1620-50a9-857b-bdbdb3a24cd7-TRN-RCT-Source-FIN.png,0,0.42700785398483276,real
8ac34f05-6204-5b59-8a72-00beb15264ba-TRN-DOC-Source.png,0,0.3047678768634796,real
8acc472e-af2c-522e-9850-036c882b1b3f-TRN-RCT-Source-FIN.png,0,0.19717299938201904,real
8b002c4d-ce7d-5c8e-a123-4d89aa15c68e-TRN-DOC-Source.png,0,0.9505768418312073,real
8b035447-6cbe-5720-bf60-718f74eb5441-TRN-RCT-Source.png,0,0.47342801094055176,real
8b0b14da-f928-535c-b25c-f5ac430c1922-TRN-EML-Source.png,0,0.5730254054069519,real
8b3698e2-1b00-5ca1-afb2-7072cca521ac-TRN-EML-Source.png,0,0.5599119663238525,real
8b493500-c7aa-5aee-bc81-d6e11d9568b1-TRN-RCT-Source.png,0,0.4184529185295105,real
8b49c52d-8033-530b-842c-fd88a7997826-TST-RCT-Source-CORD.png,0,0.012690877541899681,real
8b57e5ca-88d8-551f-b11e-59e551269599-TRN-EML-Source.png,0,0.7790628671646118,real
8b9afec0-2269-54c7-bfd7-fa0bc315e886-TRN-EML-Source-RVLCDIP.png,0,0.9560160636901855,real
8babb7b3-8267-5827-873d-3aec9208f58c-TRN-EML-Source.png,0,0.714821457862854,real
8be150f4-75ee-5d3a-98fc-a6e91fe2a368-TRN-RCT-Source.png,0,0.22659832239151,real
8bf605c1-40ee-5431-a6fb-0f26196aca40-TRN-EML-Source-RVLCDIP.png,0,0.7727782130241394,real
8c0e9c51-1f90-513e-92e4-9a1d0c60c3f0-TRN-RCT-Source.png,0,0.4656524658203125,real
8c5dbc3b-627f-5d6c-b702-67bd7cd1d02e-TRN-RCT-Source.png,0,0.7636021971702576,real
8c968e85-238d-5730-aa17-392130bfcf98-TRN-RCT-Source-FIN.png,0,0.18023325502872467,real
8cb60d1d-647c-5c25-85ee-e568a128eac4-TRN-EML-Source.png,0,0.9078927636146545,real
8cb60fdf-22b9-503a-9c0d-ebc06ef3f95d-TRN-RCT-Source-CORD.png,0,0.992479681968689,real
8ce1f16d-083d-5908-872e-9ecd12f38c82-TRN-RCT-Source-CORD.png,0,0.00023649654758628458,real
8d4d08e1-d8a0-57ad-9cfe-2df2badd5af4-TRN-RCT-Source-FIN.png,0,0.3766252100467682,real
8da84977-e4e8-5434-80e7-0b965f6069d8-TST-RCT-Source-CORD.png,0,0.12013673037290573,real
8db3383c-b3ad-50a2-afe7-37dc3598669c-TRN-RCT-Source-CORD.png,0,0.011663180775940418,real
8dc220c5-4cb6-5490-9d9a-6c05795c2d9c-TRN-RCT-Source-CORD.png,0,0.028637869283556938,real
8de5e918-adec-51f4-87c4-b16213092763-TRN-RCT-Source.png,0,0.8327252268791199,real
8dfbbc84-b3ca-5696-b463-0015f0a8da87-TRN-RCT-Source-FIN.png,0,0.00794164091348648,real
8dfcdbe9-dc5a-556b-b972-80312b389335-TRN-EML-Source-RVLCDIP.png,0,0.5585941672325134,real
8e0065e6-ce5d-5450-9078-2d71d4035612-TRN-RCT-Source-CORD.png,0,0.0008244879427365959,real
8e6d9063-7cfb-541f-b033-ae31e2c40672-TRN-EML-Source.png,0,0.9245355725288391,real
8e81717c-ad36-5731-b368-757c486eb382-TRN-EML-Source-RVLCDIP.png,0,0.35743826627731323,real
8e9e1d68-2048-5a8b-9c39-905807b0c3d0-TRN-RCT-Source.png,0,0.9160612225532532,real
8fa4c6d9-16e3-5874-8a30-b868edabdfba-TRN-RCT-Source-FIN.png,0,0.9345974326133728,real
8fa541e3-0199-5289-85ea-5a9c3e28adba-TRN-EML-Source.png,0,0.9135071039199829,real
8fbd4171-ebff-58b1-a25a-dbe79b94334f-TST-RCT-Source-FIN.png,0,0.512817919254303,real
8fbf5054-60ec-5d73-9cde-2e5378868fd1-TRN-DOC-Source.png,0,0.274351567029953,real
8fc5501e-b167-501e-b9ba-c190db41795d-TRN-RCT-Source.png,0,0.4279273748397827,real
8fc66d90-d5d5-5fee-95ec-cc71df967318-TST-RCT-Source-CORD.png,0,0.8054184317588806,real
8ff670e2-0bd9-56dd-8002-ef5c7e1cdab9-TRN-RCT-Source-CORD.png,0,0.24308234453201294,real
900c81ba-67f5-55c7-8dd8-db45ccf4cd4e-TRN-RCT-Source.png,0,0.8348192572593689,real
90168ddc-a88f-5c23-890b-2feaf310e0a1-TRN-RCT-Source.png,0,0.7578852772712708,real
902c4a0c-1f95-5647-8dc6-63b1910c9fca-TRN-DOC-Source.png,0,0.10321233421564102,real
909c486c-c1a0-5f16-ab13-21e19410c52d-TST-RCT-Source-CORD.png,0,0.002013926161453128,real
9132e505-ae47-5ec1-99a3-4fcc213421b5-TRN-RCT-Source-FIN.png,0,0.4787808060646057,real
913adad5-c72d-554c-8b3d-7c034c641405-TRN-RCT-Source-FIN.png,0,0.04468841850757599,real
915b02f1-5e17-5898-875c-b92c9b201542-TST-DOC-Source.png,0,0.648300290107727,real
919a450a-2360-5316-a1f0-6db233a8f699-TST-RCT-Source-CORD.png,0,0.4756090044975281,real
91acf44a-7b75-549c-8926-4aeb840ae3ae-TRN-DOC-Source.png,0,0.8241158723831177,real
91b4849f-c820-503d-a903-01eafe5e7019-TRN-EML-Source-RVLCDIP.png,0,0.724385678768158,real
91b629f4-ed2d-54e0-b6e3-5e233fee2533-TRN-EML-Source-RVLCDIP.png,0,0.16173498332500458,real
91b67de8-bb74-5641-9b41-df25bd4ac297-TST-RCT-Source.png,0,0.2427166998386383,real
91b74bde-3a7f-5a7a-95d9-a2cec91be6a6-TRN-RCT-Source-FIN.png,0,0.001466250279918313,real
91f15e41-cb52-5baf-8f84-e5e84644e10f-TRN-RCT-Source-FIN.png,0,0.05383475124835968,real
920212af-09bf-5b4e-9de6-40ce8624686d-TRN-RCT-Source.png,0,0.5825700163841248,real
9236999f-bb9c-5a9a-928b-5c8a5165c625-TRN-RCT-Source.png,0,0.8641804456710815,real
9277b56b-bcc0-556b-a02a-5505cd8dbb03-TRN-RCT-Source-FIN.png,0,0.1770099550485611,real
927fb52a-4f5e-5b76-a3e1-236e08203d17-TRN-RCT-Source-CORD.png,0,0.6940969824790955,real
92a2e453-2dd6-5b66-93de-ee051aeef1ad-TRN-EML-Source-RVLCDIP.png,0,0.7574976682662964,real
92ee1f35-01ee-584f-b7b8-62d47253773d-TRN-EML-Source-RVLCDIP.png,0,0.7995285391807556,real
93173b27-8e49-58da-a329-cd5f7661cae1-TRN-RCT-Source-CORD.png,0,0.3858260214328766,real
932c706b-b08e-5497-8f12-6193e6fb4905-TRN-RCT-Source-CORD.png,0,0.0015766300493851304,real
932ef214-6f26-57d9-b8f5-a948d4cadbc9-TRN-RCT-Source-FIN.png,0,0.43515267968177795,real
93306385-5e3b-57e8-9ae2-b804a84e2b18-TRN-EML-Source.png,0,0.5729758143424988,real
933a1579-51a5-5a29-9433-eb689e745080-TRN-DOC-Source.png,0,0.6828667521476746,real
93431bd5-3e4f-5621-8fd0-97c95de23dbb-TRN-RCT-Source-FIN.png,0,0.9997631907463074,real
936de1f3-681c-5375-b477-de88f16a6a66-TST-RCT-Source.png,0,0.20426686108112335,real
9374e8fd-9b49-5ca0-8cf8-9ca4125f6852-TRN-RCT-Source.png,0,0.437838077545166,real
93ab2186-0898-564c-ba58-1d2c8472b980-TST-DOC-Source.png,0,0.28989025950431824,real
93bd285e-5a9d-5e0f-9838-94d1ded86663-TRN-RCT-Source-CORD.png,0,0.03242587298154831,real
93e57712-1f2b-5370-81db-42aecedb1d0b-TRN-RCT-Source-CORD.png,0,0.028163732960820198,real
93e9ef66-bf19-577b-9f9a-a52e42b26b70-TRN-RCT-Source-CORD.png,0,0.05664268136024475,real
93f9491a-3fba-5bcc-b815-2bb317962cb4-TRN-EML-Source-RVLCDIP.png,0,0.5142724514007568,real
9403ccb7-21bb-5692-af58-4df612e07067-TRN-RCT-Source-CORD.png,0,0.047679148614406586,real
942c6c28-df1c-5c2f-a02b-8a6a19d2751f-TRN-EML-Source-RVLCDIP.png,0,0.3887900114059448,real
944eb41c-25be-5a12-8cc1-45cf94399475-TRN-RCT-Source-CORD.png,0,0.6985483169555664,real
946a0849-0ed2-5d6b-a183-b87f320fbab3-TRN-RCT-Source.png,0,0.0038651477079838514,real
94710f44-6573-5262-9d1e-35efb1387450-TRN-EML-Source.png,0,0.6996755599975586,real
94ba6428-f442-5f4a-9065-400dfd44324e-TST-RCT-Source-FIN.png,0,0.11614926904439926,real
952c8fd8-1ada-56bd-84da-8ac9f4079cb5-TST-EML-Source.png,0,0.8845361471176147,real
95565ed1-bc2f-5442-bfe9-3f47358ab641-TRN-RCT-Source.png,0,0.4779338836669922,real
9578bc75-0b62-597c-ae1b-23739b735ab9-TRN-EML-Source-RVLCDIP.png,0,0.8596889972686768,real
9581491a-fbae-5715-b294-0398664e9124-TRN-EML-Source.png,0,0.46633249521255493,real
95d123b3-9c03-58e7-a24c-6399871d1dc7-TRN-EML-Source.png,0,0.7431954741477966,real
95df65e1-1ecb-5e4c-9816-94da970f0c36-TST-DOC-Source.png,0,0.4924333393573761,real
95ff8b67-e2f1-5bf2-9bd9-16836996f9a6-TRN-RCT-Source.png,0,0.21790875494480133,real
96205ecd-1822-5a55-bd1c-20782bd551a9-TRN-RCT-Source.png,0,0.08631636947393417,real
9642f3de-99e1-5bcc-a6bc-4f058b94d7ff-TRN-EML-Source-RVLCDIP.png,0,0.49386221170425415,real
965d1f21-322a-51f2-852f-a1547480fbba-TRN-RCT-Source.png,0,0.5606669187545776,real
9679fcc3-d13d-5918-ad00-95be2ae4e035-TRN-RCT-Source-CORD.png,0,0.0005068438476882875,real
96a20b6c-8a50-5bfd-af89-a1bf338693b1-TRN-RCT-Source.png,0,0.7330226898193359,real
96a4d02b-1728-5163-8697-5538f44c8776-TRN-EML-Source-RVLCDIP.png,0,0.9227783679962158,real
96f70c30-d41a-50bd-90a1-358821892ee9-TRN-EML-Source.png,0,0.8502910733222961,real
972bc2ea-7a0a-5544-a16a-e0e0a1ac1329-TRN-EML-Source.png,0,0.5800740122795105,real
974140f7-fd54-51ac-9db7-fd16803d865c-TRN-RCT-Source-FIN.png,0,0.7695280313491821,real
9766d02f-65e4-597a-9d1d-ae2f1c50fcfb-TRN-RCT-Source-FIN.png,0,0.8601258397102356,real
97c3eea9-2113-539d-97aa-9f8e1bae1f42-TST-DOC-Source.png,0,0.3162563443183899,real
97d6861f-c840-566d-8413-7b25612b5a5e-TST-RCT-Source-CORD.png,0,0.7655389904975891,real
97eececb-9156-5d7a-8985-89b49854fc56-TRN-RCT-Source.png,0,0.38442665338516235,real
981508b7-5aef-5f08-8d24-c43d3a4e75ab-TRN-RCT-Source-CORD.png,0,0.836915910243988,real
9819c6f0-019e-5b3b-b364-182e47efdee7-TRN-EML-Source.png,0,0.9203601479530334,real
984067eb-1ada-5f0b-9d8f-90f2ac911d9f-TST-DOC-Source.png,0,0.7872509956359863,real
985b71c5-93dc-536e-a3e4-51b8ae1ced7f-TRN-RCT-Source-CORD.png,0,0.9978801012039185,real
9880fd38-832f-5e59-92d7-785889b644b7-TRN-RCT-Source-CORD.png,0,0.8863657712936401,real
988d8c1b-dca7-5654-bff4-f92259dff997-TST-RCT-Source-CORD.png,0,0.004518211353570223,real
98c97e94-57bd-537e-9fb3-2456ad591fb9-TRN-EML-Source-RVLCDIP.png,0,0.6508662104606628,real
9923b066-dff8-5642-8d87-b4107835c816-TST-EML-Source.png,0,0.9264256358146667,real
9925602a-9458-5bdf-9dd5-329f022fa7a6-TRN-EML-Source-RVLCDIP.png,0,0.7074829339981079,real
9965468c-2820-57f1-ad1b-bf08211c02ac-TST-RCT-Source.png,0,0.05681344121694565,real
99906e64-6b50-59dd-b7ed-05f1cea70e3f-TRN-DOC-Source.png,0,0.03746173903346062,real
9993527d-cf9f-5cb6-a43c-e61337e5e6c8-TRN-EML-Source-RVLCDIP.png,0,0.3118565082550049,real
99cc17d4-31b2-5095-9d85-2707c206c3a5-TRN-RCT-Source-FIN.png,0,0.6312686800956726,real
99f807e0-cfde-539b-b0d2-8a6bd05b378a-TRN-DOC-Source.png,0,0.09497395902872086,real
99ff3ab5-371d-5275-b5a6-cb3495b3d9ae-TST-DOC-Source.png,0,0.34952548146247864,real
9a28a7cd-474f-5ed7-b773-b51ddbb8a777-TST-RCT-Source-CORD.png,0,0.010547233745455742,real
9a6072e5-a18b-5480-b4de-15810f0623b6-TRN-RCT-Source-FIN.png,0,0.043527424335479736,real
9a7901a4-5175-587b-915c-2a9a91f318c8-TRN-RCT-Source-FIN.png,0,0.29526323080062866,real
9a9de3ae-07c3-5e89-87fb-4d81d64d8361-TST-DOC-Source.png,0,0.311576783657074,real
9aa1c9b5-2b1d-58dd-8896-63154e65d406-TRN-EML-Source-RVLCDIP.png,0,0.8010908961296082,real
9acaf000-5f6b-5d83-8a58-6ae5e2129a94-TST-RCT-Source.png,0,0.00923454761505127,real
9ad253da-0d58-5a8d-b550-6c84b49a2842-TRN-EML-Source-RVLCDIP.png,0,0.4746861755847931,real
9ae5c911-52fc-5837-a78f-cb41041dbd76-TRN-RCT-Source.png,0,0.012185434810817242,real
9af4199f-b459-562f-83cb-b9b2d1908a56-TRN-EML-Source.png,0,0.8817625045776367,real
9af4c063-5558-5fa9-a055-1830fc14ee8f-TRN-RCT-Source-FIN.png,0,0.12082505971193314,real
9afd35da-6994-52a1-a054-029e3a9279fd-TST-RCT-Source-CORD.png,0,0.05190550535917282,real
9b476a67-a384-59f7-aeb1-e1166344c114-TRN-RCT-Source.png,0,0.1630234718322754,real
9b7c0420-a9a0-5f13-8d5a-723af397e3b5-TST-RCT-Source.png,0,0.08174128085374832,real
9b83e313-9edb-55ef-b436-fd0b3c9d0920-TRN-RCT-Source-FIN.png,0,0.0032968942541629076,real
9b8470d2-3dd3-5e9a-9caa-274795244dd3-TRN-RCT-Source.png,0,0.5821740627288818,real
9bb3208d-3ef2-5a20-b121-6017fc1c86fe-TRN-DOC-Source.png,0,0.7389785647392273,real
9bbb94c7-f6e7-54fa-8611-d7200644c9db-TRN-EML-Source-RVLCDIP.png,0,0.7110065817832947,real
9c02ef9b-9b5b-58d0-845c-348716377eb8-TRN-RCT-Source.png,0,0.30016568303108215,real
9c178b8a-9225-5f2a-bfe0-46940a63215a-TST-DOC-Source.png,0,0.21408337354660034,real
9c4dc28e-942d-5dda-a2d4-4627cdb70ffe-TST-EML-Source.png,0,0.6073501706123352,real
9c6af06b-8035-5f7f-aa91-4a14a7918fcb-TST-RCT-Source-FIN.png,0,0.011018667370080948,real
9cd90cb2-7f95-520f-8efc-7cff2178439f-TST-EML-Source.png,0,0.8524492383003235,real
9ceabfd0-1615-596a-a77e-80289a6cc2b0-TRN-RCT-Source-CORD.png,0,0.0002524737501516938,real
9d052e79-c13d-5754-8a19-4ce0ad3248c7-TST-RCT-Source.png,0,0.2726142704486847,real
9d08b28c-3821-5be3-b4fb-210e6c2a4bb8-TRN-EML-Source-RVLCDIP.png,0,0.45999762415885925,real
9d3d6c26-a092-5389-8061-16d637ddf207-TRN-EML-Source-RVLCDIP.png,0,0.9292592406272888,real
9d47969e-de19-534a-90e5-5f754fa49349-TST-RCT-Source-CORD.png,0,0.020026402547955513,real
9d479d30-057e-5b3c-8c14-de685ad9d4e2-TRN-RCT-Source-FIN.png,0,0.2995775043964386,real
9d8a8e56-2cd5-5cf6-8fab-e2c032030fef-TRN-DOC-Source.png,0,0.8443751335144043,real
9d917d8e-c584-51f7-9a8a-b5d2cd6ddfc8-TRN-EML-Source-RVLCDIP.png,0,0.3159271478652954,real
9d9edd5e-f091-58ea-8479-e10c1a9745dd-TRN-RCT-Source-CORD.png,0,0.0005615170230157673,real
9da771bb-1f06-5da4-b3e0-d3f256585b48-TRN-EML-Source-RVLCDIP.png,0,0.6635098457336426,real
9dbc86f7-72ed-5e62-a324-d9ab6e34a3f5-TRN-RCT-Source-FIN.png,0,0.2287064790725708,real
9dd1d574-a28b-5443-8500-03a457b8b618-TRN-EML-Source.png,0,0.5688941478729248,real
9de51f85-b69a-5df9-8a19-86c6cbafe548-TST-EML-Source.png,0,0.6064649224281311,real
9df55720-130f-5395-a460-97b1c1ba9654-TST-RCT-Source-CORD.png,0,0.5231385231018066,real
9e49881b-fbad-50e3-9c66-9e5fa6ecb7db-TRN-RCT-Source-FIN.png,0,0.055255938321352005,real
9e5e424d-9e3e-56ed-9746-c806c076a9c6-TRN-RCT-Source-FIN.png,0,0.0634036585688591,real
9e628249-4154-5862-8561-8b3eaa281d00-TRN-RCT-Source-FIN.png,0,0.08425924926996231,real
9e7335f3-7430-59d7-8488-91c85c28559e-TRN-DOC-Source.png,0,0.7527551651000977,real
9e850585-1065-5400-add8-73c668ee33c4-TST-EML-Source.png,0,0.6943004727363586,real
9e85f205-70fe-54e0-b5d5-0f55d870c2c2-TRN-RCT-Source-FIN.png,0,0.0033547189086675644,real
9eb3a04d-5a60-5370-905b-19555fcc0616-TRN-DOC-Source.png,0,0.7690185904502869,real
9efff3de-e8b2-5d0b-af10-b47839773ded-TRN-RCT-Source-CORD.png,0,0.14025236666202545,real
9f75136e-cb60-5bb1-825a-33bfce59e5b7-TRN-EML-Source.png,0,0.7855324745178223,real
9fd80c58-e466-5c3b-a02a-d367369e32ff-TST-RCT-Source-CORD.png,0,0.03087252750992775,real
9fdae870-ddc0-5cb0-b9a2-cd67ce2f4c98-TRN-EML-Source.png,0,0.8310157060623169,real
9ff4c80c-bac4-5fa3-a6f5-610d644a365c-TRN-DOC-Source.png,0,0.032317690551280975,real
a016572b-f7e5-5b84-8b3d-0fdabf5623d6-TRN-RCT-Source.png,0,0.6607933640480042,real
a05b71a7-8faf-5cff-a73d-f73717231e55-TRN-EML-Source-RVLCDIP.png,0,0.8490805625915527,real
a07a820b-eff8-5b19-afc4-836310e50a57-TRN-EML-Source.png,0,0.20119068026542664,real
a08631ac-f7f9-5fc1-9f5d-5f3571478ea0-TRN-RCT-Source.png,0,0.8239360451698303,real
a0f092af-c6bc-5e43-adc2-d776975feebc-TRN-RCT-Source.png,0,0.0020389617420732975,real
a0f91c02-c9f9-5c86-8a89-ae329a8dec53-TST-RCT-Source.png,0,0.11956792324781418,real
a105d0d8-fee2-5ea1-8a56-391385991330-TST-EML-Source.png,0,0.9437885880470276,real
a129e991-d1c7-592e-bec8-d3d2ad5af4a2-TST-RCT-Source-CORD.png,0,0.4953089654445648,real
a1343f54-55d2-5ebe-8cd6-13473dd19430-TRN-RCT-Source-CORD.png,0,0.025924138724803925,real
a14e1f53-804f-55c7-801b-2a0f3a41fb11-TRN-EML-Source-RVLCDIP.png,0,0.6345589756965637,real
a1706f11-6b92-5188-9cdf-8a125d7a0b0d-TST-EML-Source.png,0,0.819292426109314,real
a1727a5e-b234-56c6-a2c3-1b6e14c1b71c-TRN-EML-Source-RVLCDIP.png,0,0.6141828298568726,real
a17f26c5-d776-5527-bbb6-743b0f7bd54a-TRN-RCT-Source.png,0,0.04373782128095627,real
a17fc8df-baa0-54cb-901b-9dcfae9e4413-TST-EML-Source.png,0,0.5844642519950867,real
a1999cb4-821b-5cb2-83d6-f9d9d4d3d95f-TST-DOC-Source.png,0,0.6758050918579102,real
a1aba233-2ecc-5ecd-b75a-c4ac23ab5e29-TST-RCT-Source-FIN.png,0,0.5637813210487366,real
a1f21cfa-dd84-5729-87f9-fbb7f8cdcc03-TST-RCT-Source-FIN.png,0,0.3213258981704712,real
a207b33c-55b8-55a7-8b6c-ad882373dd78-TRN-EML-Source.png,0,0.9385144114494324,real
a208836b-6682-5bb2-a438-98a27d83aafb-TRN-DOC-Source.png,0,0.0032055003102868795,real
a21ac935-786f-5a42-8146-8ecfe4328435-TRN-EML-Source-RVLCDIP.png,0,0.2895880341529846,real
a2483a27-a849-5353-b387-800dfdcfc911-TRN-EML-Source-RVLCDIP.png,0,0.581575870513916,real
a272d484-5e79-551a-885e-cba6a64f65e7-TST-DOC-Source.png,0,0.38751253485679626,real
a28924e1-a51e-5679-9d1e-d93f3d7400a8-TST-EML-Source.png,0,0.8878705501556396,real
a296121f-cb98-5277-ba68-14a394b47d63-TRN-EML-Source.png,0,0.3302377760410309,real
a29dbdf8-3830-52b9-9b9b-6e82cb01d60e-TRN-RCT-Source-CORD.png,0,0.33337005972862244,real
a2c2110d-9772-50b5-a59a-48908bffaf6d-TRN-RCT-Source-CORD.png,0,0.6435657739639282,real
a2cb4627-6ef6-5d36-a792-0d66671f37a7-TRN-RCT-Source-CORD.png,0,0.630793035030365,real
a2fcb974-94fb-542f-ada2-787231bcad70-TRN-RCT-Source-CORD.png,0,0.045355647802352905,real
a344cb1a-391a-58eb-8a28-dedc1a12c2c5-TRN-RCT-Source-FIN.png,0,0.0747755765914917,real
a34ddfa4-1572-525d-b8f2-96be9785da98-TRN-EML-Source.png,0,0.5504330396652222,real
a3675bbd-7989-5a0c-a9dd-3d26b3611c9a-TRN-RCT-Source-FIN.png,0,0.05280259996652603,real
a39058e9-6694-5bd6-a79a-e338cf014eb8-TRN-RCT-Source.png,0,0.009849954396486282,real
a3ea37cf-c8c2-548d-a525-f01a2e133473-TRN-EML-Source.png,0,0.46285659074783325,real
a3ebb4a5-8f8d-5883-b015-2c2272c2a777-TRN-RCT-Source.png,0,0.03492586314678192,real
a3fa5ecd-56e2-55cf-b0e5-ae104d02a659-TRN-RCT-Source-CORD.png,0,0.00030042612343095243,real
a413c097-07d7-59ef-87db-ae614e8621ae-TST-RCT-Source-CORD.png,0,0.9995978474617004,real
a421e916-46a2-5847-ae26-233afa2c94b1-TRN-EML-Source.png,0,0.8227714896202087,real
a43cd280-0a40-5ce8-8ba5-2465e0f86649-TST-EML-Source.png,0,0.7391172647476196,real
a43eae05-8804-5e35-bf97-e43a45f31c99-TRN-EML-Source.png,0,0.9048582911491394,real
a4480a11-1282-53d0-9523-7b6fa944df15-TRN-EML-Source-RVLCDIP.png,0,0.29392653703689575,real
a46e92f4-469b-5a53-83c3-49953fe599a8-TRN-RCT-Source.png,0,0.05872301757335663,real
a4a6c8d0-af64-58e3-8698-cab4bce0a999-TRN-RCT-Source-CORD.png,0,0.9414330124855042,real
a4bd62ed-9f23-5bb3-8175-2d59b927ab1e-TRN-EML-Source-RVLCDIP.png,0,0.5216318964958191,real
a5106e6c-590c-558f-8568-e10d54791e91-TRN-EML-Source.png,0,0.6819964647293091,real
a51d60d0-db90-5d0c-b660-65853e5e1d2e-TST-DOC-Source.png,0,0.03933630511164665,real
a5528237-d3c7-5484-b5f3-e1a0b073333b-TST-DOC-Source.png,0,0.5981771349906921,real
a5691e99-117f-58d2-a15d-043cec038414-TRN-DOC-Source.png,0,0.846906840801239,real
a5776f52-2d1c-539c-aafa-346a075124d9-TRN-EML-Source.png,0,0.6878697276115417,real
a586e73c-24af-503d-b292-a5e30953acc0-TRN-RCT-Source.png,0,0.021485529839992523,real
a5bfd762-23ca-5d08-a325-31d06c32b714-TRN-EML-Source.png,0,0.7220128178596497,real
a60275d8-bd01-52e5-82f9-8520ef15a43b-TRN-DOC-Source.png,0,0.45683833956718445,real
a604420a-2ae6-5426-9c92-374247481780-TRN-RCT-Source.png,0,0.06810863316059113,real
a60f79a1-cfdf-55b8-89a4-d0d65b275014-TRN-EML-Source-RVLCDIP.png,0,0.4447157680988312,real
a64bc77a-3a98-5895-bbda-af6afa4301f1-TST-RCT-Source-CORD.png,0,0.0002103627339238301,real
a659469a-4c11-5af8-a8f2-2320060eddaf-TRN-DOC-Source.png,0,0.1580417901277542,real
a67404f7-cf6b-52be-bb60-103bc3e162a1-TRN-DOC-Source.png,0,0.8773024678230286,real
a686b64b-a63f-5930-9e3b-a79a5cf5db89-TST-RCT-Source-CORD.png,0,0.005419584456831217,real
a68a6e39-70ed-5f2e-9d7b-2a77e15366c5-TST-RCT-Source-CORD.png,0,0.7087029218673706,real
a6aeb4ca-4dc5-500c-90e6-46644d7922fc-TRN-RCT-Source.png,0,0.16654139757156372,real
a6b021ab-abc0-50c3-8db8-b5913541b14e-TRN-RCT-Source-FIN.png,0,0.19811955094337463,real
a6e31ea9-29e6-51c2-81f8-8b5476b38c3b-TRN-RCT-Source-CORD.png,0,0.0002042323467321694,real
a7060ac8-4764-5486-8e8d-be78b7b381dd-TRN-DOC-Source.png,0,0.287562757730484,real
a72a2e64-4385-5579-89cb-aa25c57f5429-TRN-DOC-Source.png,0,0.4362669587135315,real
a7473013-30f1-59d3-8207-016abf384b4a-TRN-DOC-Source.png,0,0.46826493740081787,real
a74d8243-2eec-51d0-89f0-4d92da67d4a9-TST-RCT-Source-CORD.png,0,0.4116992652416229,real
a77b0f1b-2d1f-5a57-b4dc-0c05f94b8bdc-TST-DOC-Source.png,0,0.9028275609016418,real
a7ac9ff2-244e-52f3-a5f1-fedd66047bc0-TRN-EML-Source-RVLCDIP.png,0,0.8291197419166565,real
a7b72be1-f054-5d98-b713-812253c62dc5-TRN-EML-Source-RVLCDIP.png,0,0.45338818430900574,real
a7e29cf5-78ee-5624-a526-09ff3816b547-TRN-RCT-Source-FIN.png,0,0.600637674331665,real
a846bf77-516f-54e5-9042-1fa6a21aa5b1-TRN-EML-Source.png,0,0.4146115481853485,real
a85d2e35-2aa8-554e-a1d0-f462b74fc482-TRN-DOC-Source.png,0,0.024010522291064262,real
a8756cec-5d2a-5be7-bd03-347925aa2006-TRN-RCT-Source-CORD.png,0,0.0723249539732933,real
a89a6fbb-07f4-5dc1-9570-5e0ed5f3ce77-TRN-EML-Source.png,0,0.7626747488975525,real
a89f245f-feb5-549d-8171-662c1b631562-TRN-RCT-Source-FIN.png,0,0.511557400226593,real
a8a17595-f500-5012-b990-53b55599b7a1-TST-RCT-Source-CORD.png,0,0.0002267917589051649,real
a8bffb5d-1c9f-54f5-aff0-045a1de28de5-TRN-DOC-Source.png,0,0.07200367748737335,real
a8deafab-6876-580b-8784-862d8e1027cc-TRN-DOC-Source.png,0,0.020221730694174767,real
a8f24a5d-a08a-5c79-ac8e-ec2377e7b25a-TRN-EML-Source.png,0,0.1249939501285553,real
a96424b7-a187-590b-9f74-d8acac1829c6-TST-RCT-Source-FIN.png,0,0.22100023925304413,real
a9763fa6-4fbe-5196-9a3b-a0be5e4be0ea-TRN-EML-Source.png,0,0.8455100655555725,real
a98efd95-bdae-5373-aa97-b336a037d7d1-TRN-EML-Source-RVLCDIP.png,0,0.544991135597229,real
a9a0a6ca-4e64-507a-b0ab-b33a350f3284-TRN-DOC-Source.png,0,0.7568882703781128,real
a9a0ccaf-d366-5f1f-b5d2-42b12a9bf6d4-TRN-RCT-Source.png,0,0.5687131881713867,real
a9a24b8b-91e5-54ee-9c0b-175dfb0d67f9-TST-EML-Source.png,0,0.7466402649879456,real
aa153652-ecd5-50fe-a211-7a06a06b0ce6-TRN-RCT-Source-CORD.png,0,0.15507818758487701,real
aa2ce706-1b21-5387-a210-b179426df8e4-TRN-EML-Source.png,0,0.8917325139045715,real
aa2f45cc-bd52-5ea9-8813-447e743d928c-TRN-EML-Source-RVLCDIP.png,0,0.428182989358902,real
aa475974-f0ad-5fee-954b-7d1070ced1e8-TST-RCT-Source-FIN.png,0,0.15065798163414001,real
aa4e2647-41b0-50e0-b1c7-76a5c09683e4-TRN-RCT-Source-CORD.png,0,0.5086158514022827,real
aa5ae711-b2cd-517e-aaeb-bffe0fa050de-TST-RCT-Source.png,0,0.3355569839477539,real
aab62693-d850-55d4-a95a-e7f68c6db354-TRN-RCT-Source-FIN.png,0,0.9552832841873169,real
aabd12cf-ea92-5acf-890a-85b6f3f195d5-TRN-EML-Source.png,0,0.9604330658912659,real
aaf2ba67-bbbb-58aa-961c-6933bd991766-TST-RCT-Source-CORD.png,0,0.1184498593211174,real
ab26e3b4-b71a-5979-a2a5-b8dd7c042c4e-TRN-RCT-Source-CORD.png,0,0.15305757522583008,real
aba6c7d2-3ec8-57d2-80ad-cb504b3a9245-TRN-RCT-Source.png,0,0.3696490228176117,real
abb8579f-7e13-5f1b-b23e-ac6059d496df-TRN-RCT-Source.png,0,0.19294777512550354,real
abc46cb2-119c-5422-908d-4250cbec1ce3-TRN-EML-Source.png,0,0.8229011297225952,real
abcd5fc4-d9b9-52de-9d34-bf6580be940c-TRN-EML-Source.png,0,0.9456706047058105,real
abdfbcaf-c7dd-578c-87e2-60681db87a64-TRN-EML-Source-RVLCDIP.png,0,0.5489209890365601,real
abe42e2c-9d67-5374-83d6-063392524d2a-TRN-EML-Source.png,0,0.8650808930397034,real
acacb53c-5918-5faa-b505-fba94ecfcf8b-TRN-EML-Source.png,0,0.4048701524734497,real
acfcae30-04bf-5ac3-b7f6-9dd0d847747c-TRN-RCT-Source-CORD.png,0,8.341390639543533e-05,real
ad0f7205-fdcd-553b-8609-0bffb93568af-TRN-RCT-Source-CORD.png,0,0.7704938054084778,real
ad40ca9b-4001-5236-a152-40113e755120-TST-RCT-Source.png,0,0.07272234559059143,real
ad9a1510-4141-587b-9f2d-97c714f52135-TRN-EML-Source-RVLCDIP.png,0,0.9187231063842773,real
add4b2eb-58f5-5ce6-a6b0-f5c0b3cda9ec-TRN-RCT-Source-CORD.png,0,0.13332296907901764,real
addec8d5-4c5a-52ed-9500-796225478e41-TRN-RCT-Source.png,0,0.47334542870521545,real
ade76647-6fbb-5daa-aded-de649cda7238-TRN-RCT-Source.png,0,0.3234981894493103,real
ae47f849-a2ce-5af7-9e25-1c3db7f76998-TRN-RCT-Source-CORD.png,0,0.6521055102348328,real
ae9129f9-5e5c-557a-977c-c5d4a7a8b540-TRN-RCT-Source.png,0,0.012670209631323814,real
aea4b90a-845f-56ac-9dc1-fe73889a2f35-TRN-RCT-Source-FIN.png,0,0.05571505427360535,real
aebddf6b-0634-51c7-ae9d-048843ed3e51-TST-RCT-Source-FIN.png,0,0.01649443246424198,real
aed35e3f-ade0-56fe-8abb-dae730288d50-TRN-DOC-Source.png,0,0.08039119839668274,real
aee282c1-85f6-5104-8aff-a5908a0687b0-TRN-EML-Source-RVLCDIP.png,0,0.8208541870117188,real
af0db940-c0be-5d37-9d10-9ee6c2c6aa85-TRN-RCT-Source.png,0,0.22623513638973236,real
af1a564d-b030-5969-a1ce-1930cdf56379-TRN-EML-Source-RVLCDIP.png,0,0.927382230758667,real
af3e417e-975e-5e55-af82-fa330ef67ca8-TST-DOC-Source.png,0,0.441437304019928,real
af50add3-fad9-5ae9-9cc3-53ee8738cb27-TST-RCT-Source-CORD.png,0,0.794660210609436,real
af8febf3-e3db-510d-814d-4e54aa302b69-TRN-DOC-Source.png,0,0.5720758438110352,real
af968c8b-49b7-57cd-b18a-b5621d3dbad3-TRN-RCT-Source-FIN.png,0,0.1455119550228119,real
af9e5033-36cc-5798-b0a6-b84caae4e6e8-TRN-RCT-Source-FIN.png,0,0.01718870736658573,real
af9f0d25-d716-500b-9861-4950641e80c2-TST-DOC-Source.png,0,0.8056585788726807,real
afb8e040-cb4f-50a6-8d9a-b77923687763-TST-RCT-Source.png,0,0.5445178747177124,real
afba771b-9aa6-5d30-a398-e83b5a7c9db1-TRN-DOC-Source.png,0,0.2728658616542816,real
afef15c7-72a1-57ff-8f2f-86840255f18d-TST-RCT-Source-FIN.png,0,0.3174501657485962,real
aff8005c-e860-5b45-954e-b9d8afcc8070-TRN-EML-Source-RVLCDIP.png,0,0.28315871953964233,real
b013a3b0-ef02-5815-8983-08ec9d981a84-TRN-EML-Source.png,0,0.8128362894058228,real
b02b002b-554a-5bec-9814-ceb66fd14413-TRN-DOC-Source.png,0,0.19214411079883575,real
b0413a12-b1c3-5419-b10a-c34d472519c4-TRN-RCT-Source.png,0,0.1586049497127533,real
b04dbdf4-3263-593d-a94f-3fda0f390729-TRN-RCT-Source-FIN.png,0,0.6029486656188965,real
b09ae811-0c15-5fda-831a-7afe00f4f170-TRN-RCT-Source-CORD.png,0,0.09697838127613068,real
b0abfb89-9ca8-5401-aa39-a0fb350b602c-TRN-RCT-Source-CORD.png,0,0.27516865730285645,real
b0c16029-cbaf-5421-afa0-5d92ade1929e-TRN-EML-Source-RVLCDIP.png,0,0.5887806415557861,real
b0c587bd-7154-5571-81b1-80541068dfcb-TRN-RCT-Source-FIN.png,0,0.05733746290206909,real
b0d60ff7-8e49-515a-b969-f9fde97ddd18-TRN-EML-Source.png,0,0.8931900858879089,real
b140df08-d587-5588-a881-89af909ab432-TRN-EML-Source.png,0,0.8434525728225708,real
b142ada1-be5b-5584-be31-31ae90d62617-TST-RCT-Source-FIN.png,0,0.051828447729349136,real
b147d329-8f67-51e4-a5f2-c63d7bb8a6b3-TRN-RCT-Source-CORD.png,0,0.4903511703014374,real
b17c2556-b75d-524f-94ed-564e12614208-TRN-RCT-Source.png,0,0.19912533462047577,real
b1a73d2c-4f0a-570e-aceb-fddfeeeea10f-TRN-EML-Source.png,0,0.5647496581077576,real
b1e67902-09e6-5e11-9335-4c8b15991f2e-TRN-EML-Source-RVLCDIP.png,0,0.5580511093139648,real
b203bae6-bbbf-5d90-827e-d8f905333eb0-TRN-EML-Source-RVLCDIP.png,0,0.7729288339614868,real
b2058746-bbd9-508b-a611-88e81b7f134a-TST-RCT-Source-CORD.png,0,0.04385173320770264,real
b20c6e9b-002b-5022-b3b7-f8224d444b7c-TST-DOC-Source.png,0,0.806195080280304,real
b2125e7a-6ca2-5ad3-a0c9-87f744368e89-TRN-EML-Source-RVLCDIP.png,0,0.7992876768112183,real
b22da2e5-742e-5b1a-ab43-f4ef247fea8a-TST-RCT-Source-FIN.png,0,0.002114427275955677,real
b25a8a01-d14b-5db1-84d4-fd631fbbeee4-TRN-EML-Source-RVLCDIP.png,0,0.49982917308807373,real
b2804c38-b066-5167-ae24-68cdb4efc553-TRN-EML-Source.png,0,0.8357210159301758,real
b28fcc4c-6632-51b1-a61f-1c85ce68a054-TRN-DOC-Source.png,0,0.021765105426311493,real
b2caf8eb-6f16-5aff-bc7c-48d13178faab-TRN-EML-Source-RVLCDIP.png,0,0.09614120423793793,real
b2e0e05b-c25d-5566-bdfb-2347e6abddbe-TRN-EML-Source-RVLCDIP.png,0,0.42294856905937195,real
b341dda6-9cb1-5351-b9ba-79a342b611ab-TRN-DOC-Source.png,0,0.0261343102902174,real
b341e27e-c5a8-5f0f-a42f-30b840ed2335-TST-DOC-Source.png,0,0.8916923403739929,real
b349497e-8f68-5e86-a300-dbce56bafe0a-TRN-EML-Source-RVLCDIP.png,0,0.8958536386489868,real
b3533a3f-086b-5df2-96a9-7d7043a52986-TST-RCT-Source-FIN.png,0,0.02873828634619713,real
b3554861-b818-5068-8cec-244d14dcca85-TST-RCT-Source.png,0,0.8468481302261353,real
b358135f-b800-51e0-9c69-f5983af5bc78-TRN-RCT-Source-FIN.png,0,0.8015279769897461,real
b37c9223-dbab-56f0-b1ab-22f1e3bf06e4-TST-RCT-Source.png,0,0.032278742641210556,real
b3936f15-77c5-5526-895c-c7faa4754da2-TRN-EML-Source-RVLCDIP.png,0,0.8777412176132202,real
b4104492-6d43-5f28-9825-cb88660e8732-TRN-DOC-Source.png,0,0.5530025362968445,real
b44e74f3-8757-5000-b6af-c972dc8fda1a-TRN-RCT-Source.png,0,0.2801225185394287,real
b45b2f80-9c99-5e03-9399-f26434aa8499-TRN-DOC-Source.png,0,0.024154165759682655,real
b461305b-7aeb-5d41-8896-9acd1d8f8e08-TST-RCT-Source-CORD.png,0,0.07116004824638367,real
b482563d-3019-5605-9e2f-003f7dc2d76e-TRN-RCT-Source-FIN.png,0,0.10199446231126785,real
b484068d-85f5-59d9-b988-6f76edbfcbcb-TRN-EML-Source-RVLCDIP.png,0,0.5121084451675415,real
b4b7bd67-1402-5682-8228-c663e4c9bfe3-TST-DOC-Source.png,0,0.010769129730761051,real
b4c3118d-4b8d-539c-93a6-db0cdc31fef2-TST-RCT-Source-FIN.png,0,0.4351560175418854,real
b4edb1dc-4391-5b5b-bbb6-65383872cfaf-TRN-DOC-Source.png,0,0.11592657119035721,real
b55d3980-00da-5ca2-8fa0-cfc6bf6ef560-TST-RCT-Source-FIN.png,0,0.24045586585998535,real
b56703f6-c8c3-57d7-a763-ce1c8b299395-TRN-RCT-Source-CORD.png,0,0.29053983092308044,real
b5875c78-5ce2-50cf-b133-0df3839cd075-TRN-EML-Source.png,0,0.8464154005050659,real
b5ab12f9-ceec-5b4d-b5bd-7b810edcd213-TRN-EML-Source-RVLCDIP.png,0,0.6741686463356018,real
b5b662ea-d99d-5d22-9a65-d0e936b66b8c-TRN-DOC-Source.png,0,0.41385599970817566,real
b61b952c-083f-595b-a764-7220a4cf198e-TRN-RCT-Source.png,0,0.42719289660453796,real
b61da1dc-5ace-530b-ac6b-e3c5aa9deafe-TRN-RCT-Source.png,0,0.10133836418390274,real
b621ff77-e078-5123-a222-dc51f6406953-TRN-EML-Source.png,0,0.8172659277915955,real
b635de52-f3cd-51c7-81c9-b8dfa61b3f2c-TRN-RCT-Source-CORD.png,0,0.08617770671844482,real
b64050d5-e84b-5d8a-b1a1-758a4009b14b-TST-DOC-Source.png,0,0.09640984237194061,real
b6594536-c51d-5401-a2f4-9d9e3a4e7d8d-TRN-EML-Source.png,0,0.8107731342315674,real
b675dc2d-7011-503d-a7b7-294b1496b710-TRN-RCT-Source.png,0,0.009211679920554161,real
b6bebf05-e383-5f29-a5a8-c6b4dcd584cd-TRN-DOC-Source.png,0,0.9996914863586426,real
b7051998-f46d-545b-80cf-d78f5c7a4582-TST-RCT-Source.png,0,0.7265872359275818,real
b722595f-e692-5bf3-a79d-b732e9213346-TST-RCT-Source-CORD.png,0,0.0003667702549137175,real
b7551064-f29a-5dbb-903e-db97b8667168-TRN-DOC-Source.png,0,0.10966453701257706,real
b75fd8a1-b4fd-583c-add9-057f77e47fc6-TRN-RCT-Source-CORD.png,0,0.037448249757289886,real
b7902249-f3d2-5e44-8e1b-31e2687ff8f4-TRN-EML-Source-RVLCDIP.png,0,0.5773593783378601,real
b79e6139-6bd5-50ac-8593-a9034d5c4d40-TRN-EML-Source-RVLCDIP.png,0,0.8657180666923523,real
b7ac2f4f-9cbe-52cd-9100-8b1232a16a20-TRN-RCT-Source-CORD.png,0,0.0058426023460924625,real
b7cda1c7-d8ec-5143-b78b-62cf85be04d5-TRN-RCT-Source-FIN.png,0,0.22659832239151,real
b7e807e0-4f55-5bb8-bf47-20a9542455b2-TRN-RCT-Source-CORD.png,0,0.00012040368892485276,real
b7f7c944-e56a-5d3e-8f73-5fcf210bd573-TRN-DOC-Source.png,0,0.6544706225395203,real
b81ae909-acdb-5780-bb6d-84e9a89e383e-TRN-DOC-Source.png,0,0.8926798701286316,real
b82a1a35-5230-5e97-9f78-9f1f6146d8c9-TRN-RCT-Source-CORD.png,0,0.20894835889339447,real
b832e8ca-03aa-56a5-9fee-eb1682aaa653-TST-RCT-Source.png,0,0.37755200266838074,real
b88f63ee-c267-5d6b-a9ab-1d793de83d65-TRN-EML-Source-RVLCDIP.png,0,0.7161403894424438,real
b8e9d8ce-8341-5e0f-84a3-737d148e5666-TST-DOC-Source.png,0,0.5656090378761292,real
b950d5d8-55b9-503c-bc8b-1af510f136c0-TRN-DOC-Source.png,0,0.3377210199832916,real
b958fedd-21f0-5b97-96dd-c10596717513-TST-EML-Source.png,0,0.9295141696929932,real
b95a1bf6-65c1-5fd3-a229-ba2f43eac229-TRN-RCT-Source.png,0,0.1866672933101654,real
b9619389-951c-5b72-b459-0a38b9e47ae4-TST-DOC-Source.png,0,0.5867006182670593,real
b9628c2e-2018-533f-8248-4dec275e58e1-TRN-RCT-Source-FIN.png,0,0.9989217519760132,real
b99cd96f-d55b-58a3-8e4e-7fa2296ffaa9-TRN-RCT-Source.png,0,0.5181692838668823,real
b9b5c4ce-e1b0-5914-9783-503ad3fe9f9d-TRN-DOC-Source.png,0,0.9618110060691833,real
b9f33227-3b1a-5642-b113-c950c29759f3-TST-RCT-Source-CORD.png,0,0.006183195859193802,real
ba1f3429-d544-5fa0-aa8d-822346bbd175-TRN-EML-Source.png,0,0.8496153950691223,real
ba2501ea-7529-5ae8-9326-71decf1044c2-TST-RCT-Source.png,0,0.9660608768463135,real
ba3a2a6a-5622-570e-b9e2-d5abc6df29bb-TRN-RCT-Source-FIN.png,0,0.3166300058364868,real
ba4e0d38-3abb-5aa7-9dd0-bccf17235445-TRN-DOC-Source.png,0,0.4994117319583893,real
ba4f9fb6-cc08-59a6-912f-e8344c0adcf5-TRN-RCT-Source-CORD.png,0,0.028438640758395195,real
ba51bcb5-097d-5c20-8f9b-c1fb6310f4cd-TRN-EML-Source.png,0,0.8261451125144958,real
ba77a394-9d91-59bd-b3e6-e41e84a12945-TST-EML-Source.png,0,0.6450743079185486,real
baa532a8-945b-52b2-8c8f-22972d9eb3dd-TRN-DOC-Source.png,0,0.49193623661994934,real
baf2161b-2cd6-53c8-b2a9-afc4490df6ac-TRN-RCT-Source-CORD.png,0,0.0005315266316756606,real
baf9f88d-48be-5bdc-a9c2-010f96a81ea0-TRN-RCT-Source-CORD.png,0,0.31962817907333374,real
bb0ce464-f2ba-5bfa-84d3-fbe90acfd3a9-TRN-EML-Source-RVLCDIP.png,0,0.6708244681358337,real
bb1e28c4-5953-5a53-a718-d138b379363c-TRN-EML-Source.png,0,0.8740153312683105,real
bb23443b-85d0-5c3d-bf77-c0c63cb47145-TRN-RCT-Source.png,0,0.9406559467315674,real
bb328a16-0da4-5c1e-b4ba-5a960f805e4a-TST-DOC-Source.png,0,0.4211530387401581,real
bb43f5d0-868e-5f42-a289-6787702ab2a4-TRN-RCT-Source.png,0,0.0448635071516037,real
bb5a9c5b-c538-563a-8782-005e5d167b09-TRN-RCT-Source-FIN.png,0,0.06318303197622299,real
bb8df4ba-f8f2-50f1-ad21-4f3aee4f9209-TRN-DOC-Source.png,0,0.4801751971244812,real
bb9afc16-dd86-5264-9be8-d4994483efa7-TRN-EML-Source.png,0,0.4934021234512329,real
bbb48817-7d3d-54e9-951d-a72f01057458-TST-RCT-Source-CORD.png,0,0.8990258574485779,real
bc1430d5-bfa6-5cfa-a69e-16585ddc1663-TST-RCT-Source-CORD.png,0,0.9943943023681641,real
bcac1fde-e69a-5391-9a14-10415272d446-TRN-RCT-Source-FIN.png,0,0.21618373692035675,real
bcb5dd0c-560c-5f12-a5d1-bb6894a2b5a5-TRN-RCT-Source.png,0,0.26741790771484375,real
bcbf94ec-ba85-5c3d-9217-0d588c8c6f11-TST-DOC-Source.png,0,0.3735519051551819,real
bcd5ceb1-68a4-5f06-9ca9-9655ab3c5f94-TRN-EML-Source.png,0,0.6534305214881897,real
bcd8be19-30d2-5e28-8c63-7008b9c31cbf-TRN-RCT-Source.png,0,0.353846937417984,real
bce08a8e-f7f3-5c08-a1aa-4621d602730c-TRN-DOC-Source.png,0,0.46619081497192383,real
bd02878c-a7b8-5504-8a54-74aedb4d5065-TST-EML-Source.png,0,0.7446266412734985,real
bd255f8d-d4de-5262-a23e-dc50c95974fd-TST-RCT-Source.png,0,0.9474815130233765,real
bd366e19-ac14-5b87-b59f-280714824709-TST-RCT-Source-CORD.png,0,0.3883885145187378,real
bd67dc65-44f2-551c-a9b0-a67f117066f3-TST-RCT-Source-FIN.png,0,0.08847981691360474,real
bda817eb-05c0-5d25-a60b-c687d7507318-TRN-DOC-Source.png,0,0.38328269124031067,real
bdaa5a28-72be-508b-8a68-0c16d0b8bad8-TRN-RCT-Source-FIN.png,0,0.0504307895898819,real
bdaf28da-76ed-588c-a98e-f13883dcb734-TRN-RCT-Source-FIN.png,0,0.3219502866268158,real
be01cdd6-7fb4-5a1a-8482-babec76542c8-TST-RCT-Source.png,0,0.3210517466068268,real
be138553-a9e4-50d0-ac4e-40215776184a-TRN-RCT-Source-CORD.png,0,0.28990697860717773,real
be414b73-4f63-5c4b-9f8e-9b4f99ab1ecb-TRN-RCT-Source-CORD.png,0,0.9996721744537354,real
be878c33-b953-53ab-91d5-d8503c731848-TRN-EML-Source-RVLCDIP.png,0,0.6555286049842834,real
bec6d873-2018-5cc1-8b8e-f1abe022987c-TST-RCT-Source.png,0,0.15677686035633087,real
bef58ccc-ab3d-5312-b373-1fa5fa43a753-TRN-DOC-Source.png,0,0.3508150577545166,real
bf0e069c-d0f5-5219-8730-d62f235ffbc7-TRN-EML-Source-RVLCDIP.png,0,0.5494566559791565,real
bf373cfc-110d-5521-a911-bc8849edb874-TST-DOC-Source.png,0,0.6763007044792175,real
bf73a89e-3953-5e84-9071-b4f1d50dcf8b-TST-RCT-Source.png,0,0.08469715714454651,real
bf80fd6b-855b-5895-9c0b-a9a47c8ab9ab-TRN-RCT-Source.png,0,0.6341923475265503,real
bfac7322-6ae5-5482-ad9f-4dd86a3df99e-TST-EML-Source.png,0,0.7459359765052795,real
bfcf5bcb-d94b-53d2-89b8-306c2b965123-TRN-DOC-Source.png,0,0.5415152907371521,real
bfe03b0e-f197-5290-a291-57e9ad8bccea-TST-EML-Source.png,0,0.44411197304725647,real
c068e0ee-87c9-50b1-8273-872824c42c46-TRN-DOC-Source.png,0,0.6177128553390503,real
c06bdfdf-5a4d-58d9-a2e9-7753fdc03b1f-TRN-RCT-Source-FIN.png,0,0.333793967962265,real
c09496f3-b055-5326-b504-b3fa88390ddf-TST-RCT-Source.png,0,0.8602484464645386,real
c0b7b277-0105-525c-87a3-b06b555a9d5b-TST-RCT-Source.png,0,0.9997227787971497,real
c116eb03-d837-569b-86ea-c1457f41db30-TRN-EML-Source.png,0,0.7290151119232178,real
c1199231-aca6-541c-8fd7-30b2eeba5297-TST-DOC-Source.png,0,0.14431355893611908,real
c11cbfb5-0a31-52ec-8202-ff753d5476ab-TRN-RCT-Source.png,0,0.07032475620508194,real
c144ca7f-0e83-51e7-adb7-f28d7a333eb9-TRN-DOC-Source.png,0,0.058105308562517166,real
c15c51e9-b70e-5a8f-b1f4-5252fcfdef7c-TRN-RCT-Source.png,0,0.8863134980201721,real
c16af6a8-2dac-5177-a55c-08698d057f18-TRN-EML-Source.png,0,0.8276733160018921,real
c19c5e5e-bf17-5880-9471-875aa8bd71ef-TRN-DOC-Source.png,0,0.589984655380249,real
c1b77164-f554-59f2-bc4c-08f9aafd293d-TRN-RCT-Source-CORD.png,0,0.04073226451873779,real
c1ca48bd-b453-5fd6-b1ab-4db157c4cd71-TRN-EML-Source.png,0,0.8273448348045349,real
c1f0d55c-d169-51a4-9ce2-76814464364b-TRN-EML-Source.png,0,0.8429420590400696,real
c216c049-d515-5eec-9fca-b2faf324ffd6-TRN-RCT-Source-CORD.png,0,0.0369800440967083,real
c2293c59-4dff-5b8c-909a-57ce2c65bef7-TRN-EML-Source-RVLCDIP.png,0,0.6433854699134827,real
c23628a0-24a1-54de-b03b-96e50dfb90c9-TRN-EML-Source.png,0,0.8101784586906433,real
c240084b-e445-579c-89c7-f7e0859604c1-TRN-EML-Source-RVLCDIP.png,0,0.65035080909729,real
c258eef2-e5c0-5d89-9b8c-fc552dc6dde1-TRN-RCT-Source.png,0,0.9826196432113647,real
c29c8dc7-8e85-5a3f-80da-b3ba791e16c7-TST-RCT-Source.png,0,0.5459340810775757,real
c2c53be6-ab13-5449-977c-47f4ab95ebe1-TRN-DOC-Source.png,0,0.07343822717666626,real
c2eab4b7-5987-5e72-b441-5dfe28944ab1-TRN-DOC-Source.png,0,0.11679564416408539,real
c3248784-dcc8-572a-97d1-53635a2925a3-TRN-EML-Source.png,0,0.8038854598999023,real
c35b2adc-f8d9-54ab-8fe2-ca68ab762f37-TST-EML-Source.png,0,0.9149655103683472,real
c364487d-3001-5417-9c6e-caaf9ccfcd1c-TRN-EML-Source.png,0,0.791461169719696,real
c3a4a273-2363-5d7b-931c-8a36bb6ab34a-TRN-DOC-Source.png,0,0.960859477519989,real
c3f68dd6-4a8b-5691-8e5f-3d8f9a8761e7-TRN-DOC-Source.png,0,0.20921394228935242,real
c4018eed-1fb3-5d56-a2b0-5dca0953b875-TST-DOC-Source.png,0,0.8341859579086304,real
c401dd10-218c-5f73-a751-101dfd271a52-TRN-EML-Source-RVLCDIP.png,0,0.7945461273193359,real
c41dd254-25f8-5e78-a5da-83ee302dfcb6-TST-RCT-Source.png,0,0.1577109396457672,real
c430cf3d-5c07-53b0-9f4e-da01e31ab262-TRN-DOC-Source.png,0,0.40705016255378723,real
c4b81632-07b7-5b01-a510-d4c7eb68ee55-TRN-EML-Source-RVLCDIP.png,0,0.8775309324264526,real
c4d4fddb-dd13-518b-8604-9dc488ec61b3-TRN-EML-Source-RVLCDIP.png,0,0.9333853721618652,real
c4e5f0f7-33ba-5e0b-a8fb-08a9b9e680cb-TRN-RCT-Source.png,0,0.2876434624195099,real
c4f352b9-f4d9-5f4c-8580-fe3f6042abd0-TRN-DOC-Source.png,0,0.7162551879882812,real
c523ade0-d632-5f32-932e-6e4cb879ab90-TRN-RCT-Source.png,0,0.0008883395930752158,real
c525ffe2-ac9a-5748-bb5c-c147ef0fd35e-TST-RCT-Source.png,0,0.37425047159194946,real
c532573d-5ed4-57f3-8f83-c8dece0cc471-TRN-DOC-Source.png,0,0.63197261095047,real
c549ccae-e9b1-5aa8-a457-682c1d884395-TST-EML-Source.png,0,0.7466931939125061,real
c5707b6c-80a4-52b2-9cc9-5fc8fbd6cfbf-TRN-RCT-Source.png,0,0.9056026339530945,real
c5c06284-8a2f-5a51-91c1-86e7c17b9255-TST-DOC-Source.png,0,0.8482892513275146,real
c5c7279f-7548-59ed-b4cf-5b40ff803f0a-TST-RCT-Source-FIN.png,0,0.3635563552379608,real
c62ee333-a8a3-50d9-a35f-52164f7f98e6-TRN-EML-Source.png,0,0.7441996932029724,real
c64889c6-4373-51ce-ae18-b4279a00f25f-TST-EML-Source.png,0,0.7153626084327698,real
c64bf2c0-ae7b-5cf8-9761-e0fbafd18790-TRN-EML-Source.png,0,0.4922560751438141,real
c66834bf-890a-530f-acb6-bebb91ca8b1f-TST-RCT-Source-CORD.png,0,0.00020349315309431404,real
c6b657af-452b-52a0-b4e8-b842e1488753-TST-EML-Source.png,0,0.430414617061615,real
c6c8308e-1038-507c-b629-42a684790fce-TST-EML-Source.png,0,0.7517585754394531,real
c6d6537b-32c9-557b-9f17-9af54b4bf855-TRN-RCT-Source.png,0,0.701712429523468,real
c6e76916-bb23-54f4-af22-59733f68a02d-TRN-RCT-Source.png,0,0.9997809529304504,real
c6e82f4e-22b3-574b-8876-e627a9e35e4d-TRN-EML-Source-RVLCDIP.png,0,0.41047000885009766,real
c71eb200-2407-575e-a729-3b6ae62a3a34-TRN-RCT-Source.png,0,0.06128396466374397,real
c7398fd4-9754-5f85-885c-c6ec7b976147-TRN-EML-Source.png,0,0.8955150246620178,real
c7687a08-60f5-544b-b187-fce253ea63c7-TRN-RCT-Source-FIN.png,0,0.3517569601535797,real
c76c2db2-83b1-5943-8b3f-ef86dccc2497-TST-RCT-Source-CORD.png,0,0.4540661573410034,real
c7ab71a5-58c5-541a-abec-434dd9556d2f-TRN-EML-Source-RVLCDIP.png,0,0.9442908763885498,real
c7e07b6c-321b-53cb-95ac-8354d004ce2f-TRN-EML-Source.png,0,0.8498497605323792,real
c7e9babe-f747-5d28-b3da-5f5497fc7372-TRN-RCT-Source-FIN.png,0,0.641793966293335,real
c7fe15b5-ddcf-5ce8-9374-91a0216bec95-TRN-EML-Source-RVLCDIP.png,0,0.7901372313499451,real
c808a647-9ae1-5b68-96b3-05499a3502a1-TRN-EML-Source.png,0,0.7233065962791443,real
c8217f41-d012-5eb0-94ea-19153b2bb485-TRN-RCT-Source.png,0,0.190224289894104,real
c841a768-171c-53b1-b826-e32a7442d5f6-TRN-EML-Source.png,0,0.8703518509864807,real
c85f3be2-62e2-5b7f-ac28-403f57364d12-TRN-EML-Source-RVLCDIP.png,0,0.6038379073143005,real
c8653343-059d-5cb0-baab-fe3542b66d9a-TRN-EML-Source-RVLCDIP.png,0,0.6480271816253662,real
c879765d-49aa-5ae0-b049-abd17e8a16b1-TRN-RCT-Source.png,0,0.003783868160098791,real
c893e5ee-9434-5432-99a5-0a5d4bc52df5-TST-DOC-Source.png,0,0.49407094717025757,real
c8db9358-e338-5511-b29b-51984da447e4-TRN-DOC-Source.png,0,0.21567696332931519,real
c91d65ad-6d66-5a56-b647-348f6e52869c-TRN-EML-Source-RVLCDIP.png,0,0.3820672035217285,real
c91ee73c-c96f-5462-9788-92483fb84a09-TRN-RCT-Source-CORD.png,0,0.01508536096662283,real
c9488ffd-5752-527a-875d-36d6bf928958-TRN-RCT-Source.png,0,0.3264560401439667,real
c9584edb-b59d-5f04-ac08-4e81355fe345-TRN-RCT-Source-CORD.png,0,0.3416154980659485,real
c965a285-65cd-539b-a22d-a9607e8d136a-TRN-RCT-Source-CORD.png,0,0.28626707196235657,real
c97bfd5d-d689-5fed-8e19-d4ea3e16ec0c-TRN-EML-Source.png,0,0.5670290589332581,real
c986a3f6-90fd-512a-a369-f0c3017c4f39-TRN-RCT-Source-FIN.png,0,0.1269121617078781,real
c9876316-201d-5bd1-9087-3df785f5f26a-TRN-RCT-Source-FIN.png,0,0.0007833014824427664,real
c9c14023-317a-5c6f-9fca-80961017512f-TST-DOC-Source.png,0,0.1543366014957428,real
c9c23cb9-dee6-5783-8725-d870c61a1abd-TRN-EML-Source-RVLCDIP.png,0,0.8084723949432373,real
c9d55446-1a7b-5607-baa0-794f48c6ba50-TRN-EML-Source.png,0,0.8335790038108826,real
c9dae961-316f-534c-b02d-f666067e0550-TRN-RCT-Source-FIN.png,0,0.6303434371948242,real
ca10c06f-39c8-5fe6-b6e0-e748f86b88a6-TRN-EML-Source.png,0,0.8583232760429382,real
ca2ce727-44bd-54e8-89d2-fc90ec16415a-TST-RCT-Source-CORD.png,0,0.0029959650710225105,real
ca8a8755-9664-5a9c-ae49-038daef9fa4e-TRN-RCT-Source-CORD.png,0,0.9928273558616638,real
ca8b2515-8f87-5846-9f3a-fdab1a7bf4c2-TRN-EML-Source.png,0,0.6637460589408875,real
caf171b3-2bd7-5c8e-9b75-87cd6f80773b-TRN-EML-Source-RVLCDIP.png,0,0.370046466588974,real
cafb6e61-552b-531b-a252-ad67298314d4-TRN-EML-Source.png,0,0.8638139963150024,real
cafbf56c-9091-5f69-8719-4461bc1fab53-TST-RCT-Source-CORD.png,0,0.0006922807078808546,real
cb10c7d4-cabd-58e3-adac-cc2bb57f1021-TRN-RCT-Source.png,0,0.36692777276039124,real
cb16eb0d-2563-5053-be06-13e1064f7efd-TST-EML-Source.png,0,0.8471902012825012,real
cb22a216-1b08-5c38-9461-f65df45f6f12-TST-RCT-Source-FIN.png,0,0.014503088779747486,real
cb41e6e6-f6b4-53c7-93b9-7b4c71200e7d-TST-EML-Source.png,0,0.8774986267089844,real
cb43a7ba-93f6-5c99-9b94-dad4766fc5ff-TRN-RCT-Source-CORD.png,0,0.39517900347709656,real
cb911dca-2ee3-5860-a415-0d2109342279-TRN-RCT-Source-CORD.png,0,0.44199123978614807,real
cba1ab50-7d6f-572a-927c-4c4fd07b3361-TRN-RCT-Source-FIN.png,0,0.19258417189121246,real
cbaa98ca-139b-518d-94ca-316c181dbd27-TRN-DOC-Source.png,0,0.02968442067503929,real
cbb71969-9d37-57a0-b34b-5cc215fedad7-TST-RCT-Source-FIN.png,0,0.8817965388298035,real
cbc02331-6f4b-5de0-9541-d3c254d68986-TST-EML-Source.png,0,0.6651960611343384,real
cc17672f-2260-5347-bc61-fbee1443ea41-TRN-DOC-Source.png,0,0.22126255929470062,real
cc25fd67-da2b-5cbd-af35-6d564f7ef984-TRN-RCT-Source-CORD.png,0,0.0038919083308428526,real
cc3fa85b-d0c2-5200-a7e8-ec6e95876c9a-TRN-RCT-Source-CORD.png,0,0.23474130034446716,real
cc4da234-a401-5ed3-a19d-1e0c8a1853cf-TRN-DOC-Source.png,0,0.19925031065940857,real
cc619bd3-a639-5d59-ae45-17188ea8fe9e-TRN-RCT-Source-FIN.png,0,0.05538307875394821,real
cc6f79d1-07cc-5c18-8c7b-883c360cd53b-TRN-DOC-Source.png,0,0.6912733316421509,real
ccaaa151-2ccd-56aa-87f7-1db5d009e2e3-TST-EML-Source.png,0,0.553115963935852,real
ccad6c08-619b-507c-a127-cd4fffcbef90-TRN-DOC-Source.png,0,0.4136449992656708,real
ccb78d2e-48e1-5499-b94d-ca91477c2164-TST-RCT-Source.png,0,0.547104001045227,real
cce9ab63-7b8e-5fc1-bed7-4db603e8744a-TRN-EML-Source-RVLCDIP.png,0,0.1309332549571991,real
cd1a3321-6524-5b13-b4f0-3bd9846a07f1-TRN-RCT-Source.png,0,0.20915663242340088,real
cd1ea268-ac03-5ac8-8a08-415827cba212-TRN-RCT-Source.png,0,0.0655786544084549,real
cd267554-9cb4-507e-a0c7-e336bdf4c0a1-TST-DOC-Source.png,0,0.9516580700874329,real
cd333e6f-4351-564d-855e-9af2070f65f4-TST-RCT-Source-FIN.png,0,0.5900601744651794,real
cd3f0c11-caf7-5fb3-bfa4-1b199ddfbfb6-TRN-DOC-Source.png,0,0.007846180349588394,real
cd56bb7f-c1e7-5985-9c56-54a1721e550f-TST-EML-Source.png,0,0.9086490273475647,real
cd61daa1-dc2d-5cb5-902e-6f8dd7444944-TRN-RCT-Source-CORD.png,0,0.34497690200805664,real
cd661b28-e0ac-5978-b8b3-9d249b33f7de-TRN-RCT-Source.png,0,0.009509362280368805,real
cda1a51f-545b-57a3-9d31-23c89324af20-TST-EML-Source.png,0,0.4792718291282654,real
cdb23ec1-08dd-5eeb-abb4-4b7060252002-TRN-RCT-Source-CORD.png,0,0.48923784494400024,real
cdb414b9-99fd-555b-99e5-8ee3ef2ae74b-TRN-RCT-Source.png,0,0.08074622601270676,real
ce260bb7-265b-5bd1-bd6b-396c98f60a5c-TRN-EML-Source-RVLCDIP.png,0,0.43644559383392334,real
ce4fd0c5-3d61-5a49-862d-17fcadfebe7d-TRN-RCT-Source.png,0,0.754623532295227,real
ce65dfa9-29c8-5b91-897d-30a62e52b3f1-TRN-RCT-Source.png,0,0.1500651091337204,real
ce9a4a5b-e0b3-5bf4-ac66-2cbaded886ad-TST-RCT-Source-FIN.png,0,0.012066164053976536,real
ceca873d-aae5-5455-aa93-ef357ebf8586-TST-RCT-Source-CORD.png,0,0.8394087553024292,real
cecbe806-4cdb-53b9-bbea-4e0b8145bb2e-TST-RCT-Source-FIN.png,0,0.03518805652856827,real
ced02ca9-b1e2-5aa0-92be-81ede71371b7-TST-RCT-Source.png,0,0.423532098531723,real
ceeca135-d427-55aa-b5b8-d63d8059546a-TRN-EML-Source.png,0,0.8734244108200073,real
cf4fcf4a-b53c-5e2b-b1f8-07e6fd93381e-TST-EML-Source.png,0,0.7540190815925598,real
cf5522c1-1e79-5c2c-866c-7cc79d7da26d-TST-RCT-Source.png,0,0.9602819085121155,real
cf6f28e4-69a0-5043-901f-e99880971952-TST-RCT-Source-CORD.png,0,0.24026396870613098,real
cf96957f-27a2-5c95-8be6-3b7f309ad919-TRN-DOC-Source.png,0,0.5291738510131836,real
cfcfaf2f-997b-59eb-883f-76d8c0d78416-TRN-RCT-Source.png,0,0.42700785398483276,real
cfd0cc98-a779-5dd6-b995-abae4521d4fa-TST-RCT-Source-FIN.png,0,0.6102979779243469,real
cfd82a0f-6f31-5bb4-bec4-d5bb162b9183-TRN-DOC-Source.png,0,0.015359138138592243,real
cfdb1872-5a0d-5b37-9df3-4511f0f42b18-TRN-RCT-Source-FIN.png,0,0.23285779356956482,real
cffed36d-0061-5c5f-8579-cebec4f42b8c-TRN-RCT-Source-CORD.png,0,0.047623176127672195,real
d0069e0a-5c55-5073-b921-86ee0822f48e-TRN-DOC-Source.png,0,0.03454788029193878,real
d03d79a0-ba98-5bb0-9e3d-fffd4694347d-TST-EML-Source.png,0,0.7029010057449341,real
d05772f7-7789-5251-a5ed-28aa28185068-TST-RCT-Source.png,0,0.0020799420308321714,real
d0686b2a-a31c-5d08-bf49-7a9d9562b2c6-TRN-RCT-Source.png,0,0.3402012586593628,real
d0f0a414-e610-5788-b6cd-e1bf47dabe55-TRN-RCT-Source.png,0,0.6838365793228149,real
d136cf41-b1a1-5088-9bd0-a82a609cd6e0-TRN-RCT-Source.png,0,0.00019693044305313379,real
d154091c-9ec8-5a64-b9d1-35f9f3075c30-TST-RCT-Source-FIN.png,0,0.16887328028678894,real
d156e2a3-10f9-519b-a36b-dd46b2109de1-TST-RCT-Source.png,0,0.015291815623641014,real
d16dae0a-07b7-5053-bb38-064d08915019-TRN-EML-Source-RVLCDIP.png,0,0.8528214693069458,real
d184e72e-1a9e-5248-a09a-40c259c27f09-TRN-EML-Source.png,0,0.6124053001403809,real
d1948862-98df-5dac-8abc-e8f4388183f7-TRN-EML-Source-RVLCDIP.png,0,0.7746145129203796,real
d19eb5be-bde3-5caa-b331-47306490d33f-TRN-DOC-Source.png,0,0.39001163840293884,real
d1c0cd5f-bc03-5699-bf47-58dbb073a2ce-TST-RCT-Source-FIN.png,0,0.3631227910518646,real
d1d59053-f1ab-51d3-8d8c-f8121dae040e-TRN-RCT-Source-FIN.png,0,0.11712897568941116,real
d204e3d2-06f7-500a-88b8-91ae990142bd-TST-RCT-Source-FIN.png,0,0.15742447972297668,real
d21d8d7a-fe59-56c8-8e19-d4c9d8d83a62-TRN-EML-Source-RVLCDIP.png,0,0.8386172652244568,real
d236f7bd-a3c6-566d-b862-b12415b22eb1-TRN-RCT-Source-FIN.png,0,0.939676821231842,real
d24247a2-c1f8-58f3-96af-2469e59fb683-TRN-RCT-Source-CORD.png,0,0.00974328350275755,real
d2615187-dcc6-5cda-bbca-59de96458072-TRN-DOC-Source.png,0,0.5718982815742493,real
d2624b1b-3663-5cd0-b248-97c7139759c3-TRN-DOC-Source.png,0,0.81414395570755,real
d2728ed2-58a5-53f4-ba1a-f0a94ec769a5-TRN-RCT-Source-FIN.png,0,0.025924529880285263,real
d276ec2b-f0d9-52c9-a519-518551cbc980-TST-DOC-Source.png,0,0.20318526029586792,real
d2835d9f-bd8f-5c17-8722-1594476a07ab-TST-RCT-Source.png,0,0.056690867990255356,real
d2a6321e-0ab6-5fed-9b31-0f52a1fbca26-TRN-DOC-Source.png,0,0.6854180693626404,real
d2d509dc-404a-56c8-ad61-4f96010ae735-TRN-EML-Source-RVLCDIP.png,0,0.3142738342285156,real
d2da5cec-415c-5e94-89a9-05cf4aae399a-TRN-EML-Source.png,0,0.7301551699638367,real
d2dec024-5d80-5312-af6d-6b3c1f561459-TRN-RCT-Source-CORD.png,0,0.13657687604427338,real
d2fa26c4-56fc-5441-8459-a2556b14fbfd-TRN-EML-Source.png,0,0.8849605917930603,real
d30947a9-bc22-5549-8b37-77094ded4fc7-TRN-RCT-Source-FIN.png,0,0.2603105902671814,real
d34d68c3-49f6-5109-a805-bacc0966df87-TRN-RCT-Source-CORD.png,0,0.13360559940338135,real
d356708e-c53e-5446-ba7c-e46320cec72e-TRN-RCT-Source-FIN.png,0,0.7331187129020691,real
d3a3699c-0a69-57e1-a4ae-4b5e3e53a9c8-TRN-RCT-Source-CORD.png,0,0.08064265549182892,real
d3d385bd-52b7-51cf-b598-2e5654706e2b-TRN-DOC-Source.png,0,0.9547792077064514,real
d3fdfdfd-784f-5b4e-a882-cbe421ce39eb-TRN-RCT-Source-FIN.png,0,0.8890672922134399,real
d42a20fc-50f6-5a6e-8924-6d16e035e9fa-TRN-EML-Source.png,0,0.7212610840797424,real
d44cd895-d55f-5793-ade8-9021d0085149-TRN-DOC-Source.png,0,0.020796312019228935,real
d462f916-19e2-5057-a75c-c14abe6afaef-TRN-RCT-Source.png,0,0.9963425993919373,real
d46c3e43-a7c4-5098-9e69-b243e7c0236f-TRN-EML-Source.png,0,0.9406251311302185,real
d486b596-6991-5b29-98d7-0c76af9c7b4d-TRN-DOC-Source.png,0,0.012714147567749023,real
d48a36b9-d092-57cf-a68a-fce36e2db847-TRN-EML-Source.png,0,0.714431643486023,real
d49c12a7-0a93-5c9f-99ba-e01722a69ddc-TRN-EML-Source-RVLCDIP.png,0,0.22163724899291992,real
d4a5ab6f-5918-5d47-8ac3-04ff550295c9-TST-RCT-Source-CORD.png,0,0.003392776008695364,real
d4f94624-1ee6-59cb-bfb6-0a14199ff9fb-TRN-DOC-Source.png,0,0.4121522009372711,real
d4fa4a26-96ae-574c-a825-52c4d84d1a72-TRN-RCT-Source.png,0,0.4351406991481781,real
d556bbe9-ab83-5a14-a231-fe808608d9e1-TRN-RCT-Source-CORD.png,0,0.007623341865837574,real
d58bedb1-65ea-5c35-96b9-33dabc9c98a0-TRN-RCT-Source.png,0,0.20799051225185394,real
d60acee2-a1a4-5e9c-9b76-424f085ab322-TRN-DOC-Source.png,0,0.03202370926737785,real
d6e784ee-f351-5fbf-983f-fd759403ba0d-TRN-DOC-Source.png,0,0.005910984706133604,real
d738b9b1-2a91-5661-822f-f8709838cd86-TRN-EML-Source.png,0,0.6372253894805908,real
d73c33e1-2f46-5f3d-930c-5f671c3dd870-TRN-RCT-Source.png,0,0.011249332688748837,real
d767d1da-ff09-518c-82ab-b305fbb7cb99-TRN-EML-Source.png,0,0.8721009492874146,real
d7782f3f-94b7-579d-acf7-e96bc86a9849-TRN-RCT-Source-FIN.png,0,0.1953669637441635,real
d77fc23f-d9c8-5d0a-bd5b-9dca16562b25-TST-EML-Source.png,0,0.9507092833518982,real
d78a67a4-9c0c-557f-97c0-c2c004e9d25d-TRN-EML-Source-RVLCDIP.png,0,0.7834003567695618,real
d790c0d4-66cd-56d8-bca9-f2afdd04d8c0-TRN-RCT-Source-CORD.png,0,0.790244460105896,real
d7a45dd0-793e-52cc-a015-d6d04b1c6de3-TRN-EML-Source-RVLCDIP.png,0,0.5887273550033569,real
d7fc83a3-e79f-5813-951a-2d8900454940-TST-RCT-Source-CORD.png,0,0.0004118447541259229,real
d81cfcd3-ff05-5d31-a6d8-cb08bdfeb2d1-TRN-EML-Source-RVLCDIP.png,0,0.9607211947441101,real
d8313d44-41d7-5b79-82cd-5aec428e3260-TRN-RCT-Source-CORD.png,0,0.16756415367126465,real
d8752d5e-a691-56d8-9394-449a4df83aed-TRN-RCT-Source-FIN.png,0,0.08045092225074768,real
d890da20-043d-59fc-ae69-26adcc2a7dba-TRN-RCT-Source-CORD.png,0,0.013274136930704117,real
d8ba08ad-aba3-5b30-bb40-79a86e1e5f74-TRN-RCT-Source-FIN.png,0,0.6860178709030151,real
d8c8eac7-6799-565d-8828-00a56964b944-TRN-RCT-Source-FIN.png,0,0.055527571588754654,real
d8d693b0-df92-5f79-8205-c86a7e3f5265-TRN-RCT-Source-FIN.png,0,0.3038729429244995,real
d8d8138f-372d-59f0-bd5d-c9e867cd8d96-TRN-RCT-Source-FIN.png,0,0.34531617164611816,real
d8e7b38c-3b8a-5dd9-9819-24932fca5e6a-TST-DOC-Source.png,0,0.3567817211151123,real
d907392f-500a-5ecc-8639-537a132f9d73-TRN-RCT-Source-FIN.png,0,0.6843350529670715,real
d9298cdf-b79c-5193-a42f-be3e99a3162f-TRN-RCT-Source.png,0,0.17148888111114502,real
d959e64b-fa74-54d6-84aa-1cf9513763ea-TRN-DOC-Source.png,0,0.7352226972579956,real
d9abd249-816c-5578-823b-52a8ab0f74d4-TRN-EML-Source-RVLCDIP.png,0,0.7959232330322266,real
d9e21ff3-0bdf-596b-8cd4-274d1e5a9f55-TRN-RCT-Source-CORD.png,0,0.535108745098114,real
da2eb944-4d78-558e-829a-5aa6b000c233-TST-RCT-Source-FIN.png,0,0.21787413954734802,real
da6e6c98-fd47-51a2-a41f-df04c4f4998d-TRN-EML-Source-RVLCDIP.png,0,0.30433741211891174,real
da8b9b7c-c194-5734-b749-e5f6c6e81db0-TRN-EML-Source.png,0,0.5532238483428955,real
dacd93b3-826c-5f77-8d5d-76f338fdffa1-TST-EML-Source.png,0,0.8785756826400757,real
dacf6e45-dc42-5f3d-9b44-8f47e9ef62c1-TST-RCT-Source.png,0,0.08372288942337036,real
dae5aed6-5e61-588b-ad2a-b59dee3a3a6a-TRN-RCT-Source-CORD.png,0,0.9977982044219971,real
daf2cdcc-01a5-55cc-8f2c-da4456ea6fdb-TRN-DOC-Source.png,0,0.6198321580886841,real
dafd9a29-aafb-5474-a5bb-027f07b093db-TRN-RCT-Source.png,0,0.020318767055869102,real
db19f41c-584b-5da9-a4ec-2a8b875cbadf-TRN-RCT-Source.png,0,0.00021779908274766058,real
db360bfb-5646-5222-a7f8-c4eced54a744-TRN-EML-Source-RVLCDIP.png,0,0.516770601272583,real
db3e16ef-7473-5e40-b8c9-927ccb68293e-TRN-RCT-Source-CORD.png,0,0.10258156806230545,real
db4642f6-0c75-5fda-aa7b-df0f90b51e4e-TRN-RCT-Source.png,0,0.11712897568941116,real
db725db4-60e1-535c-aca4-00bec7f64282-TRN-RCT-Source-CORD.png,0,0.1999436318874359,real
db81df77-2279-55ec-a389-b6b40f7703e4-TST-EML-Source.png,0,0.8756526708602905,real
db884b10-1bbf-5194-8a81-8bef3a33a730-TST-RCT-Source.png,0,0.15065798163414001,real
dbb3ae5b-df05-51b6-be82-997f89b635a8-TRN-DOC-Source.png,0,0.0036714973393827677,real
dbbbb61f-ef32-53bf-a1dc-2d1396912f61-TRN-DOC-Source.png,0,0.07862883806228638,real
dc073754-b80c-5ae6-9987-12e699a1168e-TRN-EML-Source-RVLCDIP.png,0,0.9149530529975891,real
dc12af5d-e6df-51b7-ae3d-5d581f1b1f21-TRN-RCT-Source.png,0,0.5687131881713867,real
dc3d58a7-da9d-5d71-bdc3-b5169edd977d-TST-DOC-Source.png,0,0.8173787593841553,real
dc42e048-906d-5cdd-8111-5bb3b51dd693-TRN-EML-Source-RVLCDIP.png,0,0.8293293118476868,real
dc43ed78-4b84-541b-ba69-00755ac4d44f-TRN-RCT-Source.png,0,0.00016192377370316535,real
dc5b63fa-eec9-5e3f-8fd5-a9bf56a83adf-TRN-RCT-Source.png,0,0.02251536026597023,real
dc8f48c7-628a-5dfa-a00f-51e4756d30e9-TRN-EML-Source-RVLCDIP.png,0,0.5926408171653748,real
dcaff984-4e93-5b18-a685-7332684f77e8-TST-DOC-Source.png,0,0.2534370720386505,real
dcc3bf72-f899-5112-9547-3aa27a536a40-TRN-RCT-Source-FIN.png,0,0.9672269821166992,real
dcc54b2f-e8ec-591f-aa43-05125bad63c5-TST-RCT-Source-FIN.png,0,0.09508327394723892,real
dcc8ee73-275d-5f4e-be79-8430be670189-TRN-RCT-Source.png,0,0.16654139757156372,real
dcecaa93-3b63-5e07-9d57-7ace1131dd6a-TST-DOC-Source.png,0,0.45175597071647644,real
dd143875-50a9-5e96-89ca-9d706e2c2a44-TRN-DOC-Source.png,0,0.7192838788032532,real
dd2f69e8-c59d-5394-9e8b-cb6a846cf0a5-TRN-DOC-Source.png,0,0.7869377732276917,real
dd9dbd0e-f799-5299-87f7-8a95f83e8565-TRN-DOC-Source.png,0,0.006254172883927822,real
dda6effb-7289-58b1-b7a7-23f623e32c9e-TRN-EML-Source.png,0,0.7638186812400818,real
dde69e6a-7a78-52e4-b03b-f6ebd8a6ddb5-TRN-RCT-Source-FIN.png,0,0.9591464996337891,real
ddea64d5-ffd3-5344-bff1-df20326bc7b7-TRN-EML-Source-RVLCDIP.png,0,0.6849129796028137,real
de10b282-9f56-50e5-8182-e6c1a31b88f6-TRN-DOC-Source.png,0,0.9994012117385864,real
de220d16-7574-5841-a4b3-4e00d181e8c6-TRN-EML-Source-RVLCDIP.png,0,0.5840599536895752,real
dead7037-7c34-50b2-99f4-06fe53e352ce-TRN-RCT-Source-FIN.png,0,0.4178178608417511,real
deaec27b-154a-5ac8-8585-c12538fed414-TST-EML-Source.png,0,0.9652381539344788,real
deaf729b-9ab9-5a7e-94d7-0631a1a6f79b-TST-DOC-Source.png,0,0.6978610754013062,real
ded3254c-82b9-58e4-9d16-60a108c1de6c-TST-DOC-Source.png,0,0.8781436681747437,real
ded32de6-58c6-51b5-8d03-012fa1d778b6-TRN-RCT-Source.png,0,0.46915653347969055,real
df13e77a-92e5-5008-899d-a74db332b74e-TRN-RCT-Source-CORD.png,0,0.09505057334899902,real
df6a9f46-a38b-551e-9519-8f95ba240166-TRN-RCT-Source-CORD.png,0,0.0002205533382948488,real
dfb7693b-8d01-5b47-b82a-489a44af4fb4-TRN-RCT-Source-CORD.png,0,0.701266348361969,real
dfcb40b8-09ee-5ac1-955c-424197e41f76-TRN-RCT-Source.png,0,0.511557400226593,real
dffdc2c0-08bd-526a-80e7-bb27247950eb-TRN-RCT-Source-CORD.png,0,0.012464746832847595,real
e00a67b7-57cf-543b-819d-ee548afea655-TRN-RCT-Source-CORD.png,0,0.03449757397174835,real
e04298f8-27fd-532f-88fe-9716c8271a40-TRN-RCT-Source.png,0,0.7660623788833618,real
e0496d88-4c63-5d62-b7b4-e9ae3038dea8-TRN-EML-Source-RVLCDIP.png,0,0.8647462129592896,real
e0582a3d-2599-59e6-9da8-54da4166d1e5-TRN-RCT-Source.png,0,0.01249625813215971,real
e0871dd5-f074-5f82-8068-d57598aea1ab-TST-DOC-Source.png,0,0.08890847116708755,real
e09f0802-52d0-5851-bd1c-efba741cc51d-TST-RCT-Source.png,0,0.7850078344345093,real
e0dea377-50ec-58c3-9666-69d3a7f49766-TRN-EML-Source.png,0,0.7325321435928345,real
e0e5598c-6be3-5574-9a12-5d1d71dc2cbb-TRN-EML-Source-RVLCDIP.png,0,0.40610072016716003,real
e0fc0856-f034-5f08-a62f-47ff7b23be5f-TRN-RCT-Source-CORD.png,0,0.9276943206787109,real
e1009c3b-c481-57ac-931b-41037aed5b83-TRN-RCT-Source-CORD.png,0,0.5026981234550476,real
e125e275-9f00-59c5-9855-f31581630e27-TST-EML-Source.png,0,0.5443395376205444,real
e12d7952-2c3f-5bfb-a170-68c988ab393c-TRN-EML-Source.png,0,0.9142382740974426,real
e13998fb-6500-5df4-b2ce-096913c09a3d-TRN-EML-Source.png,0,0.7355572581291199,real
e1a71537-06ec-585a-950f-b98c47635ece-TRN-EML-Source.png,0,0.8922727704048157,real
e1a841b5-fabf-5507-a804-65f471e5aec3-TRN-RCT-Source-FIN.png,0,0.9697531461715698,real
e1b64620-869a-582f-b38d-4b464ddcc3ca-TRN-EML-Source-RVLCDIP.png,0,0.1432492882013321,real
e1eaa728-190e-5c37-9fe1-1ef3bf711e66-TRN-EML-Source.png,0,0.852642834186554,real
e210d574-4cd8-5c2b-a07b-435dc7642c24-TST-EML-Source.png,0,0.6888441443443298,real
e2807f02-4e67-5ec8-8357-76672bf54ffa-TRN-DOC-Source.png,0,0.006133686751127243,real
e281a743-2478-53ed-a625-b2df86bfcb69-TST-RCT-Source.png,0,0.04345649853348732,real
e29975d4-463c-5c21-8c5f-6123b2a7f087-TRN-RCT-Source-FIN.png,0,0.13478896021842957,real
e2a62515-b5c5-5219-bae8-38842bbbc1ca-TRN-RCT-Source-FIN.png,0,0.003232987131923437,real
e2e10429-717a-55e9-9509-2aa561236d5d-TRN-RCT-Source.png,0,0.3567696213722229,real
e2fbc689-6709-5c49-b15f-3ad6113df991-TRN-DOC-Source.png,0,0.4521375000476837,real
e35b2a08-8cb9-5eea-b0ff-230625be65a3-TRN-RCT-Source.png,0,0.8178788423538208,real
e38e1cc4-79b9-580a-8f75-4f04182d2de7-TST-DOC-Source.png,0,0.6774394512176514,real
e3929511-0db0-5873-b383-36b4437a1d18-TRN-EML-Source-RVLCDIP.png,0,0.5041397213935852,real
e3a62595-e70d-5600-92f1-7367f395ae9b-TRN-EML-Source.png,0,0.9009401798248291,real
e3d591bc-f9a8-59b6-8346-52ab70128b98-TRN-RCT-Source-CORD.png,0,0.8201885223388672,real
e40b5933-48ec-53c3-b95e-8996ab502de6-TST-RCT-Source.png,0,0.13213931024074554,real
e43ec0e2-977f-5c45-88c9-0011509a6298-TRN-RCT-Source-FIN.png,0,0.29106244444847107,real
e447e5a9-9350-5d3a-b767-cc9c5a263bdb-TST-EML-Source.png,0,0.8606714010238647,real
e46ba895-6219-5698-949b-d598bc634f9a-TRN-DOC-Source.png,0,0.10879691690206528,real
e47b8f83-c0a4-5e62-ac86-053e490cd92c-TRN-EML-Source-RVLCDIP.png,0,0.9541281461715698,real
e4b6b01a-0c87-59c4-9194-789b0b3fb2b1-TST-RCT-Source.png,0,0.8627171516418457,real
e4dc5f5c-d27b-51ae-9256-86772b42d38b-TRN-DOC-Source.png,0,0.05917276069521904,real
e4e19d02-e2fa-5073-a237-98182bd8b665-TRN-RCT-Source.png,0,0.04530308023095131,real
e5027244-648d-5fea-b5e2-a7b4fddd24a9-TRN-RCT-Source-FIN.png,0,0.07986948639154434,real
e50c4654-e577-5243-a650-6c23df6e3524-TRN-RCT-Source-FIN.png,0,0.7637014985084534,real
e5187d98-00ca-52be-adef-40c8778bb1a9-TST-RCT-Source-CORD.png,0,0.024028802290558815,real
e533d4c1-d634-5814-9bb7-17741f405c5f-TRN-DOC-Source.png,0,0.7036004066467285,real
e54ea678-d685-5d15-bd9b-37d0e23aeb8f-TRN-RCT-Source.png,0,0.9510390758514404,real
e557c034-a2bf-5b20-ac7a-57e86e6928cf-TRN-DOC-Source.png,0,0.02959490939974785,real
e57ee917-7828-511b-b7f4-13b4267c4b61-TRN-RCT-Source.png,0,0.10000523179769516,real
e57f7477-0f8f-516a-8841-f9a5cbc1e73e-TST-RCT-Source-FIN.png,0,0.009849954396486282,real
e582c1ff-3602-5864-800c-389b311c5508-TRN-EML-Source-RVLCDIP.png,0,0.9051042795181274,real
e5837a16-a8f3-527b-9b0a-80d8cdc760b2-TRN-RCT-Source-FIN.png,0,0.43412211537361145,real
e5b6a937-f9d8-5c73-829d-441a3dcc7b01-TST-RCT-Source.png,0,0.07986948639154434,real
e5c42683-5ae3-588a-af3e-184f0f7137ff-TST-EML-Source.png,0,0.8833596110343933,real
e607b4b8-c307-593c-9fb3-3c90b53c40d2-TST-EML-Source.png,0,0.8178386688232422,real
e613e3be-207b-54bd-a33c-bde3aca20dca-TRN-EML-Source-RVLCDIP.png,0,0.5457294583320618,real
e614552f-0029-5b6b-8dda-ec0120363ca7-TRN-EML-Source.png,0,0.8459544777870178,real
e663f644-208b-51cb-b863-e7fd29b9a1a9-TRN-RCT-Source.png,0,0.6574712991714478,real
e678f485-27ed-5fdd-844c-1551022577fa-TRN-RCT-Source-CORD.png,0,0.260812908411026,real
e6eb74b1-36a4-54e6-b9a0-d906f4d78105-TRN-EML-Source.png,0,0.8798874616622925,real
e6ec1a35-a120-5bfa-95f8-bdb0065766ab-TRN-RCT-Source.png,0,0.16181528568267822,real
e6f8a651-be10-5d27-8b7e-1dd64a2b9f62-TRN-RCT-Source.png,0,0.29400894045829773,real
e749e16b-23b5-5dfa-aeb3-6d0d38c83c8e-TRN-RCT-Source-CORD.png,0,0.11802121251821518,real
e7537d92-05ed-52f3-bfb7-3463bd3c3369-TRN-DOC-Source.png,0,0.13349594175815582,real
e770804f-f37e-5e0e-95fd-3a360342c583-TRN-EML-Source.png,0,0.8541057109832764,real
e78d63b6-a53e-5a91-b0f4-b9d4ba16f8bd-TRN-RCT-Source-CORD.png,0,0.5080296397209167,real
e78ef243-3817-57b8-b2ab-a48a1b20c963-TRN-DOC-Source.png,0,0.9564332365989685,real
e791464f-ff4d-51b6-bf0d-51d0f04ccbf5-TRN-DOC-Source.png,0,0.6875326633453369,real
e7cd0f4b-2092-56af-8384-e16cb02ac66d-TRN-RCT-Source-FIN.png,0,0.16087661683559418,real
e7dae169-7d9c-5ff8-9302-cf2203cbb48d-TRN-DOC-Source.png,0,0.8788493275642395,real
e8190f53-ad38-57c9-b0dd-ecce48d9b4a4-TRN-EML-Source.png,0,0.6079197525978088,real
e86d73e9-b4b6-5b6b-ae3b-f2e618572dc5-TST-DOC-Source.png,0,0.49361827969551086,real
e8d8e285-b65d-5528-ac8a-c75d7166b28a-TRN-RCT-Source-CORD.png,0,0.04013385996222496,real
e8fbcdc3-600e-5008-a904-e5f9281cd3cc-TST-RCT-Source.png,0,0.8168925046920776,real
e98b4b1d-87b2-579b-adcc-223a7df55055-TRN-RCT-Source-FIN.png,0,0.036914147436618805,real
e9e1b92a-4e26-5f16-8581-f2152c0e30d3-TRN-EML-Source.png,0,0.4558274447917938,real
e9e86484-7ce3-555d-ad8a-c6001c99876a-TRN-EML-Source.png,0,0.35692131519317627,real
e9f13131-866d-5ca9-9928-feb16e05ab87-TRN-DOC-Source.png,0,0.9996699094772339,real
ea065607-c3dd-5cf4-a306-4221d958a8cb-TRN-RCT-Source-FIN.png,0,0.002684058854356408,real
ea0a8e21-5aa0-5a83-ac94-3dc08960f636-TRN-DOC-Source.png,0,0.00014427692804019898,real
ea24a768-5b92-51da-90eb-70595c9c092c-TRN-RCT-Source.png,0,0.004211218096315861,real
ea37ac81-9eec-55c6-9fca-e4de8f5f0148-TRN-RCT-Source-FIN.png,0,0.47093313932418823,real
eaa9a5b0-f115-5fe9-81a2-2f982425e1c7-TST-RCT-Source-CORD.png,0,0.8900339007377625,real
eab78113-d275-5c55-ac53-1971d38e046d-TRN-DOC-Source.png,0,0.025190265849232674,real
eac12232-c8cc-5081-8091-74a0e62582d8-TRN-RCT-Source-FIN.png,0,0.983857274055481,real
eac2f27b-8566-533a-96df-348f6e5a6bab-TRN-RCT-Source-FIN.png,0,0.28329429030418396,real
eac84681-dd3d-5076-abdd-ce971ce48c91-TRN-RCT-Source-CORD.png,0,0.0710921362042427,real
eb055c55-55f8-5134-8283-f2a203ce0d12-TRN-RCT-Source-CORD.png,0,0.0019543366506695747,real
eb0d0737-bf85-5f17-a1bc-b9e74eb0fd4c-TRN-EML-Source-RVLCDIP.png,0,0.747893750667572,real
eb281cc1-a666-5cb2-a909-9c505d72ab92-TRN-RCT-Source.png,0,0.18040403723716736,real
eb37c30a-4cbf-5dce-b3d0-9f88264c00f4-TRN-RCT-Source-CORD.png,0,0.6171112656593323,real
eb3b95ca-8e11-5e5e-806a-d10125716767-TRN-EML-Source.png,0,0.9041014909744263,real
eb40d490-8145-51ad-95f2-995135d0e87e-TRN-RCT-Source-FIN.png,0,0.5772850513458252,real
eb4333a9-f731-56bf-8875-deeecc864a8f-TRN-EML-Source-RVLCDIP.png,0,0.7275039553642273,real
eb5fc998-9836-5db4-a5ec-cb3945cf27bb-TRN-DOC-Source.png,0,0.6220611333847046,real
eb71318c-8493-5d24-8ff0-88d17df7246a-TST-RCT-Source-FIN.png,0,0.7243132591247559,real
eb788e28-47f0-54f3-93e8-b805dbfb4bc9-TRN-EML-Source.png,0,0.836393415927887,real
ebdc337b-5fd7-5692-abfb-53fbd481fa93-TST-RCT-Source.png,0,0.04860732704401016,real
ebe9cab5-6cc0-5ca7-bb31-62de2cb9c126-TST-RCT-Source.png,0,0.006762072443962097,real
ec255a5c-f04a-5e73-b55c-4f3e5af1fc15-TRN-DOC-Source.png,0,0.43239864706993103,real
ec44aefc-20ea-51bb-af09-4a8b54d50497-TRN-EML-Source-RVLCDIP.png,0,0.797267496585846,real
ec6b8cbc-9bc3-5122-8d2a-3f73e69bf4d0-TRN-RCT-Source-CORD.png,0,0.39133766293525696,real
ec82a158-d542-5f62-9042-9eaa72b99f94-TST-RCT-Source.png,0,0.4832146465778351,real
ec9641e3-ad8f-5333-b916-39d01290b9e7-TST-RCT-Source.png,0,0.0923321321606636,real
ecaf1b06-17e7-5750-98cb-1679914dd491-TRN-DOC-Source.png,0,0.5960270166397095,real
ed216ed4-9eac-537f-93a8-5697d218e9ea-TRN-EML-Source-RVLCDIP.png,0,0.5353699326515198,real
ed412aa7-f73b-52e0-b05d-4e8a11a78498-TRN-RCT-Source-CORD.png,0,0.21084855496883392,real
ed46ef1f-a794-54e2-9292-934f7c383857-TST-RCT-Source.png,0,0.3366256356239319,real
ed558b64-e4e6-51a1-ad5a-de28ed082b8b-TST-RCT-Source-FIN.png,0,0.18018221855163574,real
ed602528-7d2d-506a-8f5e-7101705285d1-TRN-EML-Source-RVLCDIP.png,0,0.9542219638824463,real
ed76b3c9-7d58-51f2-9e31-230dfda02edb-TST-DOC-Source.png,0,0.19755113124847412,real
ed9d9218-88c9-514f-aad3-5e6ca8dd8484-TRN-RCT-Source-FIN.png,0,0.009447693824768066,real
ee38a89a-e7fb-5424-ae5c-b07836217b6f-TST-EML-Source.png,0,0.2835097908973694,real
ee3e0b09-33bc-5bf4-b17b-fc870ca66ea9-TRN-RCT-Source.png,0,0.9008738994598389,real
ee3ee492-4ac7-5c99-9076-65006e78dd24-TST-EML-Source.png,0,0.8914254903793335,real
ee40a85f-c3e0-5f49-81b3-90bcc647e47e-TRN-RCT-Source.png,0,0.20091715455055237,real
ee578020-1c66-572b-8498-36cde4995672-TRN-RCT-Source-FIN.png,0,0.6280918717384338,real
ee674d8a-342d-5a24-9b21-bfae9ac7a959-TRN-RCT-Source-FIN.png,0,0.2575837969779968,real
ef3d1128-47b9-5f47-ab97-f17905931766-TRN-EML-Source-RVLCDIP.png,0,0.790082573890686,real
ef4453b6-1a82-58a8-b8f3-c87071b11ee0-TRN-RCT-Source.png,0,0.16096177697181702,real
ef8d3c58-20b6-5126-bb3c-e110d1d0d72f-TRN-RCT-Source-CORD.png,0,0.0002030878240475431,real
efa1e6fc-b6a9-51ba-b81f-86921a42caff-TRN-EML-Source-RVLCDIP.png,0,0.3241042494773865,real
efa8c1b6-7e64-5660-b351-f951a229481a-TST-DOC-Source.png,0,0.4812329411506653,real
efc56b79-5f40-5955-aa8b-d51f5659b7e3-TRN-DOC-Source.png,0,0.32695528864860535,real
efc7588e-2c2e-5e50-adc5-4546785dba65-TST-EML-Source.png,0,0.9517949819564819,real
effd0dea-3893-5d4f-9bc0-a445b37b1a9d-TRN-RCT-Source.png,0,0.4563523530960083,real
f0076dec-cf92-5013-8742-5dca23ec16c2-TRN-RCT-Source-CORD.png,0,0.009554375894367695,real
f00f301b-0f46-5d4a-87c2-7cb3fd98884d-TST-RCT-Source-FIN.png,0,0.10205409675836563,real
f0192f4a-a2af-5b91-91a7-feee33e3cb29-TRN-RCT-Source-CORD.png,0,0.43179360032081604,real
f048562c-de87-5faa-b51d-60ec7ee5dacf-TRN-RCT-Source-CORD.png,0,0.2090369611978531,real
f074cd34-c3e0-535b-afb9-6801f15e886d-TRN-EML-Source.png,0,0.48125848174095154,real
f089d149-94b5-5544-8e83-5158f2373ef8-TRN-RCT-Source-CORD.png,0,0.03783267363905907,real
f0caab0f-a672-5323-9b8f-2069ad16fd8c-TST-RCT-Source.png,0,0.04375258833169937,real
f0cc4ed5-38c6-56b8-b73a-ecbcbc8b16b6-TST-DOC-Source.png,0,0.9028112292289734,real
f119f4fd-921f-5dd4-ab7f-d65d7af07648-TRN-EML-Source-RVLCDIP.png,0,0.532210648059845,real
f11c426e-9cbe-565d-bbd6-bd1249fec501-TST-RCT-Source-FIN.png,0,0.557288408279419,real
f137f03a-6ee0-5038-8b1f-fbf96e1349ac-TST-RCT-Source.png,0,0.7700124382972717,real
f1389152-697f-58bf-bf6d-b78ca9a3c4c0-TST-RCT-Source-CORD.png,0,0.4895191788673401,real
f1496e8d-db66-546f-bb47-f956267479ee-TRN-EML-Source-RVLCDIP.png,0,0.6771166920661926,real
f152ee06-c9af-557a-9d8f-a81cd160371f-TST-RCT-Source-FIN.png,0,0.754623532295227,real
f15c9332-1250-5f54-9607-c6d14215b342-TRN-RCT-Source.png,0,0.12134169042110443,real
f1650f4c-3625-55cd-b3d1-8d97afdf499c-TRN-RCT-Source.png,0,0.9766905903816223,real
f17bf9a8-d900-5efe-815c-e87cdb64d51c-TRN-RCT-Source.png,0,0.012068722397089005,real
f17f3d34-cfd1-5904-a8b6-15a7a985d0b0-TRN-RCT-Source-CORD.png,0,0.5386660695075989,real
f1a856db-9d19-5099-8cc1-9a2140a72c02-TRN-EML-Source.png,0,0.7812206745147705,real
f1c39354-e20a-5555-82d1-618e77d6f3f2-TRN-RCT-Source-CORD.png,0,0.9259994029998779,real
f1c86842-5de8-53c2-a292-29bf941a245b-TRN-EML-Source-RVLCDIP.png,0,0.6963135004043579,real
f1d26f05-19e3-5840-83b1-51404ae64d26-TRN-RCT-Source-FIN.png,0,0.28604158759117126,real
f1de583f-743f-5fcb-bd56-a69bf531a275-TRN-RCT-Source.png,0,0.13065609335899353,real
f1fbcc9c-61e4-5b03-b9db-08ac78d8bb5b-TRN-EML-Source.png,0,0.8375253677368164,real
f2736fe1-6cf5-5473-ab02-aca462ff7d0d-TRN-RCT-Source.png,0,0.2287064790725708,real
f27ad55a-6f63-57c4-870b-a98558e61d93-TRN-EML-Source.png,0,0.955030083656311,real
f28f24dc-dcc0-5146-8c82-dad4ce670e15-TRN-RCT-Source-CORD.png,0,0.501163899898529,real
f29afa3c-539d-560e-ba4f-87368e476e50-TRN-EML-Source.png,0,0.4960089921951294,real
f2ab288e-d4ba-51ed-a476-4122b84aa6ee-TST-EML-Source.png,0,0.9009705781936646,real
f2de72f6-5596-5c0e-9f3a-9585167e388e-TRN-RCT-Source.png,0,0.48211148381233215,real
f314669d-7b7e-5061-a56e-b929bedefe06-TRN-RCT-Source.png,0,0.15182209014892578,real
f346c1b0-ee8e-5541-a968-91effdf79e81-TST-RCT-Source-FIN.png,0,0.11915691941976547,real
f3605425-4431-5520-bc75-dd5c5f87b345-TST-RCT-Source-CORD.png,0,0.09968637675046921,real
f37a5332-b09d-5014-9366-41b6da43eb37-TST-RCT-Source-CORD.png,0,0.6390523910522461,real
f3dccd9c-c788-5faf-8e3d-6f23a0042ecd-TRN-DOC-Source.png,0,0.06126413494348526,real
f41e2bb4-508b-54d5-b539-f142f0a9f4be-TRN-RCT-Source-FIN.png,0,0.8980075120925903,real
f41e598b-3bd3-599a-8018-9a812cd2d46a-TRN-DOC-Source.png,0,0.8636457324028015,real
f43e9c47-9966-534c-bf94-bafe49f3d453-TRN-EML-Source.png,0,0.8101786375045776,real
f449fda7-4644-59f5-9694-0537bfc8a556-TRN-RCT-Source-FIN.png,0,0.14016813039779663,real
f49b072d-5113-55ce-88d1-18fdb48a3e6c-TRN-EML-Source-RVLCDIP.png,0,0.4401811361312866,real
f4ca5e79-866f-5328-9952-4e4d14a999b3-TRN-EML-Source.png,0,0.99167400598526,real
f4fcf330-41be-599e-9748-833f115f7c01-TRN-DOC-Source.png,0,0.0003143486683256924,real
f51a3748-f385-5119-a3fb-5b78a63c850b-TST-DOC-Source.png,0,0.02291015349328518,real
f537c1a0-4144-5024-897b-cb1782a421ee-TRN-EML-Source-RVLCDIP.png,0,0.19064591825008392,real
f5a1004d-4696-5820-9843-14e06fc9b388-TRN-DOC-Source.png,0,0.17764993011951447,real
f5b32379-b0c9-5f40-b7a2-49faf4acbfb0-TRN-EML-Source-RVLCDIP.png,0,0.7873210310935974,real
f5b41b6b-6916-5022-b527-b2966f3ac31c-TRN-RCT-Source.png,0,0.5832790732383728,real
f5c47993-f2b6-5bbd-a183-00ba235d11af-TRN-EML-Source.png,0,0.2268386334180832,real
f5cae45d-e954-5461-ac3c-83a2889e0e1d-TST-RCT-Source-FIN.png,0,0.4202934205532074,real
f63c1dc0-ff70-5e92-820c-b96e2760a2cd-TST-RCT-Source-CORD.png,0,0.0001052351071848534,real
f653515e-b8b0-5072-b8f1-00772903af5c-TST-EML-Source.png,0,0.6925318837165833,real
f667aab0-ca04-5dfa-aae5-a10996ce0d4d-TST-RCT-Source-FIN.png,0,0.20162737369537354,real
f69488ae-2468-5323-8f62-42eeb35a97d5-TST-RCT-Source.png,0,0.6297490000724792,real
f6ae6057-b033-5444-b2f2-553ef02262c2-TRN-EML-Source.png,0,0.9053811430931091,real
f72c9ed5-3329-5226-9ab7-5dbb212b37f9-TRN-EML-Source.png,0,0.8220753073692322,real
f74c4600-fbe0-5d96-bca1-34edb70b1dfa-TRN-EML-Source.png,0,0.4347814917564392,real
f75353e3-d315-56f8-a599-36b5d12a6c31-TST-RCT-Source-FIN.png,0,0.08498458564281464,real
f76b98f4-cfd6-5a1b-80af-9d64dad69580-TRN-DOC-Source.png,0,0.7372044324874878,real
f77299a0-60a5-5ff9-8fe9-4fd2463f2b0d-TRN-RCT-Source.png,0,0.4759882688522339,real
f7962063-28e7-54aa-9ebd-316894d10088-TRN-RCT-Source-CORD.png,0,0.04709168151021004,real
f7e05342-8f68-573f-87f3-13d60cd41de0-TRN-DOC-Source.png,0,0.20146441459655762,real
f81e66c3-6852-5ad3-b71c-678f23cba769-TRN-RCT-Source-CORD.png,0,0.8526166677474976,real
f83717d7-3f10-52bd-8bf5-827fe5524fb2-TRN-EML-Source-RVLCDIP.png,0,0.8513071537017822,real
f8613f23-93af-5953-9f40-4ed7720a8c04-TRN-DOC-Source.png,0,0.33438199758529663,real
f872b74b-9bf9-5056-a019-0ff7bf546a33-TRN-RCT-Source-CORD.png,0,0.15837524831295013,real
f880a7cb-f26c-55d0-b34d-e1c79ba49f8b-TRN-RCT-Source-FIN.png,0,0.4012889564037323,real
f894ea5f-96f1-5721-9c84-49a2c5cd1151-TRN-DOC-Source.png,0,0.42677825689315796,real
f89a52eb-c3e7-5d86-8e9a-e0789579ce76-TST-RCT-Source-CORD.png,0,0.40247005224227905,real
f8c3bb04-9d09-510b-99ef-c7990a561bf1-TST-RCT-Source-FIN.png,0,0.5109087228775024,real
f9259a53-c3a9-5b38-bc31-eb1963b7720f-TRN-RCT-Source.png,0,0.3216079771518707,real
f95b0244-116b-5d53-8afa-80a1b24a5397-TRN-EML-Source.png,0,0.9619364142417908,real
f95ea45a-8fe9-58ac-a24c-c42f72e96405-TRN-RCT-Source.png,0,0.03472200036048889,real
f97f0f43-72b0-5141-b51f-67b5a0cf0bd3-TST-RCT-Source.png,0,0.09549526870250702,real
f9805be0-fb35-5093-b232-1e645351a083-TRN-EML-Source-RVLCDIP.png,0,0.9081220626831055,real
f992c403-70ec-510a-b63e-ae746319732e-TST-RCT-Source-CORD.png,0,0.47895151376724243,real
f9b582cf-802f-57d9-a03c-20e5a6569888-TST-DOC-Source.png,0,0.7781571745872498,real
f9c1c85c-54de-5c9a-aed4-4365e04cb36d-TST-RCT-Source-FIN.png,0,0.9482196569442749,real
f9ca988f-1a49-5a14-8569-cba7760da3f4-TRN-RCT-Source-CORD.png,0,0.026392223313450813,real
f9e7c8d9-c9c7-5b46-9453-c24ca7ff6c43-TRN-EML-Source.png,0,0.4199267327785492,real
fa0194af-91e3-5403-b447-518640a00a00-TRN-RCT-Source.png,0,0.08223666250705719,real
fa085112-d659-5d00-863b-5aa590e5a0ea-TST-RCT-Source-FIN.png,0,0.3493822515010834,real
fa124f7a-99b6-55c9-812d-23da0f604fe1-TST-DOC-Source.png,0,0.22802914679050446,real
fa12ab07-b244-5bbd-9edb-aac2dda1cfd6-TST-RCT-Source-FIN.png,0,0.14744263887405396,real
fa13b18b-e866-50c3-a3ef-2c69a52f9c60-TRN-EML-Source.png,0,0.7796146273612976,real
fa1569a9-340f-5a84-8dfc-026c17dba7d6-TRN-EML-Source.png,0,0.8541057109832764,real
fa438db8-9ebe-5f29-b4e3-f13f58d42130-TRN-DOC-Source.png,0,0.059880614280700684,real
fa552000-542a-531a-aecc-5052d09b5c42-TRN-RCT-Source-FIN.png,0,0.00018625559459906071,real
fa6e2e5f-2f2e-59ab-ad21-e8635d858c66-TRN-EML-Source-RVLCDIP.png,0,0.6169061064720154,real
fa7bc465-af14-53c4-ae4a-6972a01f740c-TRN-EML-Source-RVLCDIP.png,0,0.8265815377235413,real
fa7f7246-3488-58f6-a074-755d0b83a26c-TRN-EML-Source.png,0,0.3943059742450714,real
fac9cfb9-d39b-52f7-a3dd-eed8278dd388-TST-RCT-Source-CORD.png,0,0.8884352445602417,real
fad475c6-92fe-5803-871e-131b7bc320f2-TRN-DOC-Source.png,0,0.4644748866558075,real
fad9d56f-5721-5d56-8a9d-ae777b085418-TRN-EML-Source-RVLCDIP.png,0,0.7473856806755066,real
fae55d17-3bb5-5ac1-bf24-2a43dbae1a3e-TRN-EML-Source-RVLCDIP.png,0,0.3695230185985565,real
fae985ea-ffd0-51cd-925e-6ddd91287926-TRN-EML-Source.png,0,0.7663242816925049,real
fb1d42d0-f236-552f-9711-54a6727d62c2-TRN-RCT-Source-CORD.png,0,0.060195501893758774,real
fb3066f5-946e-51e0-a477-81941e09cf5e-TST-RCT-Source.png,0,0.959417462348938,real
fb362c11-7cdf-5b6a-9e4f-8e1e0f38b858-TST-RCT-Source-CORD.png,0,0.8588117957115173,real
fb490d81-2530-59e4-bf20-acecdeb8412b-TRN-RCT-Source-CORD.png,0,0.0005323109799064696,real
fb5af381-b167-55b9-98be-1cb5cf462872-TRN-RCT-Source.png,0,0.12082505971193314,real
fb5fdb79-d9ce-5fbc-9a44-f0809fc99b44-TRN-DOC-Source.png,0,0.059825100004673004,real
fb62bfe7-272f-5374-9daa-b50ea7ef4f93-TRN-EML-Source.png,0,0.7303481101989746,real
fb7707a2-4086-58dc-82d3-681e763bb2a9-TST-RCT-Source-FIN.png,0,0.6116620898246765,real
fbbfb84a-bd57-5c58-a520-c3da3f69e5e8-TRN-EML-Source-RVLCDIP.png,0,0.933286726474762,real
fbce687b-c8a9-57b8-af3c-f8a054184a24-TRN-RCT-Source-FIN.png,0,0.020318767055869102,real
fbed69a4-09ad-5e6c-8972-338ec42315eb-TST-RCT-Source-CORD.png,0,0.0007745756884105504,real
fc0593f5-4e9d-5d51-9836-493cb45aac02-TRN-RCT-Source-FIN.png,0,0.7801893949508667,real
fc4301e8-3935-590b-862e-861414af2005-TRN-EML-Source.png,0,0.9046345949172974,real
fc9d1f1b-d08f-5a48-97b2-c586e79273c9-TRN-EML-Source-RVLCDIP.png,0,0.565507173538208,real
fcbc4ad4-f0a5-5bed-a205-e9908067571d-TRN-RCT-Source-CORD.png,0,0.11156320571899414,real
fcfc08c5-0ff7-54e1-abe6-41e52b5d6da7-TRN-RCT-Source-FIN.png,0,0.11388346552848816,real
fcfe446d-3791-53b0-920c-9e9d1813e74b-TRN-RCT-Source.png,0,0.3038729429244995,real
fd118149-14ff-5105-88d1-01a52e4902b5-TRN-DOC-Source.png,0,0.02600090391933918,real
fd394a0d-5689-509a-9570-b794e69b30cf-TRN-EML-Source.png,0,0.8859252333641052,real
fd6c9f35-f4ee-5282-b6c2-26368425adc8-TRN-EML-Source-RVLCDIP.png,0,0.7012902498245239,real
fd812aff-4281-53f2-9572-25e843246967-TST-RCT-Source-FIN.png,0,0.10759460180997849,real
fda2b66b-93e8-5a6a-9d53-482723c7e0db-TST-DOC-Source.png,0,0.09887701272964478,real
fda8713d-18a4-51ec-a738-20403daa768d-TRN-DOC-Source.png,0,0.362871378660202,real
fdb5ce78-89f2-5e85-bb4c-20b2ef952e86-TRN-EML-Source.png,0,0.6785025596618652,real
fde86e32-e4d3-5f3d-83a4-d0109e931d5d-TRN-DOC-Source.png,0,0.30777648091316223,real
fe0e1818-1fee-5804-85be-7dadc54b5b32-TRN-RCT-Source-FIN.png,0,0.6170675158500671,real
fe21f0e4-0156-5a25-8816-a421a8a6df1d-TRN-RCT-Source-CORD.png,0,0.15928985178470612,real
fe2b7a67-be4b-5828-8264-542079b340b9-TST-DOC-Source.png,0,0.640212893486023,real
fe4d660b-6cca-507f-9ac2-acfde81bd834-TST-RCT-Source-FIN.png,0,0.12581661343574524,real
fe6f393e-eb10-539b-9193-87daabfe5814-TRN-EML-Source-RVLCDIP.png,0,0.9195050597190857,real
fea3df57-9186-58e6-85a1-b2dcdb158e53-TST-EML-Source.png,0,0.6938090324401855,real
feb8841e-5a72-5379-a37d-04c276d83b07-TST-DOC-Source.png,0,0.6925406455993652,real
fec3010a-0cd9-5c3f-8df5-9c44491d316a-TRN-RCT-Source.png,0,0.07150780409574509,real
fee11623-fb9a-5675-a98e-47f7c86a00a3-TRN-EML-Source-RVLCDIP.png,0,0.30323490500450134,real
fee5f9a0-5154-51cb-8ed0-fb32f38bce90-TRN-EML-Source-RVLCDIP.png,0,0.6759130358695984,real
fef3abba-6f16-5ed4-a1e1-1230100d29d3-TST-DOC-Source.png,0,0.7699706554412842,real
ff2dbb93-450b-52ad-aa55-2bcdc984a97a-TRN-EML-Source-RVLCDIP.png,0,0.35604819655418396,real
ff3b0c58-710c-58be-8912-cba4bdef1312-TRN-EML-Source-RVLCDIP.png,0,0.23442894220352173,real
ff61f94d-37dc-58cd-aaf4-6c822af6d92e-TRN-RCT-Source.png,0,0.21387235820293427,real
ff7cfadf-ce6c-5f64-a98a-cf71d24058a0-TRN-RCT-Source-FIN.png,0,0.8655670285224915,real
ff91c763-b6ca-59a9-9e71-f8e7fc960783-TRN-EML-Source.png,0,0.7326939105987549,real
ffba3a93-d279-50f6-b0bc-e5e8e2241599-TST-RCT-Source-FIN.png,0,0.1577109396457672,real
0066339d-215f-581c-b123-e13897f53bca-TST-RCT-T1-D.png,1,0.01061483658850193,fake
007a767d-2b5e-5feb-9da9-d00813f5b6aa-TST-RCT-T1-C.png,1,0.2726671099662781,fake
008f1b6d-d9cb-5bcd-b513-dbcc67b99ed3-TST-RCT-T3-D-CORD.png,1,0.06901954859495163,fake
00982c7c-f433-5a86-86d3-b4a49464f575-TRN-RCT-T1-B-CORD.png,1,0.03828631713986397,fake
00a71c48-65d9-5053-afb1-a201a73150f8-TST-RCT-T4-D-CORD.png,1,0.07241548597812653,fake
00afaf5b-2479-567c-b439-6ecfd630f288-TRN-RCT-T2-D.png,1,0.6293358206748962,fake
00bd3971-4a74-5189-bcea-30db6e8f19ab-TST-RCT-T4-B-FIN.png,1,0.7462358474731445,fake
00e1d061-3bf4-548f-bc4b-0127d9ed8ea3-TST-RCT-T3-B-CORD.png,1,0.9773905873298645,fake
00f81ad1-a41a-5440-89d5-35f23ae05b01-TRN-DOC-T2-A.png,1,0.9997414946556091,fake
012ceda2-2bfe-5c9a-bbde-8159844c77b6-TRN-EML-T3-C.png,1,0.6124894022941589,fake
013d0ad8-2b5a-57a2-81d0-8fe7ff3f5391-TST-EML-T3-A.png,1,0.7377948760986328,fake
013e5673-0f4f-54c9-80aa-4679020633ec-TRN-RCT-T3-A-FIN.png,1,0.04669955000281334,fake
01969893-22ae-5af4-b697-aca01e8331ed-TRN-DOC-T4-C.png,1,0.2996838092803955,fake
01982eaf-7ffb-5c0a-a785-f1fdec8221cc-TRN-EML-T4-C.png,1,0.11927443742752075,fake
0198bb88-b13f-59f8-999c-1904cc033e94-TRN-RCT-T3-D-CORD.png,1,0.24303486943244934,fake
01995173-1c48-5e11-9afe-e4fbadbefaa4-TST-RCT-T1-D.png,1,0.052714068442583084,fake
01ca6780-1433-594c-a132-4095823eb5da-TST-EML-T3-A.png,1,0.8839274048805237,fake
01e22c71-e82c-5871-9e47-55a073f96a15-TST-RCT-T3-B-FIN.png,1,0.9752942323684692,fake
01e7b2ec-5a6e-5e7c-9f2e-08e5dc385d69-TRN-RCT-T2-D.png,1,0.08261875808238983,fake
01eb6cec-b93a-5aaa-8f30-71d682367876-TRN-RCT-T1-D-CORD.png,1,0.6130107045173645,fake
022e55e0-2e91-5b18-906c-f923fcb250c2-TRN-DOC-T3-A.png,1,0.6645411849021912,fake
02470e05-6dc2-5a6f-a1fb-d60ba831d357-TRN-RCT-T2-C-CORD.png,1,0.5687006115913391,fake
0267f0ea-15de-5085-9ba8-d3ed50862508-TST-RCT-T3-B-FIN.png,1,0.9992577433586121,fake
027f3866-f5fc-5b60-8022-7302a381c601-TST-RCT-T2-D-FIN.png,1,0.22294294834136963,fake
0289ca3e-9f26-542e-8fd8-4c17206b1ede-TRN-EML-T3-A.png,1,0.5269546508789062,fake
029291bf-3813-560b-b76f-905b32937d7d-TST-RCT-T4-D.png,1,0.01949334144592285,fake
02ed818f-9a26-589e-9f79-9f492b948ee3-TST-DOC-T4-B.png,1,0.9997009038925171,fake
02ef335f-3091-5772-829a-5a90087972e1-TST-RCT-T2-B.png,1,0.07981175184249878,fake
03088e45-06d6-5cd6-a884-1a123f018b89-TRN-RCT-T4-D.png,1,0.0017444661352783442,fake
0361932e-f1b3-500d-aa57-f5ba0de8d565-TRN-RCT-T1-A-FIN.png,1,0.44372984766960144,fake
0364989e-3b57-5c2c-81ff-a712f4b4d66e-TRN-RCT-T3-C-FIN.png,1,0.011521228589117527,fake
0391e4fc-04bb-5c56-9176-bae7d6ed753b-TRN-DOC-T2-B.png,1,0.06135615333914757,fake
03bef48d-522c-55f5-89e8-30277c5f33d5-TRN-RCT-T3-C-CORD.png,1,0.08022518455982208,fake
03c13cdb-d8e8-5d22-9539-40f6cd77f0ea-TRN-EML-T2-A-RVLCDIP.png,1,0.8692102432250977,fake
03d7d5c1-a524-5417-8153-4a33efdd288c-TST-RCT-T1-B-FIN.png,1,0.9822250008583069,fake
03f54143-7e68-5cc3-a3de-05ef955277cf-TRN-RCT-T4-A-FIN.png,1,0.9525638818740845,fake
03fe6369-bc22-5eb9-8be9-45451aa392a3-TST-RCT-T1-A-FIN.png,1,0.2899307310581207,fake
04164572-cc4f-50e6-a065-03f61162fbe3-TRN-EML-T1-A-RVLCDIP.png,1,0.6701756715774536,fake
0445aa41-8304-56d6-98e8-dee7dfaea929-TRN-RCT-T3-A-CORD.png,1,0.999779999256134,fake
045121ef-17b7-5b51-b93d-5b94cb6ec7b4-TRN-DOC-T3-C.png,1,0.001212264527566731,fake
045670e6-3f56-5844-9527-82f47e38f24e-TST-DOC-T2-A.png,1,0.5605343580245972,fake
046ee177-0e45-51c7-8753-04870b7d6e79-TRN-DOC-T4-A.png,1,0.8988926410675049,fake
047691dd-ccf7-5f43-a822-7d7af06d2b5d-TST-RCT-T3-C-FIN.png,1,0.001517671742476523,fake
048e4fdb-5bd9-5c6c-8006-de68289f76f2-TRN-RCT-T1-B-CORD.png,1,0.24969430267810822,fake
04bc51eb-d923-599c-8582-c6c1f06a988c-TST-EML-T2-A.png,1,0.3794114887714386,fake
04d742ba-7f52-57ae-a350-cf0807c344b2-TRN-RCT-T4-D-FIN.png,1,0.3581599295139313,fake
04f0fc05-81a0-5854-a3d9-1b986a3dc920-TRN-RCT-T4-D.png,1,0.03687382489442825,fake
0569a556-7871-5e29-b513-a398d37fed1a-TRN-RCT-T4-D-FIN.png,1,0.06744606047868729,fake
0575a1ae-d086-5641-a3e8-cc1f04dc23ab-TRN-RCT-T1-A.png,1,0.6562353372573853,fake
0575fe53-3c83-59c4-9947-1de664bace82-TRN-RCT-T3-B.png,1,0.10911115258932114,fake
05794912-af9e-5c03-954e-c6c4e0ffba03-TRN-RCT-T3-C-FIN.png,1,0.016707835718989372,fake
057fac3c-c821-5051-8230-7eec976e0bbc-TRN-RCT-T1-D-FIN.png,1,0.26010116934776306,fake
05909417-0df1-57ca-b1d9-74d99c655438-TRN-EML-T4-C.png,1,0.13539767265319824,fake
05948de9-5491-59cf-b3ca-fe91914fd723-TST-EML-T4-C.png,1,0.502165675163269,fake
05b253d8-8f6b-51a7-afd3-b33059cd3406-TRN-RCT-T4-D-FIN.png,1,0.01839863695204258,fake
05bf823f-94f8-5bed-870b-745c2f497954-TRN-EML-T4-A-RVLCDIP.png,1,0.04859621822834015,fake
05e00761-d7a9-5fac-aaf7-80cb47a500e8-TST-RCT-T1-B-CORD.png,1,0.3240703344345093,fake
05f276c7-29df-5136-b673-b9bb35f7a750-TRN-EML-T1-B.png,1,0.8426854014396667,fake
061a0bd7-ea35-5094-a503-46f1c672cea7-TRN-RCT-T3-B.png,1,0.4636843204498291,fake
0622ba0c-f891-5476-a7ea-135bacd2ed67-TST-RCT-T4-B.png,1,0.7634367346763611,fake
06455fb4-211c-5b78-b3de-9042b53bfabb-TRN-EML-T1-C.png,1,0.3367191553115845,fake
065aa3c1-2a6e-511b-a170-77eda4435226-TST-DOC-T2-B.png,1,0.2753426432609558,fake
0665d4e8-59a6-5309-98aa-f62317c2df45-TRN-EML-T3-A-RVLCDIP.png,1,0.6857531070709229,fake
0684cf3d-05a4-5953-bb7b-cb38073856fb-TRN-RCT-T4-C.png,1,0.21931816637516022,fake
07291bd4-45e5-5475-beb4-f6bcb6a6691c-TRN-RCT-T3-B-CORD.png,1,0.1365826576948166,fake
073d049b-edfa-56e8-bcdb-ef78d87fb0ab-TRN-RCT-T3-D-FIN.png,1,0.12260500341653824,fake
077094c8-1e32-522f-b02c-a241826d31aa-TRN-EML-T1-C.png,1,0.18296757340431213,fake
07847ae3-fb66-51e6-ac69-3dbfc7247e65-TRN-RCT-T1-D.png,1,0.9604222178459167,fake
07db03fc-144e-5968-aac6-a4cd0300e6b1-TRN-EML-T1-A-RVLCDIP.png,1,0.3302774429321289,fake
07e39971-c8ff-5e0c-8d53-87bbb03aca37-TRN-EML-T4-B-RVLCDIP.png,1,0.1133512631058693,fake
07f5510b-e6f8-5642-8d5c-dfe8915edbf1-TRN-RCT-T4-B.png,1,0.03759853541851044,fake
07f971ff-f3b7-5990-b5fd-ff6b65d49f44-TRN-EML-T4-B.png,1,0.5326539874076843,fake
07fc5674-77de-5a12-ada7-35a3c8c14e40-TST-RCT-T1-A-FIN.png,1,0.08741049468517303,fake
0811b88b-6bf8-59b2-ad5c-79d7fe188553-TRN-RCT-T2-A.png,1,0.6485572457313538,fake
081c89db-14e2-52cd-8a34-bd3555551ada-TST-RCT-T3-D-FIN.png,1,0.374559611082077,fake
082385c9-0ffc-5124-9bca-aed62604cbed-TST-EML-T4-B.png,1,0.18579073250293732,fake
0847784e-2387-5b9f-9559-d3e6d4beaa8c-TRN-RCT-T2-D.png,1,0.9553738832473755,fake
0863f3ca-110b-527f-b4fd-c964cd224441-TST-RCT-T3-D.png,1,0.34776178002357483,fake
086636a1-fa21-5564-96b0-ad0f0302fbc4-TST-RCT-T1-C-CORD.png,1,0.7573416233062744,fake
08804bec-8ba0-5004-ba74-594084ba0280-TST-RCT-T2-B.png,1,0.23835128545761108,fake
08810859-3a85-5ac8-a033-2b6184e52205-TRN-RCT-T3-D-FIN.png,1,0.024938814342021942,fake
0896f4ac-6ba6-580b-ab67-5b124130f511-TRN-RCT-T3-A.png,1,0.21293315291404724,fake
08b2066b-7a23-5e7f-bac5-d7197ed0f3bb-TRN-EML-T3-C-RVLCDIP.png,1,0.20110544562339783,fake
08bbc33d-d89d-5fc7-b3ed-7a43569c8294-TRN-RCT-T4-D-CORD.png,1,0.007270915899425745,fake
08cd2c76-267b-5c61-a375-4b451663477e-TRN-DOC-T3-C.png,1,0.0012866876786574721,fake
08d063b4-2365-509f-81c5-c6fb1f383b82-TRN-EML-T4-B.png,1,0.3546907305717468,fake
08d4ccd2-1554-5bb5-a9ca-9c54d596bd26-TRN-EML-T3-B-RVLCDIP.png,1,0.8935422897338867,fake
092478c3-eabe-5d4b-9a60-8dfd5e7e8feb-TRN-EML-T2-A.png,1,0.692281186580658,fake
093c069c-9d00-5327-b2a0-cc4b481c2154-TRN-RCT-T3-B-FIN.png,1,0.9932131767272949,fake
093ef824-601f-5681-a573-bc66076f207e-TRN-RCT-T2-C-FIN.png,1,0.04192354902625084,fake
094e2f81-00e5-5441-a7d8-2d8b7a00c236-TRN-RCT-T2-B-CORD.png,1,0.19911329448223114,fake
097c2120-68e3-5a99-9e5e-022dd268be19-TRN-DOC-T3-C.png,1,0.12231277674436569,fake
099246fd-7159-55c9-8f18-6023548582f1-TRN-RCT-T4-B-FIN.png,1,0.9906991124153137,fake
09c5530e-bf9f-5407-9120-0e9bfbdca31c-TRN-RCT-T2-B-FIN.png,1,0.01878325268626213,fake
0a27a2ab-b0e6-59e6-a5e9-e895eecd00ca-TRN-RCT-T4-A.png,1,0.5355415344238281,fake
0a2825dd-95b3-5e1f-b351-a84ab5250d37-TRN-EML-T2-B.png,1,0.8246267437934875,fake
0a4513bf-4b1e-5dd8-b585-06536ccdd31f-TST-DOC-T4-A.png,1,0.14054378867149353,fake
0a669e9b-4ebf-5af4-a7c3-9c5e43e548a8-TST-RCT-T1-D-FIN.png,1,0.36680033802986145,fake
0aae9b2f-4f17-5a64-a413-a60992df8992-TRN-RCT-T3-A-CORD.png,1,0.8849853277206421,fake
0ab0d855-df5c-5dcc-a7f6-c9fab3a1ed64-TRN-RCT-T4-D-CORD.png,1,0.0034591618459671736,fake
0ab46218-96bd-57d3-8656-5b379f4a0487-TRN-RCT-T3-D-FIN.png,1,0.4179755449295044,fake
0b1c269a-5267-5832-96c5-e556295cb1c1-TRN-RCT-T3-D.png,1,0.7212933301925659,fake
0b340953-fae5-5904-8d4c-ff334ce0cf2c-TRN-RCT-T3-A-CORD.png,1,0.9990587830543518,fake
0b40aa5c-3494-569b-8084-89f9a0797a64-TST-RCT-T4-C.png,1,0.019680192694067955,fake
0b4b129d-7d32-50d0-b4f3-d77b74a5af6b-TRN-EML-T2-A.png,1,0.8103442788124084,fake
0b64692d-9f1e-5401-b2ee-5698e1e514f2-TRN-DOC-T4-B.png,1,0.792810320854187,fake
0b6590bd-95f3-50d2-8d71-3c75fe4a13aa-TRN-RCT-T1-D.png,1,0.8418232798576355,fake
0bc374a5-4cb6-5d7a-a086-147e974db0bf-TST-DOC-T3-A.png,1,0.1454170048236847,fake
0c1a91fc-5aa7-5671-a0c2-de1badafab5f-TRN-EML-T2-A-RVLCDIP.png,1,0.6766806840896606,fake
0c2c6278-d1fa-558b-a052-5d103fcb53a1-TRN-RCT-T4-D.png,1,0.034141525626182556,fake
0c44abef-8b3f-5f24-998d-b431cc13a693-TRN-RCT-T3-C-FIN.png,1,0.0035993473138660192,fake
0c7ee2bb-87fc-5636-b6d2-77d38400c5bc-TRN-RCT-T2-C-FIN.png,1,0.9706849455833435,fake
0cdf00b3-7949-5618-8ba2-11dcba2d01ba-TST-DOC-T2-A.png,1,0.11329218000173569,fake
0ce25165-118c-5903-9b3f-ad3760854cfe-TRN-RCT-T3-B-CORD.png,1,0.9776803851127625,fake
0d107317-22b0-5d67-8ea3-700d819d88ac-TRN-EML-T3-B-RVLCDIP.png,1,0.5692126154899597,fake
0d1e0b13-5358-579b-9a38-f7c40508dbc4-TRN-RCT-T4-D.png,1,0.05008632317185402,fake
0d31fa35-c490-5fac-90d4-1361a332ef00-TST-DOC-T4-A.png,1,0.8005707859992981,fake
0d3b0b0e-4230-5bae-b924-87990c540098-TRN-DOC-T4-A.png,1,0.9123554229736328,fake
0d419f0c-599b-52dd-9318-fa36c5f1caf7-TRN-EML-T1-B.png,1,0.6587331295013428,fake
0d4d746d-d3e9-55b8-a60e-60df926df29c-TRN-RCT-T2-C-CORD.png,1,0.11202588677406311,fake
0d5071ec-8f30-5603-8486-7e160f24d015-TST-RCT-T3-B-CORD.png,1,0.9453607201576233,fake
0d52bd8b-32ac-5694-9542-b9946b4b2946-TST-EML-T1-B.png,1,0.865066409111023,fake
0d6f5e7c-fa4d-5149-98a7-23ec1a3ea6ed-TRN-EML-T1-A.png,1,0.8384584784507751,fake
0d6f5e7c-fa4d-5149-98a7-23ec1a3ea6ed_side_by_side-TRN-EML-T1-A.png,1,0.7393596768379211,fake
0d7621a8-b099-5ad4-a5ca-914ca903e638-TRN-DOC-T4-C.png,1,0.5073544979095459,fake
0d777287-3bc1-57a1-a30d-383e7578c77d-TRN-RCT-T1-C-CORD.png,1,0.1670934408903122,fake
0df35548-48e1-588c-ae97-53002d67ac84-TRN-RCT-T2-D-CORD.png,1,0.041434623301029205,fake
0dfe9d01-7c62-5fad-818f-b776ba2dc7c3-TST-DOC-T2-A.png,1,0.5390252470970154,fake
0e174dfe-1523-5ef9-9ec8-e6b7fa6b7dcc-TRN-EML-T3-B.png,1,0.9946334362030029,fake
0e7335a1-62b7-5700-84c0-ae3dfb6b2308-TST-DOC-T3-C.png,1,0.11625122278928757,fake
0f0302e0-e7a4-564a-b001-e91306ee1ba0-TRN-RCT-T4-D.png,1,0.9649444818496704,fake
0f12ccc2-4f21-5cb0-83cc-dafd802f8807-TRN-RCT-T3-A-CORD.png,1,0.08017828315496445,fake
0f36bf9e-1e20-513d-9a7f-45c46bb415b5-TRN-EML-T1-B.png,1,0.5156537294387817,fake
0f49efe1-8899-5c98-866a-42f46950f493-TST-RCT-T2-B-CORD.png,1,0.006661486811935902,fake
0f62f628-1452-5532-b8f8-9e98f99dff65-TRN-EML-T2-C.png,1,0.15802976489067078,fake
0f6c1ed0-c4e2-5850-8535-bd71f250b4da-TST-RCT-T3-D-CORD.png,1,0.3115553557872772,fake
0f750bfc-082f-5ab5-a5b7-117de0dd59b4-TRN-RCT-T4-B.png,1,0.9645660519599915,fake
0f7f518d-22b2-5275-b64f-fc8e4785e6ba-TRN-RCT-T2-B.png,1,0.18120037019252777,fake
0f950b03-e68a-58a7-bcc8-ce35d98faa56-TST-RCT-T2-D-CORD.png,1,0.017752747982740402,fake
0fb66387-60c7-5bde-8e9c-a495946a1f49-TST-RCT-T2-B-CORD.png,1,0.0741007998585701,fake
0fb6c277-3ea3-5c31-a6bf-191bdbad101e-TRN-RCT-T3-B-FIN.png,1,0.17311516404151917,fake
0fbc36ea-9c15-5bf0-b8aa-091c5b1be75f-TRN-EML-T4-A-RVLCDIP.png,1,0.4063447117805481,fake
0fbf078c-b3f5-5237-ae8e-712bf7d84a41-TRN-EML-T3-C-RVLCDIP.png,1,0.11553920060396194,fake
102bd81f-619b-568e-9e2a-2c263c495402-TST-RCT-T4-D-FIN.png,1,0.03630770370364189,fake
105163d5-8fb1-5a6d-a956-1cb02438652b-TST-RCT-T2-C.png,1,0.04138324409723282,fake
10b22357-908d-50fa-b73f-d1e03e705dec-TRN-EML-T3-B.png,1,0.9604607820510864,fake
10c802de-c368-5a3e-be41-1fb0a8868e44-TRN-RCT-T4-C-FIN.png,1,0.026102054864168167,fake
10cf61fb-e41b-5096-a81a-0cb28ef38f8d-TRN-RCT-T4-B.png,1,0.3150689899921417,fake
112f9851-84f2-57e5-9ad7-60917a8660a7-TRN-RCT-T1-C-CORD.png,1,0.0012841086136177182,fake
11375cca-376c-5675-bfe2-e37c2e5bb659-TRN-EML-T3-C-RVLCDIP.png,1,0.4709373712539673,fake
11384693-5053-5c3c-a64e-b0cdf298ba59-TST-RCT-T1-C-FIN.png,1,0.03630148246884346,fake
113e9f33-7dd8-5024-9772-5afa85970d20-TRN-RCT-T3-A.png,1,0.11336728930473328,fake
11528a2b-6b9e-5a08-b32b-e9dd8d621afe-TRN-EML-T2-A-RVLCDIP.png,1,0.8217649459838867,fake
1153bf09-3072-5566-b292-9f53ccbeacaf-TRN-RCT-T3-A-CORD.png,1,0.3444878160953522,fake
115cea9b-b72e-5861-a2ad-7a82f5753f87-TST-RCT-T4-A.png,1,0.706503689289093,fake
115ee4d5-c3c2-5ff5-9d0a-45849f2cf50e-TRN-EML-T4-A.png,1,0.016629919409751892,fake
1176089f-7695-58d5-9c1c-1e1c049f53b8-TST-RCT-T3-B-FIN.png,1,0.02958429418504238,fake
11967eba-6dd3-5128-bad2-183b8bd1d22a-TRN-DOC-T4-A.png,1,0.8272927403450012,fake
11ddca7d-bbe8-5fc5-b880-5c9e735fc91e-TST-RCT-T2-A-CORD.png,1,0.437735915184021,fake
11dddaec-524d-53a4-b703-822276be7106-TRN-EML-T4-C.png,1,0.5234419107437134,fake
121a3c5c-13ef-5d51-be4a-015ee6dd4d6b-TRN-DOC-T2-C.png,1,0.0008829571306705475,fake
12460ec6-d79c-5835-8c87-d5fa5108749d-TRN-RCT-T4-C.png,1,0.006799360271543264,fake
12917b33-e0fb-5940-9f53-8570a9d65b7d-TRN-RCT-T2-D-FIN.png,1,0.3341342508792877,fake
12aef534-9987-5f5c-8301-675490604948-TST-DOC-T2-A.png,1,0.33535149693489075,fake
12c0e1a3-a67f-5986-a78e-753547073b18-TRN-DOC-T2-B.png,1,0.04894164204597473,fake
12c802ac-5ba9-5d04-8088-d6c5bdc091f1-TST-RCT-T1-D-CORD.png,1,0.27018576860427856,fake
12caa33e-4688-555e-b9c1-b2275fdad8e7-TST-RCT-T1-B.png,1,0.6086909770965576,fake
12e36293-a2de-532c-835d-04258817bcaa-TST-DOC-T4-C.png,1,0.21675936877727509,fake
1306eaf4-8a76-56aa-990e-76308ba81170-TRN-RCT-T1-B.png,1,0.8873512744903564,fake
13157030-a7ce-5409-8f74-7b6b20cfae54-TST-RCT-T3-A-CORD.png,1,0.20614786446094513,fake
134a1ff5-5614-5d1c-bd2f-942d28754b00-TRN-RCT-T2-C-FIN.png,1,0.11651785671710968,fake
1351d82c-9991-5b10-9697-94b014c5e69e-TST-RCT-T2-B-CORD.png,1,0.059507112950086594,fake
137bc911-9ff6-5d09-88ec-9a28c44f833b-TRN-RCT-T1-C-CORD.png,1,0.007508196402341127,fake
138a13f5-27ea-5176-a9dd-0124ebb5473e-TRN-RCT-T1-D-FIN.png,1,0.31474941968917847,fake
139cf3af-5998-55ca-8c86-9f7d59825d56-TRN-RCT-T1-B-CORD.png,1,0.9996814727783203,fake
13aaaaf8-ec37-5029-a31d-6c222ad776ca-TST-DOC-T4-C.png,1,0.3876841366291046,fake
13e549e1-a962-5d7e-a1bc-7026d1495696-TRN-RCT-T1-D-CORD.png,1,0.004283021669834852,fake
13ea31cd-e6c3-5a62-9826-c88e18f63b9e-TST-RCT-T1-A-FIN.png,1,0.06784149259328842,fake
142928c6-5cb3-5b17-90c2-3d51d858fe54-TRN-EML-T2-A-RVLCDIP.png,1,0.2879321277141571,fake
14296d6b-4c03-5cf8-b411-23dfb4d7b4a8-TST-RCT-T4-B.png,1,0.49213045835494995,fake
14439121-c716-5cf7-84b7-1c39a39dd01d-TRN-RCT-T2-A.png,1,0.3612775206565857,fake
1449686f-ddfc-5e61-8ad6-0c0b2d2aca3d-TST-RCT-T2-C-FIN.png,1,0.12972654402256012,fake
146b8836-a13c-5e7e-8b89-3b426ce18ba4-TRN-RCT-T4-C-CORD.png,1,0.9659251570701599,fake
149cf34e-2575-5b0c-b45b-0f4acaaf6658-TST-RCT-T3-C-FIN.png,1,0.1731705665588379,fake
14d20c14-79f3-5be2-b9f0-954c6e466beb-TRN-RCT-T4-C-FIN.png,1,0.12406712025403976,fake
14f6c308-e34b-57e7-9721-22c80ae1a50e-TRN-DOC-T2-C.png,1,0.010081207379698753,fake
1513c8ee-b0ff-50c2-8c00-e71d4411fb85-TRN-RCT-T1-B-CORD.png,1,0.9981397390365601,fake
153835a5-687d-51e8-a62b-ca22752247f8-TRN-EML-T3-C.png,1,0.7729674577713013,fake
154cf49f-9882-51d4-8c86-9550cf308527-TRN-DOC-T4-B.png,1,0.9441007375717163,fake
1553c570-41a5-5012-b95c-ee3651c38d28-TRN-RCT-T3-B.png,1,0.9997419714927673,fake
156e69bb-f447-5f00-8e28-0a9d4de3e4b2-TRN-RCT-T3-C-FIN.png,1,0.0018039803253486753,fake
15dd716e-f584-5f16-9d50-e879c4ba0e4c-TRN-RCT-T1-B-CORD.png,1,0.791987955570221,fake
15e77e3d-eb03-5584-9693-932402ce4d8c-TST-RCT-T4-C-FIN.png,1,0.004412930458784103,fake
1655285a-e11e-5fbb-9567-dd3d91c2b893-TRN-RCT-T3-C-CORD.png,1,0.00013343300088308752,fake
166a07c4-7412-5b69-8252-306f38336799-TRN-RCT-T3-A.png,1,0.16377611458301544,fake
16704b1e-7f8b-5892-9a62-7d0d17031527-TRN-RCT-T4-A.png,1,0.9418540596961975,fake
1680cdae-90ae-5ed0-b084-580fd9fb5117-TRN-RCT-T4-C-FIN.png,1,0.028868746012449265,fake
1683aeb2-999c-597f-a7c5-a7e960c4978f-TRN-RCT-T1-C-CORD.png,1,0.020157644525170326,fake
168b3b4d-d742-535e-b844-9864e46f34fd-TST-RCT-T4-C.png,1,0.0096919359639287,fake
17163f18-041d-533b-affe-b7c49c706430-TST-RCT-T4-B-CORD.png,1,0.5959351062774658,fake
173389aa-0c4c-5ea0-96b1-d639fb8f03dd-TST-RCT-T4-C.png,1,0.0421152301132679,fake
1768fbd9-f081-59fc-bdac-a91a51676a2d-TRN-EML-T4-C-RVLCDIP.png,1,0.32140806317329407,fake
1775c356-f3bd-5666-83a6-413df85657a7-TST-RCT-T1-A-FIN.png,1,0.1153336614370346,fake
177e660f-8a6c-5366-b3a0-0f9431590cf7-TRN-RCT-T1-C.png,1,0.6161882281303406,fake
17c4905d-2fff-5686-aeff-92aa0d4083d0-TRN-RCT-T3-B-FIN.png,1,0.950263500213623,fake
17d55645-130d-57af-b13d-800e480c5a44-TRN-RCT-T1-D-FIN.png,1,0.0888538658618927,fake
18092561-9fb8-55d9-a68f-e5c7871162ed-TRN-EML-T4-C-RVLCDIP.png,1,0.27224260568618774,fake
18353df1-01be-51e5-b06b-cbae4ef9650a-TRN-EML-T4-B-RVLCDIP.png,1,0.21481408178806305,fake
187fbf13-4eb8-5ac1-80c6-5f509f379520-TST-DOC-T1-C.png,1,0.43167969584465027,fake
18836281-a93a-5cac-9e3b-0b521101242f-TST-EML-T3-A.png,1,0.7330414056777954,fake
18884ff3-bddc-53dc-a0ee-4256669b2c5e-TST-RCT-T3-B.png,1,0.7732135653495789,fake
1892ce54-e6ec-5549-9e80-e24a8193b51a-TST-EML-T2-B.png,1,0.25636065006256104,fake
18bdd25b-a294-5434-9c90-88e70288a6df-TRN-RCT-T4-C-FIN.png,1,0.02196555584669113,fake
18f07431-8cfb-5db0-a049-2dc079d1c3d6-TST-DOC-T1-A.png,1,0.13304761052131653,fake
191de1b2-19dc-5bd8-909c-9494120c5a2e-TRN-RCT-T4-D.png,1,0.020398657768964767,fake
192fecf0-43d4-5604-98ba-74546926ad0b-TST-RCT-T4-A-CORD.png,1,0.9997708201408386,fake
194bdad7-5489-5aa6-9dae-a26d1613e606-TRN-DOC-T1-A.png,1,0.07701516151428223,fake
1950fcbc-8e45-5c5c-952c-e4c339732258-TRN-EML-T1-A-RVLCDIP.png,1,0.7930133938789368,fake
1950fcbc-8e45-5c5c-952c-e4c339732258_side_by_side-TRN-EML-T1-A-RVLCDIP.png,1,0.0652855634689331,fake
19998834-218f-50c0-a098-bb78a1690d75-TRN-DOC-T1-C.png,1,0.9861056208610535,fake
19eb82b6-e963-5118-afcc-2aec54dd0183-TRN-RCT-T2-C-FIN.png,1,0.15961222350597382,fake
19f91155-5adb-574f-8d2b-12b095b144b4-TRN-RCT-T2-A-FIN.png,1,0.5589896440505981,fake
1a068a5f-a196-5e27-88c2-62f015fcbde5-TRN-EML-T2-C.png,1,0.06642159074544907,fake
1a447af5-625a-5373-807f-5e6067385290-TRN-EML-T4-B-RVLCDIP.png,1,0.1934925615787506,fake
1a5b6f1e-e556-52d0-9a2c-db42e04ca6f1-TRN-RCT-T4-D.png,1,0.00014482825645245612,fake
1a61bb5b-9a6f-5826-bd41-ec19e6af509c-TST-RCT-T4-B.png,1,0.22882667183876038,fake
1a6843b1-0fcf-5e46-83e4-8e9b1884b6c8-TRN-RCT-T1-C.png,1,0.0050466591492295265,fake
1a77b745-ce0e-5c24-a28e-3b3c284aa67c-TST-DOC-T4-A.png,1,0.3606645464897156,fake
1a870fa0-61a4-5399-b2bd-d362d36ed49d-TST-RCT-T1-D-CORD.png,1,0.882449209690094,fake
1a9ae1bf-38ef-57d4-86c3-b0423ea14c55-TST-RCT-T2-D.png,1,0.08839847147464752,fake
1aa3e9e3-2b77-5532-84b3-b6890d3089f7-TRN-RCT-T3-B-FIN.png,1,0.23106706142425537,fake
1abb224f-565f-5804-ba12-3b0cd060b1ac-TRN-RCT-T4-B.png,1,0.9991182684898376,fake
1abb5c0d-14b1-5b3f-bfcc-601f24892582-TRN-RCT-T3-A-CORD.png,1,0.5585470199584961,fake
1b352db0-0a37-52f4-853b-bde31050bb54-TST-RCT-T1-C-CORD.png,1,0.08992984890937805,fake
1b52bc07-0079-51fe-8de4-616edd8c5205-TRN-DOC-T2-A.png,1,0.0029733357951045036,fake
1b796a57-e5a7-5b71-aa93-c3fdd80e764b-TRN-RCT-T1-B.png,1,0.67670738697052,fake
1b86f313-f670-56dc-883c-05f45de9a9d1-TST-DOC-T1-B.png,1,0.8956329226493835,fake
1bd65fa1-6786-5856-acc1-3f79aa6d0238-TRN-RCT-T1-C-CORD.png,1,0.02919585630297661,fake
1be2c42d-5d0e-53c1-ab0a-920b3eaa5daf-TRN-EML-T2-C-RVLCDIP.png,1,0.019426772370934486,fake
1beee7dc-3171-5f9b-b001-30ad5f6e7e2c-TRN-RCT-T2-A-FIN.png,1,0.37328040599823,fake
1c189452-3218-53b5-9d56-8412f01310aa-TRN-DOC-T4-B.png,1,0.8326233625411987,fake
1c28ebf5-5828-5867-96f0-cecdc3c42cdf-TRN-RCT-T2-D-FIN.png,1,0.29822012782096863,fake
1c46b12a-f93d-56ed-8d19-7fb4985c7767-TRN-RCT-T4-D-CORD.png,1,0.00900514330714941,fake
1c4f6084-be6f-5875-b2a2-e44dbc64b487-TRN-DOC-T3-A.png,1,0.22184976935386658,fake
1c692233-b515-53ad-afe6-cb63670e33f9-TRN-RCT-T3-B.png,1,0.3447234034538269,fake
1cb84d62-1d04-5f78-aaae-858a8749a436-TST-RCT-T1-A.png,1,0.0037629783619195223,fake
1ccc431f-8d07-54d9-a5ad-f771eec0bdfe-TRN-RCT-T3-D-CORD.png,1,0.8317510485649109,fake
1cd52aa1-2100-5b51-b30a-7eaca9b3aa94-TST-EML-T1-B.png,1,0.6788311004638672,fake
1ce5ebaa-a515-5f0a-9486-9a376d5a361e-TST-RCT-T1-D-CORD.png,1,0.5833847522735596,fake
1cf4f271-6b2a-509c-afdc-008daf483c70-TRN-EML-T3-B.png,1,0.7302281260490417,fake
1d0aa4a4-d8c3-5fa5-adaa-6e59d8b89c51-TST-DOC-T3-C.png,1,0.00020158689585514367,fake
1d355043-ccfb-563e-8072-5d32cfd0598f-TRN-EML-T1-A.png,1,0.17642967402935028,fake
1d3a3279-3b9b-5441-938e-dee8be91bb18-TRN-EML-T2-B-RVLCDIP.png,1,0.49436360597610474,fake
1d412e6e-773a-5f6f-98cf-03267362a1de-TST-RCT-T4-C-FIN.png,1,0.0003743977576959878,fake
1d56246b-08cd-5c87-94b7-3b195ae3e9c8-TRN-EML-T2-B.png,1,0.23984012007713318,fake
1d712012-f204-5aad-91df-4b84cb2f08ac-TRN-EML-T2-B-RVLCDIP.png,1,0.5404800176620483,fake
1d7eadf5-e13b-50d4-b463-dc1045bef1f5-TRN-DOC-T3-B.png,1,0.9107710123062134,fake
1da5d654-11ba-5438-8e95-8a1eca23dca3-TRN-RCT-T3-A-FIN.png,1,0.5014328956604004,fake
1dc85667-9fcc-504e-bf29-7e3dd36cc7f5-TRN-EML-T4-B.png,1,0.6124880313873291,fake
1dcce7d6-b549-5eb3-a86b-694259157ef4-TRN-EML-T3-A.png,1,0.6060004234313965,fake
1e0499f6-737a-5fa4-bce4-dd5b09a163c1-TRN-EML-T2-C-RVLCDIP.png,1,0.007730759214609861,fake
1e1845a5-53ee-5d25-a38c-1dae301e7cc5-TST-RCT-T3-C.png,1,0.01805798150599003,fake
1e1b2f7e-fa4d-5036-a014-ff591c1d143c-TRN-EML-T3-A-RVLCDIP.png,1,0.9349846243858337,fake
1e4d13ab-5da8-555b-a974-5176cf596b6e-TRN-RCT-T2-A-CORD.png,1,0.9994834661483765,fake
1e5a6ad6-1aad-5641-8725-34500381edd8-TST-RCT-T3-A.png,1,0.31019318103790283,fake
1e74c935-a72d-53af-a2db-da7914ca076e-TRN-RCT-T3-C-CORD.png,1,0.0002073444629786536,fake
1e8e0e5a-0ced-5b3c-9d3e-f3235fb24d0c-TRN-RCT-T3-D-FIN.png,1,0.28391796350479126,fake
1eb53cdc-8f96-5b1b-a8dc-081c823e806e-TST-RCT-T4-C.png,1,0.013166477903723717,fake
1ee28baa-6606-5dd3-a321-eaef19005583-TST-EML-T2-C.png,1,0.013453977182507515,fake
1eed5772-1245-504c-b293-21d9ed588ecc-TST-EML-T4-C.png,1,0.5234034061431885,fake
1f2d370b-9621-51f7-8ed2-e396c39e4bfa-TRN-DOC-T4-B.png,1,0.198878675699234,fake
1f353eaf-3e6c-515c-b7c7-d3b5b1f0f7ed-TRN-EML-T3-A-RVLCDIP.png,1,0.9630129933357239,fake
1f7a1c01-2b2b-5ff3-84ae-21272f3a8ab7-TRN-RCT-T1-A-CORD.png,1,0.07121159136295319,fake
1f7cf996-1e31-5e02-bf4b-a92f9948eca4-TRN-RCT-T1-C.png,1,0.27258366346359253,fake
1f91dc52-0783-5db2-8fb2-373a8ee348ce-TRN-RCT-T1-A-CORD.png,1,0.7919001579284668,fake
1fa6d656-6874-5eaa-87ad-1f2ffeb5105b-TRN-RCT-T4-A-FIN.png,1,0.970795750617981,fake
1faf3053-8c20-5886-9acb-861b5c886521-TST-RCT-T1-D-FIN.png,1,0.09593595564365387,fake
1fcbd2e9-ea4a-555f-b8f2-81b1b6f032fb-TRN-RCT-T2-D.png,1,0.16188809275627136,fake
1fdbd1b7-4be9-5227-ada6-606192a6df59-TRN-RCT-T4-D.png,1,0.20955148339271545,fake
200bac94-dd27-5e12-b72d-fa51aeece572-TRN-EML-T4-A.png,1,0.16576187312602997,fake
2011563a-5df8-5a18-b76c-b7082d6ddbb5-TRN-RCT-T4-B-CORD.png,1,0.8870802521705627,fake
201309b4-83bd-5e86-b254-75abc19adc8b-TRN-DOC-T4-B.png,1,0.92354416847229,fake
20323763-4a6b-544d-9df8-db159cccb333-TRN-RCT-T3-D.png,1,0.5727885365486145,fake
20359bbf-65ad-52fc-8e2c-3324be38b9f1-TRN-EML-T4-C-RVLCDIP.png,1,0.5438496470451355,fake
203686bf-79ff-5038-89ef-f9085a913b99-TRN-DOC-T4-C.png,1,0.31866583228111267,fake
203f9742-f8dd-548e-885b-2e4eb360dd4c-TST-RCT-T1-D.png,1,0.3386358916759491,fake
205a2425-570c-5f36-bb80-9eea01dff49f-TRN-RCT-T2-D.png,1,0.13069996237754822,fake
2084984c-8f37-5c4e-93a8-f2bb96ad3621-TRN-RCT-T1-C.png,1,0.16481207311153412,fake
20dbcafe-ee28-5cdb-bd0a-43a4df25dad9-TRN-RCT-T2-C-FIN.png,1,0.07779470831155777,fake
20e91185-91be-50f5-b397-06dd64f257a0-TST-RCT-T4-C-FIN.png,1,0.08629552274942398,fake
212a18ae-496f-5ee3-a9de-9bf2f5091e76-TRN-RCT-T2-B-FIN.png,1,0.9758014678955078,fake
21359e5c-4174-5c90-a83b-de418d5d623d-TRN-RCT-T1-A-FIN.png,1,0.5478386878967285,fake
215ad97f-7332-5b0c-87d8-2c8d08ac8821-TRN-EML-T2-B-RVLCDIP.png,1,0.4092167317867279,fake
2165a69a-a8dc-554b-afea-b9eaa954ce4a-TST-EML-T2-B.png,1,0.5760680437088013,fake
21674713-91e6-5692-b386-7ba1ea842754-TST-RCT-T1-D-CORD.png,1,0.9400216937065125,fake
2170fac1-ddb7-58c6-abae-60e743c4e50e-TST-DOC-T1-A.png,1,0.6571441292762756,fake
219f8b1e-88ed-5155-acac-7313443b1637-TRN-RCT-T4-B.png,1,0.7489728331565857,fake
21d142a2-69b8-5d9d-b110-d3a785e10ccb-TST-RCT-T2-B-FIN.png,1,0.09951883554458618,fake
220a1f07-7348-5d73-9b18-4f47c9fb0fdc-TRN-EML-T1-B-RVLCDIP.png,1,0.8444505333900452,fake
221350d1-8183-5a66-ba8e-1e4e8cac63fb-TRN-RCT-T3-B-FIN.png,1,0.9691298604011536,fake
225946b0-9c6d-55e8-9036-3ccd6ba0a5b5-TRN-DOC-T4-B.png,1,0.7719622850418091,fake
22614904-2639-5445-afb8-c78b98eea00a-TST-DOC-T3-C.png,1,0.038139939308166504,fake
22a15d18-a94b-5dd8-b79d-cb2d8fbbafae-TRN-EML-T4-A.png,1,0.05365550145506859,fake
22bfb763-12f6-5e38-9e98-4de8294e9add-TST-RCT-T2-C-FIN.png,1,0.03708871454000473,fake
231b5f54-1718-54da-b7e0-994aa981c0c7-TRN-RCT-T4-D.png,1,0.31428009271621704,fake
2323d162-0736-53e6-8186-c4497117cdcb-TRN-RCT-T3-A.png,1,0.19855812191963196,fake
232fefd9-3ff0-51b7-a72f-81ef9e95edfe-TRN-RCT-T4-D-CORD.png,1,0.04879698529839516,fake
233998b2-b20a-5d1e-b785-7753d7cd73b0-TRN-RCT-T4-D-FIN.png,1,0.36845308542251587,fake
238d664f-ff92-5d84-9c69-1779f5ac22b3-TRN-RCT-T1-B-FIN.png,1,0.5909260511398315,fake
23d0d669-7d57-5887-981b-5bb855512ad4-TRN-DOC-T3-B.png,1,0.015176116488873959,fake
23dfee7b-d683-593f-ae87-520bf9fee3c6-TRN-EML-T4-C-RVLCDIP.png,1,0.057190269231796265,fake
23e40fa6-6cb4-56d0-8ea4-ee8ec24f8d4a-TST-RCT-T2-D-CORD.png,1,0.678656280040741,fake
23ea7781-443c-58d2-ae59-f2a32888dec0-TRN-RCT-T4-C-FIN.png,1,0.004350773058831692,fake
2409dd19-35c1-5f02-aaf0-63bb336c2bfa-TRN-RCT-T3-A-CORD.png,1,0.4372289478778839,fake
24587d08-ab5a-5dc1-843b-a7e2a1b4a951-TRN-EML-T1-B.png,1,0.7822902798652649,fake
248b3b83-8de3-5e5a-864b-fb50d8b631e0-TRN-DOC-T2-A.png,1,0.06883950531482697,fake
248ea02e-1101-5379-b18d-af3a0d66b006-TST-DOC-T1-B.png,1,0.40797725319862366,fake
24930e18-444a-5438-8fcc-94406557a4bd-TRN-DOC-T4-B.png,1,0.08114513754844666,fake
249b8990-8ec9-5cd0-927b-6ff75fef9561-TST-DOC-T2-B.png,1,0.12120131403207779,fake
24a65842-ce7f-5048-97ca-30ef0aafba6f-TST-RCT-T3-B-FIN.png,1,0.4663711190223694,fake
252f3cc6-248f-5a11-b9d9-e8a9e4803b0c-TRN-EML-T3-C-RVLCDIP.png,1,0.8115096092224121,fake
25340d6a-9ca6-5003-9471-528691a4f509-TRN-RCT-T1-A-FIN.png,1,0.4633426368236542,fake
254b665c-fead-5ddf-bac7-9ed51158b5ab-TST-RCT-T3-B.png,1,0.9657979607582092,fake
25541e94-8d01-5df7-9258-bc85ff1f4577-TRN-RCT-T4-C.png,1,0.10535226762294769,fake
2565bba0-57fc-5b43-b12a-a7ae4f6d9246-TST-RCT-T2-D-FIN.png,1,0.12470021098852158,fake
258a9690-8c0f-55fd-b76f-5f685983b38e-TRN-EML-T3-B.png,1,0.9793360829353333,fake
259dd880-3dbd-5a7e-a489-03f0d570489b-TRN-RCT-T4-B.png,1,0.2425459921360016,fake
25a0e256-0f5c-5639-ae45-fdc75e9265d9-TRN-RCT-T1-D-CORD.png,1,0.19094985723495483,fake
25ba8a3b-7990-5781-9e85-bfd99d34c29a-TRN-EML-T1-B.png,1,0.8786949515342712,fake
26061881-d52b-5030-af21-5b394b847f58-TRN-RCT-T1-A-FIN.png,1,0.3804062008857727,fake
268324d2-7d6b-54fd-923b-eebba8f0867a-TST-RCT-T3-A-CORD.png,1,0.9997722506523132,fake
268d1b45-a0b7-5566-a5d5-4d8d02bb312b-TRN-RCT-T3-C.png,1,0.005331018939614296,fake
26a54538-3055-5c6d-b92f-d3959f6b4bb4-TST-RCT-T4-D-FIN.png,1,0.09952554106712341,fake
26b48e23-d06b-51c6-a728-4c174d667b19-TRN-RCT-T4-C-FIN.png,1,0.38654211163520813,fake
26e3fa1d-ae59-5558-80c8-5039bfb1eb56-TST-RCT-T4-D-FIN.png,1,0.0016254475340247154,fake
270c266a-49cf-5b3f-95b0-cbf9b6c58d6b-TRN-DOC-T4-A.png,1,0.35298049449920654,fake
274f2f17-56c4-5cc6-8100-869977958d64-TRN-RCT-T2-C.png,1,0.04529223591089249,fake
27519905-7f44-571a-81b1-c01819f35a5b-TRN-EML-T3-A-RVLCDIP.png,1,0.20607364177703857,fake
276b51a1-c9f7-5c34-a88c-dec1024c6634-TRN-EML-T3-A-RVLCDIP.png,1,0.4378182590007782,fake
276dabed-67ff-570a-94ca-362cb0e0e2dc-TST-RCT-T4-D.png,1,0.04941800609230995,fake
277b993b-f0b2-5f61-9931-4737435e36cf-TRN-DOC-T4-A.png,1,0.5847337245941162,fake
27d184af-f77b-5a4c-b6f3-98157c7a8093-TRN-EML-T1-B.png,1,0.8874823451042175,fake
27e0d3fa-fada-5844-a2de-b3b81b9839e8-TST-RCT-T4-B.png,1,0.016105111688375473,fake
28054906-5119-5741-bcc5-27d0d3f46a84-TST-RCT-T4-B-FIN.png,1,0.8633396029472351,fake
28153c3a-d836-5808-a12d-9ecc86090b37-TST-RCT-T4-A-CORD.png,1,0.9345188140869141,fake
28184a9d-c449-534b-8006-49feeb2f1a74-TRN-RCT-T1-A.png,1,0.21158450841903687,fake
2840746b-4b31-5323-b005-b82e0de4dc57-TST-RCT-T2-B.png,1,0.7458629608154297,fake
28427ab9-e770-5017-9bcd-cbe830d885f9-TRN-RCT-T4-B.png,1,0.06891825795173645,fake
2857f645-9aae-5464-88b6-9a2874206684-TRN-RCT-T1-D-CORD.png,1,0.8851532340049744,fake
2858ca5a-a9ad-5952-ae00-58a537b687a0-TRN-RCT-T4-D-CORD.png,1,0.011388527229428291,fake
28601286-4a8d-5e6e-a271-50fb59e20083-TRN-EML-T4-A.png,1,0.8137344717979431,fake
2861e075-5265-5595-a48a-2d7740f8220c-TRN-RCT-T2-D-CORD.png,1,0.06980793178081512,fake
287bf256-a883-5fbc-a1ab-a6a093a882b0-TRN-RCT-T3-C-CORD.png,1,0.013619816862046719,fake
28a606e9-430a-5abc-8958-645938789305-TRN-DOC-T3-B.png,1,0.006351407617330551,fake
28b89dd9-1c71-5ff9-b625-e727afb4b0e8-TST-EML-T4-A.png,1,0.41826555132865906,fake
28c4e6a3-bc96-5fdf-afcd-2125f4bcd0b4-TRN-RCT-T2-B-FIN.png,1,0.142276793718338,fake
28f3b37a-9689-50f5-9988-8f0acb4f10db-TST-EML-T1-C.png,1,0.009007948450744152,fake
2905371d-a3fb-5dab-96ce-cbf763a1ab38-TST-RCT-T4-A-FIN.png,1,0.7341822385787964,fake
29057999-e1ca-54ec-a341-64b18beb5813-TRN-RCT-T2-D.png,1,0.387604683637619,fake
290bb6f8-607b-5bd4-bef5-9931da8199cc-TRN-RCT-T1-B-CORD.png,1,0.576947808265686,fake
2911421e-1a1a-5015-92bc-301e79abb9e9-TST-RCT-T1-C.png,1,0.13920268416404724,fake
294b5298-8386-5b7c-a162-cb1e67a7b528-TRN-EML-T2-B-RVLCDIP.png,1,0.9403732419013977,fake
295c19e4-a557-5ec6-bafd-780706fa1615-TST-RCT-T2-C.png,1,0.006203493569046259,fake
2964e28d-abdd-5e9f-a0cf-165bcbcd751d-TRN-EML-T4-C-RVLCDIP.png,1,0.004709948319941759,fake
29686ee0-2f4a-5c7a-897c-fa1a9cf202ca-TRN-RCT-T2-B-FIN.png,1,0.8682056069374084,fake
29a461ca-15c1-5811-8561-556c1d6a6ffd-TRN-EML-T4-B.png,1,0.790653645992279,fake
29b3bea0-ff69-580d-9ad7-b4806d63da32-TRN-RCT-T4-D-FIN.png,1,0.5522624850273132,fake
29cd8e5c-3e5a-5cca-b652-a3c88f25be53-TST-DOC-T3-A.png,1,0.3988058567047119,fake
29d20ce6-a6f5-5346-ae85-bae188873888-TRN-RCT-T4-D.png,1,0.41093531250953674,fake
2a39ea49-7627-5754-acff-1364238b56b0-TST-DOC-T4-B.png,1,0.9439173936843872,fake
2a784a74-4d07-57b5-98d5-f2f92e4cec06-TRN-RCT-T4-A-FIN.png,1,0.999721348285675,fake
2a8d8f32-cfde-55a0-87e2-7566c427f2bf-TRN-RCT-T2-C-FIN.png,1,0.33843445777893066,fake
2a905765-02c0-5f8d-bd13-f640bb6c31c7-TRN-DOC-T1-B.png,1,0.9793087840080261,fake
2ae2754f-199e-5847-9894-2d15d7ff5255-TST-EML-T1-C.png,1,0.21396739780902863,fake
2ae2cd4a-1d71-5e1e-b0ff-8c52aac16764-TST-RCT-T3-B.png,1,0.009465912356972694,fake
2afaa289-8a48-511f-a9f0-04d2d989899d-TRN-RCT-T2-D-FIN.png,1,0.04220002517104149,fake
2b0c3d49-211b-50fd-893b-5bb53613f241-TST-EML-T1-A.png,1,0.7844611406326294,fake
2b56475b-cdf2-5d9f-9a64-3dccbc20e417-TRN-DOC-T4-B.png,1,0.6815980076789856,fake
2b637c93-2168-5880-a033-75e1778401f9-TRN-EML-T4-B-RVLCDIP.png,1,0.854143500328064,fake
2b715d23-6df8-51b8-aa68-69d453cad351-TRN-RCT-T3-D.png,1,0.8991947770118713,fake
2b88e9d6-cccc-58b1-adaa-bd449969342b-TRN-RCT-T2-B-CORD.png,1,0.9993983507156372,fake
2b8dbdd2-6c40-560e-8b79-08723aace115-TRN-RCT-T4-B.png,1,0.9084396362304688,fake
2bef8fca-67f4-53a3-b193-6391483d37ae-TRN-RCT-T1-B-CORD.png,1,0.024904437363147736,fake
2c27a11c-2143-509f-ab78-893e2169a700-TRN-RCT-T2-A-FIN.png,1,0.5035722255706787,fake
2c41da67-8be3-53a8-9cbb-e62983389982-TST-DOC-T1-B.png,1,0.9188536405563354,fake
2c4882e7-b736-567c-ab64-69c9b6c752d2-TRN-RCT-T4-B-CORD.png,1,0.7320536971092224,fake
2c7fb9bf-cd40-55e1-a989-8c1294318caf-TRN-DOC-T4-C.png,1,0.47018927335739136,fake
2c9936be-5bf4-5c39-b410-c15265ef54d8-TST-RCT-T1-D.png,1,0.1934272050857544,fake
2caa65c5-15ab-5641-8799-2fafa082f672-TST-RCT-T4-B.png,1,0.7181973457336426,fake
2cb072b6-7bcb-57c6-9434-ae1c64617b36-TRN-EML-T3-A.png,1,0.9489474296569824,fake
2cc1ae95-424b-5f3b-b104-1ffd09eac5a3-TRN-EML-T4-C-RVLCDIP.png,1,0.6221113801002502,fake
2cc9388f-8264-5d80-b55e-90688ecf46cc-TRN-RCT-T4-D.png,1,0.25356391072273254,fake
2ccdb4f0-9542-5ab3-a171-7f9c9f276219-TST-RCT-T2-C.png,1,0.01399841345846653,fake
2cfe5ca7-e7c6-5898-88d4-ae1660af930a-TRN-EML-T3-B-RVLCDIP.png,1,0.34376320242881775,fake
2d206710-3ace-5627-8918-5b69d7602a56-TRN-EML-T2-C.png,1,0.017437860369682312,fake
2d2b472a-3f51-5593-a44a-e8d1b2cd1e2e-TRN-RCT-T3-C-FIN.png,1,0.02048678509891033,fake
2d680e40-41ec-578f-846d-0416991e054f-TRN-RCT-T2-B-CORD.png,1,0.31444334983825684,fake
2d869844-c6e7-55fd-946e-a1b32809a9ea-TRN-RCT-T1-C.png,1,0.28707602620124817,fake
2d923b6e-c55e-5d9e-b8be-0062d03e3dda-TRN-RCT-T3-D-CORD.png,1,0.2192777544260025,fake
2d9cad54-6df6-5688-825f-76c93ad02420-TRN-RCT-T2-D-CORD.png,1,0.7723628878593445,fake
2db724be-6c2c-5b15-92f9-53aa665987a5-TRN-DOC-T2-B.png,1,0.1553838700056076,fake
2dc098fe-0168-5c1d-8dc8-9dcda2869099-TRN-EML-T1-B-RVLCDIP.png,1,0.637344241142273,fake
2dc85fc9-ae97-5a68-a1f6-a22ce3872835-TRN-RCT-T1-B-CORD.png,1,0.9997038245201111,fake
2e3d0555-6249-57d5-9c8a-aa183eca4bed-TRN-EML-T3-C.png,1,0.5891640782356262,fake
2ebdd30c-efa3-52e5-85c5-1c981c41f10a-TST-RCT-T4-B-FIN.png,1,0.9646292328834534,fake
2ec19df4-4d72-506a-a188-8e4f37cef9da-TRN-RCT-T1-C-CORD.png,1,0.05281149223446846,fake
2ed7c533-bc22-5244-bdae-d5ec8d60ca41-TRN-RCT-T2-D-CORD.png,1,0.40391403436660767,fake
2f074739-acd9-5ab8-bad6-01d4d99cc759-TRN-RCT-T2-A-CORD.png,1,0.9933034777641296,fake
2f29d377-2bf3-5ec0-8a82-7c4ecb04aeaf-TRN-EML-T1-A.png,1,0.2132590115070343,fake
2f37117c-e5ca-52f1-8d36-a6a2af865217-TRN-RCT-T2-D-FIN.png,1,0.7879447340965271,fake
2f9ed4b2-b92b-51b9-a4cc-34f97d6dbaf8-TRN-EML-T4-B.png,1,0.1781969517469406,fake
2ff18fb1-4976-5a42-9520-a073396b8a94-TST-RCT-T1-A-CORD.png,1,0.9997870326042175,fake
301d9cf3-42ff-5377-acac-5018e9b96e58-TRN-RCT-T3-D.png,1,0.8598223924636841,fake
30433d96-ee94-555c-900c-5794a763120c-TRN-RCT-T4-D-CORD.png,1,0.00014791643479838967,fake
3066faf0-b9b4-5ea5-bab6-4e0cfd7c3406-TRN-EML-T4-A-RVLCDIP.png,1,0.4215308427810669,fake
306c8911-cb19-504a-bf7d-4828d9439733-TRN-RCT-T1-D.png,1,0.990199863910675,fake
307bd30a-d65e-562b-9bd9-1ee4c402cc73-TRN-DOC-T4-A.png,1,0.227022185921669,fake
309cea5f-8da5-55de-a103-059ad83f87d9-TRN-EML-T2-C-RVLCDIP.png,1,0.633594810962677,fake
30c005f9-dd48-54d1-bfc8-7c17e084c6e4-TST-DOC-T3-A.png,1,0.9331579804420471,fake
30de9875-6fd4-5bfb-8627-bc094c57abbd-TRN-RCT-T3-B-CORD.png,1,0.9922685027122498,fake
30e3debf-c7cd-5d2c-aa78-9098410da7d5-TRN-EML-T3-C-RVLCDIP.png,1,0.4266520142555237,fake
310c9615-abcb-5b63-b9b2-870e589d1f09-TST-RCT-T4-B-FIN.png,1,0.0357944592833519,fake
3119b957-3fef-55f0-a87f-6bdb98b18c1f-TRN-RCT-T4-C-FIN.png,1,0.11083406209945679,fake
313c2f22-3d31-5e9b-8662-3e4275b54d06-TRN-EML-T3-B-RVLCDIP.png,1,0.4274810254573822,fake
3141ac0a-722e-5218-b896-ee6440b97c33-TRN-RCT-T3-C-CORD.png,1,0.04096553847193718,fake
317a9875-842e-5295-a22d-a9f5247eb886-TST-RCT-T3-D-FIN.png,1,0.8753909468650818,fake
319227d7-63be-5683-b46a-9d0d139d2d15-TST-RCT-T4-A.png,1,0.6617920994758606,fake
31af6603-8828-5156-b7f4-0f84b6b5538c-TRN-EML-T3-C.png,1,0.09595861285924911,fake
31e7dd43-e26a-5c5d-aa98-814b5e70b0e8-TST-EML-T2-C.png,1,0.012185383588075638,fake
31ea97f3-4d57-5997-92af-ab7b85f5c600-TRN-RCT-T1-C.png,1,0.6620182394981384,fake
324af631-947d-5240-be40-50a705b373a7-TRN-EML-T1-B-RVLCDIP.png,1,0.44844573736190796,fake
3274630b-c72f-572b-af23-1b7ca8a2d94e-TRN-EML-T4-A-RVLCDIP.png,1,0.516416609287262,fake
32759efc-4353-5a71-b40a-a96253664fd4-TST-EML-T3-C.png,1,0.8009796738624573,fake
32a7742a-7394-5597-b8c4-1317dff47ccd-TRN-EML-T1-B.png,1,0.6164689660072327,fake
32a7abf1-97a0-56b5-aec6-09c454ac7338-TRN-RCT-T3-B-CORD.png,1,0.10224434733390808,fake
32c748ca-9509-599f-a145-71d30edb1ff9-TRN-RCT-T1-D-FIN.png,1,0.03193940594792366,fake
32c77df6-278c-5e3c-83eb-ca56d4d56a97-TRN-EML-T3-A-RVLCDIP.png,1,0.7895237803459167,fake
32da482c-af53-51ce-b8fe-7d32909ae91d-TRN-EML-T2-B-RVLCDIP.png,1,0.10920160263776779,fake
32ff165c-388b-5cfd-9b52-089ec85dbbb9-TST-RCT-T4-A-CORD.png,1,0.627887487411499,fake
331a08bc-26a0-57b1-a424-f430ec446b81-TRN-RCT-T3-A-CORD.png,1,0.9951770305633545,fake
3336871b-87ba-5269-a6a7-f6223e551c7f-TRN-EML-T4-B-RVLCDIP.png,1,0.7304350733757019,fake
333fe05d-2a5d-5a99-872a-98c40b330666-TRN-EML-T4-A.png,1,0.1462603509426117,fake
33bc97f2-2734-5652-81e7-a6a98f96f4f4-TST-EML-T2-B.png,1,0.21469853818416595,fake
33e665b5-5116-587e-b6f0-3c967b549d02-TRN-RCT-T1-C.png,1,0.013653174974024296,fake
33f6cc5e-5ca8-5269-9eed-135815dc6173-TST-EML-T3-C.png,1,0.3998062014579773,fake
34208460-c714-5dfb-be0d-1e1f8824303a-TST-RCT-T4-C.png,1,0.0733155831694603,fake
34322989-ea74-55ce-95b6-010f0cef088e-TST-RCT-T1-D-FIN.png,1,0.11344025284051895,fake
34324c2f-3603-5b77-b26c-650ef00b3a79-TRN-RCT-T2-C-CORD.png,1,0.00971886608749628,fake
34399e9b-f473-5433-b16d-8641b9e41a67-TRN-RCT-T3-C.png,1,0.0454300194978714,fake
3463d0d5-e97c-54ed-b613-92482a6a4f33-TRN-EML-T3-A.png,1,0.279092013835907,fake
3469b2ac-c4f1-5e18-9af5-f0ead5edb165-TRN-RCT-T1-C-FIN.png,1,0.037938185036182404,fake
34785493-f768-5b02-8c87-e15ad3b48aab-TRN-RCT-T2-C-FIN.png,1,0.008308126591145992,fake
349918af-3b16-5b2f-8605-a9bfcc3edfd7-TRN-RCT-T4-C.png,1,0.08453839272260666,fake
349b66d9-53fa-54ce-9149-26f6e29c572b-TST-EML-T3-B.png,1,0.9211202263832092,fake
34cace9d-6a6c-5912-bc48-8f2de53dc3c0-TRN-RCT-T1-B-FIN.png,1,0.9398840665817261,fake
34ce4be9-71c0-5f2c-9c19-9595151f9672-TRN-RCT-T1-C-FIN.png,1,0.7343465685844421,fake
34da1f67-9367-5ce3-84e8-e5d1aba0b871-TST-RCT-T1-A-CORD.png,1,0.9997901320457458,fake
350a974e-13ae-5395-8431-4c826b3b1500-TRN-RCT-T4-B.png,1,0.8977532386779785,fake
3528d0a7-978e-54b2-936d-4bf4dad5f949-TRN-DOC-T4-A.png,1,0.1388489305973053,fake
353bcc2d-1e88-5f39-8244-6d18765d5c48-TST-RCT-T1-C-FIN.png,1,0.355785071849823,fake
353c1b2e-104c-5e84-8a47-8203e4f9b00d-TST-RCT-T2-C.png,1,0.009290202520787716,fake
354d1018-c922-509d-bd8a-a3510893db34-TST-RCT-T1-B.png,1,0.9324242472648621,fake
35501429-4088-587a-90b6-99d231a5bfef-TRN-RCT-T1-D-CORD.png,1,0.5968177318572998,fake
355f9edb-e6bf-5f52-b33c-065a30e39780-TRN-DOC-T3-C.png,1,0.019009904935956,fake
358b12cf-dd13-59fe-a3a3-cca5e21bf4d3-TRN-RCT-T3-B-CORD.png,1,0.06689160317182541,fake
358fecfd-cde6-5072-bb29-021d67e8a71f-TRN-EML-T2-B-RVLCDIP.png,1,0.5527757406234741,fake
35afb069-f559-520d-a3e6-997bddbed92d-TST-RCT-T3-D.png,1,0.09515495598316193,fake
35c50601-c109-5284-9a6f-0fc844ee1e50-TRN-RCT-T4-A-FIN.png,1,0.978419303894043,fake
35d35912-cd53-5582-9226-e8aa172b33dd-TST-EML-T4-A.png,1,0.33218827843666077,fake
35fbee8a-34bf-5fbc-8185-8bc1d35a331b-TST-RCT-T2-A.png,1,0.22418023645877838,fake
361086b9-8734-5569-85c4-467a2c545eee-TRN-RCT-T1-D.png,1,0.4457910358905792,fake
36301a49-0b80-5ae3-acbd-27ac5fec82d8-TST-DOC-T3-B.png,1,0.8038566708564758,fake
3686abfd-b719-5ddf-b281-f1570f5f79af-TRN-DOC-T3-C.png,1,0.017221329733729362,fake
368a9021-3ede-512f-8e77-67f0e0507c24-TST-RCT-T4-D-CORD.png,1,0.002942128572613001,fake
36f97e7e-c7fb-50e5-91f9-4688fb162be3-TRN-DOC-T2-A.png,1,0.28102192282676697,fake
3701d6a4-37c2-5f97-aded-e4482a14618e-TRN-RCT-T1-D-FIN.png,1,0.2310042828321457,fake
3708ecde-1945-5ca0-bf60-cb83f52e10ee-TST-RCT-T2-A-FIN.png,1,0.09663467109203339,fake
3736c61c-2e5b-5f5c-a031-fc49bdeb7c13-TRN-DOC-T1-C.png,1,0.3099583685398102,fake
373d321e-2e37-5e18-ab97-cae407d76c9a-TRN-RCT-T3-B-CORD.png,1,0.08755917102098465,fake
3746f053-3155-5ad7-9fe6-c0c8c453582f-TST-DOC-T2-C.png,1,0.003037077374756336,fake
37565aa1-c504-59e0-ba24-7c0cde6f223b-TST-RCT-T1-A-FIN.png,1,0.10730750113725662,fake
376242ae-217b-53bd-9ca7-36887bda4c8b-TST-DOC-T4-A.png,1,0.29174572229385376,fake
3769275b-cfc1-59f6-b2c3-d75b09443031-TRN-RCT-T2-B.png,1,0.4116932451725006,fake
378441df-4146-5a5c-99ac-e0ea1ee9da49-TST-RCT-T4-A-CORD.png,1,0.9693639278411865,fake
37867fda-eb0c-5d4d-a417-042ddbf7b06d-TST-EML-T2-A.png,1,0.8516240119934082,fake
378c4409-cce5-58a3-b26d-5ffae24644b6-TRN-EML-T2-C.png,1,0.4338405132293701,fake
37a10374-e4ff-574f-9d5d-447327b6d262-TRN-EML-T1-C-RVLCDIP.png,1,0.2280620038509369,fake
37a9b5ff-0c32-5248-bfb8-401e48ec35dd-TST-RCT-T4-A-FIN.png,1,0.9996719360351562,fake
37edb8ce-1abf-5c84-8018-73c639f10e8d-TRN-DOC-T2-B.png,1,0.197380930185318,fake
3848338f-4841-5bfb-bf80-6e308910b2f0-TRN-RCT-T3-C-FIN.png,1,0.002995491959154606,fake
3861bd52-8eb2-502e-9c66-3753344d3552-TRN-EML-T3-B-RVLCDIP.png,1,0.8355344533920288,fake
38b70e3e-614b-5b58-b4bd-7141ddfc48e5-TRN-RCT-T3-D-FIN.png,1,0.22168171405792236,fake
38ce3db9-c885-5eb7-8af3-0899a9801e22-TRN-RCT-T1-D.png,1,0.6852527260780334,fake
38f919e1-0f6e-5071-b600-3d4c6d4f2710-TRN-RCT-T3-D.png,1,0.13625508546829224,fake
391c2d7c-a27f-5732-9f0d-cde387011daa-TRN-RCT-T2-C-FIN.png,1,0.025668185204267502,fake
39371042-9829-51f5-bb5e-2da64aac2c01-TRN-EML-T3-C-RVLCDIP.png,1,0.6571742296218872,fake
394d9cd8-e9d5-5398-8701-f731cbc0793b-TRN-EML-T3-C-RVLCDIP.png,1,0.5332810282707214,fake
396fab1c-1eb9-501e-ab4f-daff41a5f731-TST-RCT-T3-C.png,1,0.004237617831677198,fake
398db13a-5cfc-5186-976e-9bd552dc28b5-TRN-RCT-T1-C-FIN.png,1,0.13618607819080353,fake
399c6947-675d-527c-8668-bd5a80ad387d-TRN-RCT-T1-D-FIN.png,1,0.15085694193840027,fake
39c25f9e-bb5b-5fb2-8c71-61ede1f5f8e4-TRN-EML-T1-B.png,1,0.7509797811508179,fake
39df30c0-1d68-5099-b274-4bb9427fa67b-TRN-EML-T3-A-RVLCDIP.png,1,0.6915691494941711,fake
39e9ebee-f127-5bff-b696-09f92e74f82f-TRN-RCT-T1-A-FIN.png,1,0.9053624868392944,fake
3a0104b0-0d0d-5464-9b50-ec16ef74bc3d-TST-DOC-T1-A.png,1,0.17229309678077698,fake
3a113ac8-cffe-5694-9c03-694a595a94cc-TRN-RCT-T4-A-CORD.png,1,0.9669080376625061,fake
3a197053-5528-58dc-a965-e09f796ba0bf-TRN-EML-T2-A.png,1,0.3684457838535309,fake
3a3cba02-7ddf-5659-88ba-f9e996c41c01-TRN-RCT-T2-D.png,1,0.015065105631947517,fake
3a8f5a4a-aa35-5eb4-a748-f96de3b5e598-TRN-RCT-T3-C.png,1,0.002412047702819109,fake
3a9206fd-c7af-5bd6-b26f-1e5376d44f96-TRN-EML-T1-B.png,1,0.9071503281593323,fake
3a9bfe14-e932-50b4-a73c-5a2ec3875c15-TRN-RCT-T4-C.png,1,0.3230080008506775,fake
3aad4f91-fa4a-52c1-94f8-bc1c1e1a1761-TRN-RCT-T1-D-FIN.png,1,0.17537210881710052,fake
3ad1b2f8-b107-5657-a3e2-3473c3c45a9e-TST-RCT-T3-A-CORD.png,1,0.47184649109840393,fake
3ae08d99-5d2e-5f34-a8d2-c9c0c1d8e65f-TRN-RCT-T2-D-CORD.png,1,0.9928615689277649,fake
3ae692f3-b5aa-5c67-949d-45ecd2f5d170-TRN-RCT-T4-D.png,1,0.0006537638255394995,fake
3ae70d7a-7eea-55a9-940a-d5a881c72e98-TRN-RCT-T1-B.png,1,0.37673723697662354,fake
3b296c7b-5335-58b4-8473-45683f7e8f91-TST-EML-T2-A.png,1,0.8184531331062317,fake
3b41f1f5-bb43-5e28-932c-1a7669cd3158-TST-DOC-T2-C.png,1,0.0735161155462265,fake
3b439743-9cfc-5920-8dc6-74551e5a8f43-TST-DOC-T3-A.png,1,0.3664381504058838,fake
3b670243-aa1a-527c-a6d2-eaf0ac787ad1-TRN-RCT-T4-D-FIN.png,1,0.002615856472402811,fake
3b853832-f894-5481-9262-db39e0017d51-TRN-EML-T1-A-RVLCDIP.png,1,0.22336700558662415,fake
3c1b7d57-9ef2-5a38-ab4a-23236049cc22-TRN-DOC-T3-C.png,1,0.10465586930513382,fake
3c20ad17-a134-59a3-b01c-8299fd6ca4ec-TRN-RCT-T4-A-FIN.png,1,0.7062634229660034,fake
3c404410-eb36-5b59-abdb-cfa905ea1e71-TRN-RCT-T1-A-FIN.png,1,0.26603081822395325,fake
3c4892d5-8146-5f75-94dc-179a63b3f96f-TRN-DOC-T3-A.png,1,0.14627774059772491,fake
3c558e69-dd77-5715-bb86-5007f023a9b4-TRN-EML-T4-C-RVLCDIP.png,1,0.12380234152078629,fake
3c600388-aeac-5b71-b751-d6a91f166e18-TST-EML-T3-C.png,1,0.7013271450996399,fake
3cb540fd-cbd8-5ac4-b46c-665ff8962d98-TST-RCT-T1-A.png,1,0.31818053126335144,fake
3d11e0ed-76a8-51ca-9328-48b2def1ea93-TRN-DOC-T3-C.png,1,0.1364225149154663,fake
3d17f474-440d-5599-b967-ef41d0c23b81-TRN-RCT-T2-D-FIN.png,1,0.020188605412840843,fake
3d19d57d-ada5-5c0b-8414-ab0141de7bcf-TRN-EML-T3-A.png,1,0.6431832313537598,fake
3d1c494b-82cb-5cc2-8928-3265bf1b5d0c-TST-RCT-T2-D-CORD.png,1,0.9648503661155701,fake
3d1d8043-5556-5ac4-9424-622a39ff569d-TRN-DOC-T3-A.png,1,0.9612156748771667,fake
3d2b8157-a204-5947-8477-334516712094-TST-RCT-T4-C.png,1,0.05693241208791733,fake
3d2cbf05-2d20-5f7a-8957-dee2d83a326f-TRN-DOC-T3-B.png,1,0.9185346961021423,fake
3d2f03ad-a369-5ca2-b186-125ea1f2a8f7-TST-EML-T3-A.png,1,0.7668460011482239,fake
3d3730e8-5258-5763-acd7-7fd038678135-TRN-RCT-T4-C-FIN.png,1,0.4586017429828644,fake
3d422adb-715e-5b07-8d92-a54a089cb086-TRN-EML-T1-C-RVLCDIP.png,1,0.1626916527748108,fake
3d723905-a381-596f-b3f7-49c93ca6c82a-TST-RCT-T4-D-FIN.png,1,0.05718299746513367,fake
3d78b6a1-b66d-56b9-b091-d9b87d69ac12-TST-RCT-T2-D-CORD.png,1,0.7238345742225647,fake
3da25502-9499-5f01-8846-dbd2163d7afa-TRN-RCT-T4-D-FIN.png,1,0.02296883426606655,fake
3db3b2f6-527c-5e59-96c9-37509c04798d-TST-DOC-T2-C.png,1,0.4810577630996704,fake
3dc788b3-1657-5c1b-98f1-294a5dacff13-TRN-EML-T3-C.png,1,0.24103091657161713,fake
3dcd376c-8f82-50a6-8cf7-e6f5fd8673cf-TRN-RCT-T3-D-CORD.png,1,0.0009467315394431353,fake
3dd722e6-d50c-5128-9b01-b1c6756db1a7-TRN-EML-T4-B-RVLCDIP.png,1,0.3746894896030426,fake
3de8ea22-23cd-5d4a-bcf6-86eb076d0774-TRN-RCT-T3-A-FIN.png,1,0.5209361910820007,fake
3e0e1845-0c1a-578f-a397-4ce9d8724e82-TRN-RCT-T1-A.png,1,0.19858238101005554,fake
3e18a437-901e-5f08-ae22-adf2575c7536-TRN-RCT-T2-A-CORD.png,1,0.8991005420684814,fake
3e2ef78c-3861-50a7-aefc-9e1a5c2b41a2-TRN-EML-T4-B-RVLCDIP.png,1,0.2129592001438141,fake
3e30099e-b622-58e4-8b37-ae774fc68c7e-TRN-RCT-T4-A-FIN.png,1,0.9997259974479675,fake
3e4dbd73-a026-54f9-9f92-5e36748fa048-TRN-RCT-T2-A-FIN.png,1,0.6823256015777588,fake
3e6db59e-fc47-5271-b09c-ee17358c8a3c-TRN-RCT-T4-C-FIN.png,1,0.003005729988217354,fake
3e6e85b2-caca-519e-b11c-ad2e4b970606-TRN-RCT-T2-C-FIN.png,1,0.0003258332144469023,fake
3e867d0d-b0e5-5e1a-b3a6-b11687cac4c0-TRN-RCT-T1-B.png,1,0.01610386371612549,fake
3e87c37b-6989-5f51-b934-17829e1eb82a-TRN-DOC-T2-A.png,1,0.9708309769630432,fake
3e8938d4-5dfd-5a11-ae95-017ce4059753-TRN-RCT-T1-C-FIN.png,1,0.755058765411377,fake
3e963be3-753b-57dd-b0c9-c93833c5f38e-TST-RCT-T3-D-CORD.png,1,0.09479498863220215,fake
3ec620c7-e060-5534-bd95-23e6abbd7d39-TRN-RCT-T3-D-CORD.png,1,0.10210387408733368,fake
3ecb8b2e-6a8f-5f0f-a6a5-e2691c071a1b-TRN-RCT-T2-B-FIN.png,1,0.3406420648097992,fake
3edbbb6b-82ae-5717-9ed2-7b01b06cef48-TST-RCT-T2-B-FIN.png,1,0.803253710269928,fake
3eff719b-bb2e-5fa1-8bcb-4142e458a450-TST-RCT-T4-B-CORD.png,1,0.942488431930542,fake
3f0d9154-3ea8-5078-bca8-55ab3fc03129-TRN-EML-T1-B.png,1,0.671813428401947,fake
3f2304b5-975e-5f7b-9a30-0306b31cdd38-TRN-RCT-T3-D.png,1,0.9425452947616577,fake
3f36c275-a34e-5dd6-a80e-13b39d3dfec6-TST-RCT-T2-C.png,1,0.00389231089502573,fake
3f46f0b6-41a6-5e09-8e7e-9c5e99871b29-TRN-EML-T2-A.png,1,0.9364190101623535,fake
3f61cb1d-d26a-5b10-a8cb-fc37f4c7c6e1-TRN-EML-T3-B.png,1,0.5334003567695618,fake
3f882e3e-5d34-5da7-98e4-4933c3eabe3a-TRN-EML-T2-A-RVLCDIP.png,1,0.8677558302879333,fake
3f9641c0-5e54-520b-8824-bd4ee56c001d-TRN-DOC-T1-B.png,1,0.9965781569480896,fake
3f97d635-651f-56e3-a4af-170e1d805700-TRN-EML-T2-C-RVLCDIP.png,1,0.2256793975830078,fake
3fce4505-d5f3-59fd-8c9c-db1bb971038c-TST-RCT-T3-B-FIN.png,1,0.9971960783004761,fake
3ffac926-951e-58dd-b12e-6a0735973cc7-TRN-RCT-T4-D-FIN.png,1,0.00020449268049560487,fake
4006f26c-8946-527f-bb04-8340271c4799-TRN-RCT-T4-C-CORD.png,1,0.3410608768463135,fake
40153f36-d771-5378-a52d-928bc4549130-TST-EML-T2-C.png,1,0.055573295801877975,fake
402a930d-de44-5eb2-b48b-5cdfca481545-TRN-RCT-T3-B.png,1,0.042659029364585876,fake
40446f61-e082-5c1d-b1be-251ecd8a320c-TRN-RCT-T1-A-CORD.png,1,0.495124489068985,fake
4057fe32-0727-5dcf-80b1-9c808a1a72c2-TST-DOC-T3-B.png,1,0.16699540615081787,fake
4060d193-377e-5425-8b7f-13b819dff2f2-TST-DOC-T2-C.png,1,0.7981284856796265,fake
409e6826-c342-5227-8501-3da0b46a2a9a-TRN-RCT-T2-D-FIN.png,1,0.029766051098704338,fake
409fe93c-7bc0-51e3-832c-60788c5f3d86-TRN-RCT-T2-A-CORD.png,1,0.9997336268424988,fake
40a38168-56dd-5bbb-99e6-f2646b79ed2b-TRN-EML-T1-B-RVLCDIP.png,1,0.5734128355979919,fake
40d8c2a1-6ff8-570f-b004-40078de84c3c-TRN-RCT-T4-C.png,1,0.12714718282222748,fake
40ea0e05-3848-537f-84da-49c93c5ec708-TRN-DOC-T2-B.png,1,0.43238431215286255,fake
40f760f4-b8a8-58f4-8c73-0cb184c1413b-TRN-RCT-T2-C-CORD.png,1,0.03631465509533882,fake
41032dc6-8be6-5fdc-93ac-039436c5dd85-TRN-RCT-T1-B-FIN.png,1,0.016755659133195877,fake
41062011-4ac9-53a7-9cb0-f6e18613f572-TRN-RCT-T2-B.png,1,0.08943616598844528,fake
412228ac-528a-5b1d-a33a-29ba3c1315ad-TST-RCT-T3-D.png,1,0.25800076127052307,fake
412a1a79-d9bc-548e-a252-374173d8de96-TRN-RCT-T1-B-FIN.png,1,0.8247633576393127,fake
414002e6-8a3a-5b20-b22e-a51c7ce7dfa6-TRN-RCT-T3-A-FIN.png,1,0.8197896480560303,fake
4158903e-fc7f-5269-ae0a-508df3bc7d1d-TRN-DOC-T2-A.png,1,0.8361372351646423,fake
417f02b6-ad39-5a8b-9605-a6ce1a4b3ba0-TRN-EML-T4-B.png,1,0.05495821684598923,fake
4186dc54-0ba9-5376-8419-f764eed3aaae-TST-RCT-T2-A.png,1,0.981319785118103,fake
41a3dbf1-1871-5764-8f72-aa8f7cefcbac-TST-RCT-T1-C-FIN.png,1,0.3988617956638336,fake
41cacd0f-002f-5b17-8db4-7914d029222a-TST-RCT-T2-C-FIN.png,1,0.5797079205513,fake
41fae128-c00f-593f-a304-63e62e228d9e-TRN-EML-T3-A-RVLCDIP.png,1,0.9359097480773926,fake
420d496b-9953-5e95-b3f5-e7a7163afc71-TRN-RCT-T1-D.png,1,0.34046822786331177,fake
4274349b-967e-5e75-bf3b-18123e2707ba-TST-EML-T4-A.png,1,0.056948911398649216,fake
428b1005-af66-5e71-af59-c1d5813c6024-TST-RCT-T2-C.png,1,0.010235385969281197,fake
42b10997-4c06-5ef7-811d-0ae12b53921b-TRN-RCT-T4-A-CORD.png,1,0.9837373495101929,fake
42e50e1b-51e1-57ec-8fd0-88a168eee473-TST-EML-T2-C.png,1,0.8284518718719482,fake
42f31fc4-fc6a-56e5-98ba-5c08105fbe4d-TST-RCT-T1-D-FIN.png,1,0.10276291519403458,fake
42f79081-4cc9-522c-919e-9c5bbdf18e02-TRN-EML-T2-B.png,1,0.4889369308948517,fake
4309daaf-d32d-5cd3-a781-3c2536fde018-TST-RCT-T4-B-FIN.png,1,0.4048323929309845,fake
4312a69f-15af-57d7-88c8-38567991edb6-TST-RCT-T2-B.png,1,0.0615142285823822,fake
4358c015-5784-5293-908d-24401beaa481-TRN-RCT-T4-A.png,1,0.27086368203163147,fake
436498a4-b97c-57ef-bf94-f789d62fa2e2-TRN-DOC-T2-C.png,1,0.6635633111000061,fake
436c05fd-5e2d-51c0-99d8-c8f42e21ced2-TRN-DOC-T4-B.png,1,0.7986275553703308,fake
43a3eba9-d5ff-5307-8e2e-d731f179fa84-TRN-EML-T1-C.png,1,0.11395536363124847,fake
43b0c39a-5dee-5c27-b433-5ac3eaab1cf1-TRN-EML-T1-C-RVLCDIP.png,1,0.28746312856674194,fake
43b14667-3cfd-5efd-8d82-8d7e70d75d11-TRN-RCT-T4-A-FIN.png,1,0.9799285531044006,fake
43d4c886-c736-5679-973c-93b810aa8253-TRN-RCT-T1-B-CORD.png,1,0.00910104624927044,fake
43f6d05a-53fe-5906-8dfa-aaa59dab769b-TRN-EML-T3-A.png,1,0.9912453293800354,fake
4408ba95-1fba-5cb6-8f44-0008f746a420-TST-RCT-T1-B.png,1,0.15952402353286743,fake
44123d92-101a-5b26-93e0-fd3821330f17-TST-RCT-T3-B.png,1,0.8067308068275452,fake
441badd7-a857-5426-8b7e-4b6ef33379b6-TRN-RCT-T4-D-CORD.png,1,0.0007019131444394588,fake
443fc9ef-db6c-5761-ab6f-c4aed460772c-TRN-RCT-T4-D.png,1,0.0034439119044691324,fake
4468747a-b6f6-567a-bbfc-1c04913bc376-TST-RCT-T4-D-CORD.png,1,0.012848444283008575,fake
44975aad-2add-58ad-9b0a-efddac6a0e51-TRN-RCT-T1-B-FIN.png,1,0.7244133949279785,fake
44acc666-3523-5f5b-ac6d-2180fb01470f-TST-RCT-T2-D-FIN.png,1,0.742131769657135,fake
44b4c81b-eed4-5974-a930-ca7fc61bd145-TRN-EML-T3-A.png,1,0.7686518430709839,fake
44c4b020-35f9-5b9b-b471-91c691632811-TST-RCT-T2-A.png,1,0.130865678191185,fake
44ff53e6-db07-50ec-8aeb-e63a0027e893-TRN-EML-T4-B-RVLCDIP.png,1,0.4238978326320648,fake
450011b3-35ec-5de8-8fd0-e6b35b2c8ecd-TRN-RCT-T3-A-CORD.png,1,0.9997369647026062,fake
450db3ed-82c8-5592-88ac-e4b01dff7706-TST-DOC-T1-B.png,1,0.9930130839347839,fake
4556dd82-4964-503a-9dbc-542c730b8a03-TRN-RCT-T4-C-CORD.png,1,0.5882468819618225,fake
455a592f-6e88-5e10-94e7-48f0b78c9863-TST-RCT-T4-A.png,1,0.5390528440475464,fake
4584a29d-6018-59e9-9c03-e49dcc2cfe10-TRN-RCT-T4-A-FIN.png,1,0.6801732182502747,fake
459ff54f-4022-5412-b902-6b0ef802d758-TST-RCT-T1-A-CORD.png,1,0.002130561973899603,fake
45c1d224-c46b-51b7-a11b-47a03728de99-TRN-EML-T3-C-RVLCDIP.png,1,0.8593500852584839,fake
45e7f5b5-2365-506c-8cf0-7d93b9d7d971-TST-RCT-T2-A-FIN.png,1,0.30381929874420166,fake
45fda0c2-f696-57f0-8dcc-ef5c02463ad2-TRN-EML-T2-C-RVLCDIP.png,1,0.002047784859314561,fake
4612e137-c4d4-5fbe-a0da-6b3d22a8f86d-TST-RCT-T3-B-CORD.png,1,0.9941002726554871,fake
463422ea-bf49-5823-8cdf-17e3ff20ccba-TST-RCT-T3-A-CORD.png,1,0.9997465014457703,fake
4635a651-72d9-5fdb-8804-693ebce15c4c-TRN-DOC-T4-C.png,1,0.14176715910434723,fake
46447d32-cd59-56b4-b853-7a5cd3466948-TRN-EML-T4-A.png,1,0.3692554235458374,fake
464cb2b3-015c-55e4-94ca-d617bc0ff3a0-TST-RCT-T3-C-FIN.png,1,0.016032667830586433,fake
4655ab8e-e0b7-5d68-9b35-0dd7cde27320-TRN-DOC-T3-B.png,1,0.04389858990907669,fake
46579726-e281-5f7b-a312-689a5a706089-TRN-RCT-T1-D-CORD.png,1,0.0008668688824400306,fake
4661bb0c-d67f-50cb-a901-f6eee921bc2a-TRN-RCT-T4-A-CORD.png,1,0.933161735534668,fake
467516ca-6f32-553d-9729-fc1065709dfa-TRN-RCT-T3-A.png,1,0.5446295142173767,fake
467852b3-ca7b-53f8-9497-6d7b6879f2be-TST-RCT-T1-A-CORD.png,1,0.1021687462925911,fake
468e22aa-a7f7-50bc-960a-4af695e45395-TRN-RCT-T4-C-FIN.png,1,0.02987285889685154,fake
46c9d070-ad09-514a-8763-d66406d47ff1-TRN-EML-T2-C.png,1,0.007147166412323713,fake
46de2d54-958c-5935-bb49-67a13fa86079-TRN-RCT-T3-D.png,1,0.015602297149598598,fake
46e5c58b-a8dd-50a8-ae25-6f3983a5c2a4-TRN-RCT-T2-A.png,1,0.8148888945579529,fake
46f5c1f6-9f1a-5cd3-92e7-33b422b4408f-TRN-EML-T4-B.png,1,0.6975513696670532,fake
46fe2e5c-da68-5d3b-9e9a-189c31eaffde-TRN-RCT-T3-B-CORD.png,1,0.7370210886001587,fake
470fd827-63cb-5b0e-9542-dad07c5bd84a-TRN-RCT-T4-B-FIN.png,1,0.9997410178184509,fake
47277764-920e-54c2-80b9-c43556919eeb-TRN-EML-T2-C.png,1,0.3399182856082916,fake
474f445f-ef9b-55e6-8ee3-d461a648e311-TST-RCT-T3-B-CORD.png,1,0.7861639857292175,fake
477d5240-84a4-5b1e-ba87-a19e82f01bfa-TRN-RCT-T1-B.png,1,0.947374701499939,fake
478c3360-1a74-55dc-b83f-2f01edc499df-TRN-RCT-T1-A-FIN.png,1,0.5619405508041382,fake
479dad68-5d6f-52c8-a606-425b94c0639b-TST-RCT-T4-D-CORD.png,1,0.0019023871282115579,fake
47b7d5b7-d494-5f48-93ae-f2a9e36af985-TRN-RCT-T4-B-CORD.png,1,0.9996761083602905,fake
47f2cad4-e55c-5219-8fda-255b8e57b560-TST-RCT-T4-D-FIN.png,1,0.0014623738825321198,fake
48412640-93ec-5c79-bb21-63ad10ca2270-TRN-RCT-T2-A-FIN.png,1,0.3468797504901886,fake
484b3984-b2b3-5a09-a5e9-f314e82acd7d-TRN-RCT-T3-D-FIN.png,1,0.25364941358566284,fake
48b98244-e226-5df8-834e-b692ef2c887f-TRN-RCT-T4-A-CORD.png,1,0.8625116348266602,fake
48db3c2b-4935-5316-a079-0ab60d795ea0-TRN-RCT-T3-C.png,1,0.00024592992849648,fake
48feb5e5-b344-56f7-9783-5f0cc6d1236e-TRN-RCT-T2-C-CORD.png,1,0.09294374287128448,fake
492e7488-1d90-5439-9b41-13d5bdbbd9b3-TRN-RCT-T4-D.png,1,0.05978899821639061,fake
493e6b2b-2712-5b19-a3b9-3edfbda3bfcf-TST-DOC-T4-A.png,1,0.8611742258071899,fake
4945db1c-a4eb-52fb-8f32-c168be9a55e3-TRN-DOC-T3-B.png,1,0.8231235146522522,fake
497d75de-782c-5b54-a8f0-403550ecbfb8-TRN-RCT-T1-C.png,1,0.0842619463801384,fake
498a5920-b23f-50e4-9f97-ff68debdd367-TRN-RCT-T3-A-FIN.png,1,0.39337313175201416,fake
49968d36-0880-5278-a7b8-98d485748c50-TRN-RCT-T1-C-FIN.png,1,0.0024324236437678337,fake
49a50a05-3010-554f-8e50-26e0567be8dc-TST-RCT-T4-A-FIN.png,1,0.9575541615486145,fake
49ac77c2-bbe4-5469-aed0-427348a2eb5c-TST-RCT-T4-D.png,1,0.030678806826472282,fake
49bfa457-00a9-5ab2-b3fc-629ebfec5b7a-TRN-EML-T2-C.png,1,0.5650560259819031,fake
49c0479c-5e4e-53c0-8a95-dca1d9bdf5af-TRN-RCT-T2-A.png,1,0.9993869066238403,fake
49ffef5b-2515-5892-916f-b016b2576b5f-TST-RCT-T1-A.png,1,0.21487146615982056,fake
4a05e8d3-515d-56af-b3c0-364484c684c1-TST-RCT-T1-D.png,1,0.154958575963974,fake
4a5ab275-c15c-567a-865e-a3b4f6e96038-TRN-RCT-T1-B.png,1,0.39163491129875183,fake
4a5cbf27-0e54-5b92-a8b2-0fbf9d005c02-TRN-RCT-T2-D.png,1,0.21544893085956573,fake
4a62e8a1-e49c-57ee-8048-613d45b9279e-TST-RCT-T4-A.png,1,0.971743643283844,fake
4a78218b-f46a-5437-a708-39e57cc6d6d2-TRN-RCT-T2-B-CORD.png,1,0.05632581189274788,fake
4aac7ff4-339e-5255-8e47-8630034a18d1-TRN-RCT-T2-D-CORD.png,1,0.005988254677504301,fake
4acb4445-0cfd-5cdf-afd3-9cc0d282d49c-TST-EML-T3-B.png,1,0.9214171171188354,fake
4adaf229-46bc-5d51-9294-f94911c8099d-TST-RCT-T1-A-CORD.png,1,0.9997826218605042,fake
4af2b97e-66c2-566d-976e-84c49e5e6cc2-TRN-EML-T4-B-RVLCDIP.png,1,0.22020293772220612,fake
4b057c72-5052-513e-a16f-8ccfc2020316-TST-RCT-T2-D.png,1,0.12585175037384033,fake
4b19c8ed-b428-5d11-89b4-021f07fdd41a-TRN-RCT-T1-B.png,1,0.0620664544403553,fake
4b295124-b2c4-5b53-9134-3f2da3ca9ff9-TST-RCT-T3-B-CORD.png,1,0.13583725690841675,fake
4b3ce9ba-e2e3-5aa6-a508-41130ed2947f-TST-EML-T2-C.png,1,0.00015960999007802457,fake
4b3d0b29-cdc5-5036-bc6d-ef94efa20234-TST-RCT-T1-B.png,1,0.03063851222395897,fake
4b3f7f1e-f1c5-5604-af6d-136ae8579128-TRN-DOC-T3-B.png,1,0.5849708914756775,fake
4b9e0f01-ec75-57bd-9202-dd41427ae220-TRN-RCT-T3-C-CORD.png,1,0.04455186426639557,fake
4ba2bee6-a53b-53a5-b3f8-fa9a6cd37294-TRN-EML-T1-A-RVLCDIP.png,1,0.35947883129119873,fake
4ba83856-6ae7-5c15-99dd-4803a0be0f5e-TRN-DOC-T1-B.png,1,0.059290651232004166,fake
4bbccd15-7109-51b6-ae7d-51d60b7d12b8-TRN-EML-T3-A-RVLCDIP.png,1,0.824745774269104,fake
4c13a872-904d-5e4c-9149-a8c601c59652-TST-RCT-T2-C.png,1,0.9991074204444885,fake
4c2b6bf4-99ce-56a5-a5e8-efbde0063982-TRN-RCT-T3-A-FIN.png,1,0.6758797764778137,fake
4c2c6b0a-b6b5-5d15-a2c4-21340171df14-TRN-RCT-T3-B.png,1,0.07547019422054291,fake
4c318c97-3592-5fa8-812a-130d0e9c48ce-TRN-EML-T4-A-RVLCDIP.png,1,0.5214861035346985,fake
4c416033-bba1-5e4b-9d92-73e21670b40b-TST-RCT-T2-D.png,1,0.9337232708930969,fake
4c4da335-7385-5de2-a16e-35b750d23e5a-TRN-EML-T1-B.png,1,0.8174171447753906,fake
4c59486e-55c7-55a9-8f6d-d865521cfa2b-TST-RCT-T1-A.png,1,0.22351138293743134,fake
4c689bd5-d8f9-5c15-b147-29ef282e0fd5-TRN-RCT-T4-A-CORD.png,1,0.5167462825775146,fake
4c7a07f0-ba08-5d16-a983-e82eb12ac21d-TST-RCT-T4-D.png,1,0.00015718935173936188,fake
4c8e5ad8-c522-5c58-8856-2a231344ad66-TST-RCT-T3-A.png,1,0.10404355823993683,fake
4c8f5bae-efec-5860-8ee3-bb170bc24246-TRN-EML-T1-B.png,1,0.9131150245666504,fake
4c8ff887-9cc8-55cb-bce3-34b0202f11a7-TRN-RCT-T1-A-FIN.png,1,0.8965726494789124,fake
4c98bd9c-fe6c-5aa4-b92a-eea0dba59348-TRN-RCT-T2-C-FIN.png,1,0.28744640946388245,fake
4cc1fe7e-b93d-5091-81c1-de6bb6fc756c-TRN-RCT-T4-B-FIN.png,1,0.9997702240943909,fake
4cd8e4ec-7c2b-5eb3-b348-92ebdfd957bb-TRN-EML-T2-C-RVLCDIP.png,1,0.008868461474776268,fake
4d44cb4f-acef-5fcf-afbb-a4374e0730dc-TRN-RCT-T4-B-FIN.png,1,0.01922799088060856,fake
4d67da9b-a61f-5e48-8f67-a304bec53dd1-TRN-RCT-T2-B-CORD.png,1,0.8965942859649658,fake
4d7f781b-9b5a-5045-94dc-4704bc23dc11-TRN-RCT-T1-D-FIN.png,1,0.20496243238449097,fake
4d8f3386-85a2-5b46-8f14-5b02ccc9138b-TRN-EML-T1-C.png,1,0.2421925812959671,fake
4dd5bf1f-da6e-5f95-a44b-6d845823aec4-TRN-RCT-T1-A-CORD.png,1,0.868044376373291,fake
4e2f0463-5bfd-57e5-b00d-c13f1b75e44d-TST-RCT-T2-B-FIN.png,1,0.7554305791854858,fake
4e4765d3-4683-52e2-b83d-0ea9beb25bfb-TST-EML-T4-C.png,1,0.08599939197301865,fake
4e4c97ed-a2f4-5353-beb5-46e90d97d005-TRN-EML-T1-B.png,1,0.9701143503189087,fake
4e6af776-7fe5-5be5-ac3f-d180aac4dadc-TRN-EML-T3-C.png,1,0.6173505783081055,fake
4ea86266-d200-5194-8afc-c9d56ffc73cc-TRN-EML-T1-A.png,1,0.983285129070282,fake
4eda1d2e-28c4-55cc-9917-45bd383dd538-TST-RCT-T2-D-CORD.png,1,0.1490020602941513,fake
4edc94b6-aff2-5428-af50-cc4109005277-TRN-RCT-T3-B-CORD.png,1,0.9997400641441345,fake
4eeb6d53-f466-529d-bdbb-2e6f2a5436f7-TRN-RCT-T2-C.png,1,0.13805602490901947,fake
4f18e358-50fb-5cd7-9f9d-58e6d9ebc543-TRN-RCT-T1-A.png,1,0.5137752890586853,fake
4f2f6d3c-d65e-5431-89a3-6252c1bfbda7-TRN-RCT-T1-B-FIN.png,1,0.4486110508441925,fake
4f327d87-3dd0-5cb0-bc4e-a96c6e0fc3ac-TRN-EML-T2-A-RVLCDIP.png,1,0.8120684027671814,fake
4f392566-bae1-57c4-ba70-54850c17be5d-TRN-DOC-T4-C.png,1,0.8764281868934631,fake
4f4d2125-67fd-55af-8b21-ccc0bd9e40c2-TST-EML-T1-A.png,1,0.7729769349098206,fake
4f67531d-e38d-5b68-98e8-4b2df9c8292b-TRN-RCT-T4-A-FIN.png,1,0.9903690218925476,fake
4f7ed83b-7100-580c-8ab6-4d44cb566913-TRN-RCT-T3-C-FIN.png,1,0.01390642486512661,fake
4f94f08b-3f8b-5aee-8dc5-32f2a116228b-TRN-RCT-T4-D-FIN.png,1,0.10412021726369858,fake
4fa4956f-973f-5b72-a16d-01b6405b8562-TRN-DOC-T4-A.png,1,0.4779108464717865,fake
4ff36965-7825-5a9d-9d5a-fa7076485310-TRN-DOC-T2-A.png,1,0.5148633122444153,fake
50098825-e27e-5349-9a80-1bccfc909665-TRN-DOC-T3-C.png,1,0.08638884872198105,fake
500f92ac-566c-5b75-94be-0ebfa11a5abf-TRN-RCT-T3-B-CORD.png,1,0.9288238883018494,fake
5012fc9a-80ea-56e5-8923-dddd9861f2f6-TRN-DOC-T1-C.png,1,0.8164080381393433,fake
5019851b-7596-5507-9e0d-a203c3046f8a-TRN-DOC-T1-C.png,1,0.008142500184476376,fake
501a2062-64cb-560f-9989-088796b0c1fd-TST-RCT-T4-C-FIN.png,1,0.043428629636764526,fake
506dd4cc-ee00-5814-953b-a16203630bf1-TRN-RCT-T1-D.png,1,0.9754964113235474,fake
5071bb0c-d3df-5045-987c-a879269c6fbc-TST-DOC-T2-B.png,1,0.7664942145347595,fake
50a36942-d485-589b-b488-fa92c841ee5f-TST-EML-T1-B.png,1,0.4981141984462738,fake
50a98179-c386-5662-a67f-73eed11875f6-TRN-RCT-T1-A-FIN.png,1,0.4430384039878845,fake
50b32bf6-5a64-5b8a-baf6-0b0d6bd3d67a-TST-RCT-T2-C.png,1,0.013328514993190765,fake
50c43f51-0e46-5d47-8b3c-06b8c2d95a64-TRN-EML-T4-C-RVLCDIP.png,1,0.15370070934295654,fake
50d3e02c-53b3-520f-9e5f-49941492471e-TST-DOC-T3-A.png,1,0.934822142124176,fake
50dc2b00-08be-5923-ae64-a8050a0364f0-TRN-RCT-T2-C.png,1,0.2375451773405075,fake
50ed0fde-057a-5095-9807-9bdf3ac20c84-TRN-RCT-T2-C.png,1,0.015110093168914318,fake
50f366c7-020d-5174-b5c2-0969204b47dc-TST-EML-T2-B.png,1,0.35782167315483093,fake
50f5c703-e6ff-5117-9bbb-89c3a755b08f-TRN-EML-T2-A-RVLCDIP.png,1,0.7288060188293457,fake
513faf4f-03f5-5f76-9d33-6ef977436500-TST-RCT-T4-C.png,1,0.0825229212641716,fake
514f30f8-29e5-54c0-beb7-47abf2785816-TST-RCT-T4-C-FIN.png,1,0.6551438570022583,fake
5168e198-3d22-5466-96b7-e3847315b22a-TST-DOC-T3-C.png,1,0.27117040753364563,fake
516b02b4-baba-5ff9-b5a3-d2560e182828-TRN-EML-T3-B-RVLCDIP.png,1,0.8696770071983337,fake
516e5efc-87f3-5d0b-bcee-90db2a035666-TST-RCT-T2-A-FIN.png,1,0.703560471534729,fake
51c1822f-f47a-5859-b6dd-a9cde9f86f2d-TRN-RCT-T1-A.png,1,0.5085711479187012,fake
51c47eab-d9ca-5e28-94d2-d3e59fc56a9f-TRN-RCT-T3-B-CORD.png,1,0.31022533774375916,fake
51e17906-7ba9-5556-9240-93eea2720593-TRN-RCT-T1-D-CORD.png,1,0.006300345528870821,fake
5218a867-9ec3-5496-8d22-81701f9c9558-TST-RCT-T2-D-FIN.png,1,0.1145033910870552,fake
52268ee4-1b21-5266-af78-eb55dbabd6ec-TST-EML-T1-A.png,1,0.9220201969146729,fake
5241c0eb-964d-5e46-8988-7f45cc9f8fa8-TRN-RCT-T2-A.png,1,0.4561867415904999,fake
52703ac7-ede5-5d4c-8970-009b3e426e90-TRN-EML-T1-A.png,1,0.6993716955184937,fake
5273a7e5-fe92-578b-a69a-2faffcbf8ca4-TRN-EML-T3-C-RVLCDIP.png,1,0.17503197491168976,fake
528f2539-0e63-5b09-a34c-72ce6d9850a5-TRN-EML-T3-B.png,1,0.8475301265716553,fake
52db3846-d718-583b-92bf-66adc76f5406-TRN-RCT-T4-A-CORD.png,1,0.8281362056732178,fake
53028656-c243-5d13-8e74-874b691f0bae-TRN-RCT-T1-C.png,1,0.09849586337804794,fake
530df067-59f8-5d05-9e51-2b2cb54e39e2-TST-RCT-T1-D-FIN.png,1,0.2222546637058258,fake
535ac7f4-fead-5582-9ba1-fbbf7ab76030-TRN-RCT-T3-D.png,1,0.26732125878334045,fake
5365cfc4-0df9-5c0b-a0b7-8fdd7c14de8d-TRN-EML-T2-C.png,1,0.1359008550643921,fake
537b4e91-c269-5f5e-8773-76ee14a3d784-TRN-RCT-T4-B.png,1,0.9679481983184814,fake
538cba33-9421-56c8-aab9-900a90c2bf8e-TRN-EML-T1-A.png,1,0.7116449475288391,fake
53993d37-2e9d-5f06-93ff-597281aa1692-TRN-RCT-T2-B-FIN.png,1,0.025719983503222466,fake
53ae5598-a88d-5725-8c21-35693243cbd9-TRN-EML-T2-C-RVLCDIP.png,1,0.6594153642654419,fake
53ba6825-bd4b-519c-8217-cf7e9b7fb5ab-TRN-RCT-T3-D-CORD.png,1,0.7578492760658264,fake
5416ba44-7ee7-589c-9394-aa44d8aeecdc-TRN-DOC-T3-A.png,1,0.3520922064781189,fake
541d88e2-e666-5e81-9a87-77d00bbc46d8-TRN-RCT-T4-D-CORD.png,1,0.08897870779037476,fake
5422a04e-fa41-5e52-b163-c20467b4285e-TRN-RCT-T3-A.png,1,0.8792543411254883,fake
54249f12-40af-59d7-b06f-23496ec5b17b-TRN-EML-T4-B-RVLCDIP.png,1,0.2490430325269699,fake
5444edc9-7e86-54bd-a4af-b51d1020316e-TRN-EML-T3-C.png,1,0.6094692349433899,fake
5478c31e-0453-5ff2-adaa-48aba8198be1-TST-RCT-T2-A.png,1,0.9271758794784546,fake
54908a82-2253-51e9-838c-ae9e05ca2adb-TRN-EML-T1-C-RVLCDIP.png,1,0.1247190311551094,fake
54925ede-bc4e-5067-92c5-9383e0e073f3-TST-RCT-T2-D-FIN.png,1,0.9241146445274353,fake
54c260ca-2c77-5d5f-a6ff-beb9f2f332f3-TRN-RCT-T4-B-CORD.png,1,0.9331754446029663,fake
54dc54f8-5f04-5a7f-a5ab-f5401196af01-TRN-DOC-T1-A.png,1,0.0015607629902660847,fake
551065e4-e98e-5387-8f9e-a8db0dc37cf9-TST-RCT-T3-D-FIN.png,1,0.9997652173042297,fake
552e6551-8303-5b0e-8c46-62cd627d7776-TRN-RCT-T2-A.png,1,0.4946444630622864,fake
554194ac-6ab1-504c-ad56-3eaab7999b49-TRN-DOC-T3-A.png,1,0.6250226497650146,fake
556411be-ed43-5b5f-b87b-caa51511a7f8-TST-RCT-T3-C.png,1,0.0032594536896795034,fake
556aedb2-00c7-5dcb-8cb0-e69a254ed2cc-TST-RCT-T2-A.png,1,0.733624279499054,fake
55b9682f-dd92-5f44-98e6-efa13668b051-TRN-RCT-T1-A.png,1,0.6462873220443726,fake
55d129b9-f8e3-5d8f-b4e6-78b9a4e472cc-TST-RCT-T2-C-FIN.png,1,0.09015093743801117,fake
55d8f31b-1cb1-5895-bbb1-e01bb83c67b8-TRN-RCT-T1-A-CORD.png,1,0.502145528793335,fake
560f093d-b50e-5d91-ba92-34c76244c129-TRN-RCT-T2-A-CORD.png,1,0.8475767970085144,fake
5624a7db-0b97-5fe1-bc35-f28e5c0de2c6-TRN-DOC-T4-C.png,1,0.3302392363548279,fake
56576d61-dc33-5df6-8147-b3136181de92-TST-RCT-T1-A.png,1,0.5198985934257507,fake
567f165a-91b0-50a0-b621-0c88341048f2-TRN-RCT-T1-A.png,1,0.9997857213020325,fake
56a7eb6a-5eb5-580c-9677-29ae61e81398-TST-EML-T2-A.png,1,0.7639802098274231,fake
56ca3879-dd8c-5794-82cb-f5f688cef5d4-TRN-RCT-T4-B-FIN.png,1,0.9997842907905579,fake
56da3479-e05a-5bb4-b078-ba88354b997d-TRN-RCT-T2-B-FIN.png,1,0.0005399835645221174,fake
5708a7ad-ee21-5a06-8d71-2f69333865da-TST-RCT-T2-B-CORD.png,1,0.8435709476470947,fake
571f9bfb-1f19-5865-80d4-e47f77612b7e-TST-RCT-T2-C-FIN.png,1,0.020167572423815727,fake
574a8565-5a37-55ad-95d6-16791895bde0-TST-DOC-T4-B.png,1,0.9930271506309509,fake
57908c44-8d57-57a0-acee-4b1da1225201-TRN-RCT-T4-C-CORD.png,1,0.4638761579990387,fake
579e207f-fa06-5c6c-95ea-21f30b289dbb-TRN-RCT-T3-B.png,1,0.7271539568901062,fake
57a17eaf-d7ff-5edf-bd85-74f93c2806cf-TST-RCT-T3-D-CORD.png,1,0.00026554608484730124,fake
57bac3ce-5196-5d64-9f6b-25fae17dc1d5-TRN-EML-T1-B-RVLCDIP.png,1,0.3063163459300995,fake
57ccc3d4-903a-596f-a487-b43d6ba324ed-TRN-RCT-T1-D.png,1,0.6248826384544373,fake
57dcecc3-47c2-571a-8092-01444b5bd538-TRN-DOC-T1-A.png,1,0.7417213916778564,fake
57f0e141-8c79-5a7e-9c62-f68b865165b0-TRN-RCT-T4-C.png,1,0.05433919280767441,fake
5801e079-375d-5f88-b40f-af0dad194811-TST-RCT-T2-B.png,1,0.8487380146980286,fake
5834d154-54d7-5ab8-9e92-286b3f63c471-TRN-RCT-T3-B.png,1,0.6671259999275208,fake
58556538-18f3-54cb-aeae-733f5285c1d6-TST-RCT-T3-D.png,1,0.791460394859314,fake
585dcbf5-e9df-5f0e-bc57-78db2a0ea70c-TRN-RCT-T2-C.png,1,0.47892898321151733,fake
58706237-328d-5598-9d25-d4c27d7ef45a-TRN-EML-T2-C.png,1,0.0007167615694925189,fake
587ff810-59e2-59f1-b78f-f3b8591b83f3-TRN-RCT-T4-C-CORD.png,1,0.10456255823373795,fake
58922f55-a259-5903-91e3-2310c6a977f1-TRN-RCT-T1-D-CORD.png,1,0.5218823552131653,fake
589d4d40-3ea4-5115-8f48-d7232e3013ef-TRN-EML-T3-B.png,1,0.9060897827148438,fake
58bb03f9-25bf-5435-8268-85dc0acd4854-TRN-EML-T2-A.png,1,0.7631146907806396,fake
58c8a23b-4e3e-5f8f-9c86-8127b4f1ad22-TRN-EML-T3-A.png,1,0.854344367980957,fake
58da2558-aeb3-56af-8784-9c3dd2d2449d-TRN-EML-T1-C-RVLCDIP.png,1,0.00038482568925246596,fake
58daf3ef-e154-5cfc-9965-ecb83401eaa1-TST-RCT-T4-A-FIN.png,1,0.2071099430322647,fake
5926dc2c-88a8-5820-b1aa-d32138629249-TRN-RCT-T3-B.png,1,0.9962353110313416,fake
5935c32a-bdde-5791-96ad-6d2239862454-TRN-RCT-T2-D-CORD.png,1,0.7046573758125305,fake
5945e5eb-f95f-52df-ae65-ee3efa74bc66-TRN-EML-T3-A.png,1,0.8712255358695984,fake
59478cff-2521-590e-883f-6ff2267ee608-TRN-RCT-T4-B.png,1,0.9665819406509399,fake
5979e40f-733b-5aad-9721-5869fdd9f272-TRN-RCT-T4-A-CORD.png,1,0.9986268281936646,fake
5988c413-41bd-5398-8250-e1607192fcfd-TRN-DOC-T3-A.png,1,0.15210767090320587,fake
59c63758-4bdc-527d-b75c-4b675f00ab06-TST-RCT-T1-C.png,1,0.1689237803220749,fake
59cc570e-6ccf-5e36-a2ae-469260d42b1b-TRN-DOC-T4-C.png,1,0.46543532609939575,fake
59fab28e-83c3-5202-9bf7-771d07a87f09-TST-RCT-T4-C.png,1,0.0006573735154233873,fake
5a47b7dc-9297-53dc-907b-168e31d09deb-TRN-RCT-T1-D-CORD.png,1,0.9656795263290405,fake
5a6782ff-3811-5fc0-b0e6-7d75e4ae015d-TRN-RCT-T1-B-CORD.png,1,0.45324259996414185,fake
5a7cabfa-c05f-5397-8944-70b83b68b905-TST-RCT-T4-A-CORD.png,1,0.9609370827674866,fake
5a85262f-e9af-5942-baa3-0f5971855eba-TRN-RCT-T2-D-FIN.png,1,0.9996950626373291,fake
5a9209fc-219e-5548-824f-808dca895591-TRN-RCT-T2-A-CORD.png,1,0.9558250308036804,fake
5a96e13d-fd2c-508c-9fde-59d386d3d853-TRN-RCT-T4-C-CORD.png,1,0.9336189031600952,fake
5aba1632-54af-50a5-8aca-fdffb1496696-TRN-RCT-T4-C.png,1,0.18141742050647736,fake
5abc6ef2-e5b6-5140-be2f-492d54195041-TST-RCT-T4-B.png,1,0.920721173286438,fake
5acff919-7fcf-5661-83ff-dde2f70bcf94-TRN-RCT-T4-B.png,1,0.7706670165061951,fake
5b255cd2-acf3-5577-9bc2-3397595ee450-TRN-RCT-T3-C-CORD.png,1,0.013920007273554802,fake
5b3813fe-c2ee-557b-9cc9-02ba1c8f2ece-TRN-RCT-T3-B-FIN.png,1,0.5766266584396362,fake
5b508e82-77ce-5f27-9c12-4d656cd3c9df-TRN-DOC-T4-C.png,1,0.667442798614502,fake
5b5cb443-8d11-5ad3-b4a4-1d9ccece5d04-TRN-EML-T4-C-RVLCDIP.png,1,0.07036548107862473,fake
5b664f02-ef21-5154-9ca8-cd10d358aa0d-TRN-RCT-T2-B.png,1,0.6859006881713867,fake
5b7b5edb-ba24-52d4-a04e-80129f89110b-TRN-EML-T3-C-RVLCDIP.png,1,0.17759405076503754,fake
5b8c429c-6bda-5fbb-852a-a8541edd25e7-TST-RCT-T2-C-CORD.png,1,0.37208107113838196,fake
5b992ffd-ca39-5871-b145-cfea68bbee41-TRN-RCT-T1-C.png,1,0.006812976207584143,fake
5b99da04-c181-53f6-8df9-bd8156f513d4-TRN-RCT-T1-A-FIN.png,1,0.1564144641160965,fake
5bae305e-44b1-50ed-8eaa-f798bdb014f5-TRN-RCT-T3-D.png,1,0.7333734035491943,fake
5baf4c4d-3a20-5b38-a8a4-44d1d4682c68-TRN-DOC-T3-C.png,1,0.0005790601717308164,fake
5bc752c8-0bb8-5cdc-8780-b30dd916b7f5-TRN-RCT-T1-A-CORD.png,1,0.9591543078422546,fake
5bcdb4de-6d47-53d1-87a1-0613dfacfa98-TST-RCT-T3-D-FIN.png,1,0.13045571744441986,fake
5bdc40c1-c778-5e81-84b6-bf29f459ebb5-TST-RCT-T1-D-CORD.png,1,0.04101330041885376,fake
5be50c60-d743-5fa4-bd1a-29d10ce40482-TRN-RCT-T4-B-CORD.png,1,0.23989978432655334,fake
5be568e3-cbaf-5860-892e-ff52a5d7ed61-TST-DOC-T3-C.png,1,0.15447403490543365,fake
5c02ea96-4494-568d-9db3-56651bef4eb2-TRN-RCT-T2-D-FIN.png,1,0.5710648894309998,fake
5c05cb0d-3e4b-52d2-bdd6-c979308ffe13-TRN-RCT-T3-C-FIN.png,1,0.3849763870239258,fake
5c081c32-2f71-59ab-9480-825192744cae-TST-EML-T4-A.png,1,0.06985659152269363,fake
5c0cd5ee-2ba3-5c1a-80ac-5a9bf18dcc22-TRN-EML-T2-B-RVLCDIP.png,1,0.32667291164398193,fake
5c12002c-fb1a-50d5-9dcf-4550cdab9d54-TRN-RCT-T1-B.png,1,0.709988534450531,fake
5c293499-be48-5084-b29c-21bb19d89145-TRN-EML-T1-B.png,1,0.8838431239128113,fake
5c2b9e89-f9cf-52cf-b694-a9e3e74c3d18-TST-RCT-T1-B-FIN.png,1,0.5533508062362671,fake
5c3da9d7-2f63-5702-9856-4f2388ca2051-TRN-RCT-T2-B-CORD.png,1,0.989339292049408,fake
5c43d9bc-74d6-5f7c-82e4-4a0ba35613ce-TRN-RCT-T3-A-FIN.png,1,0.3043590486049652,fake
5c5e8588-b64f-55bc-9111-ef51b13561f9-TRN-RCT-T3-B.png,1,0.770328164100647,fake
5c687516-7440-5e93-9e6b-8c854dfa0114-TRN-DOC-T4-B.png,1,0.09629420936107635,fake
5c6ae04c-1d26-56b7-a387-245ad7d038fd-TRN-RCT-T1-C.png,1,0.1553843766450882,fake
5c89e4af-a567-5a17-801c-19b8637f8568-TRN-RCT-T2-B.png,1,0.9208061099052429,fake
5c8af429-d07b-529a-8fb0-a747aa1550c5-TRN-RCT-T3-B.png,1,0.4196244776248932,fake
5ca37038-3196-5c50-bb46-a3743ece9722-TRN-RCT-T1-D-CORD.png,1,0.011917206458747387,fake
5cb42e82-da19-5d53-b3ed-a4759394d05c-TRN-DOC-T3-B.png,1,0.0381462499499321,fake
5cd46c61-1cf7-57e4-91a4-f5714fa08d3e-TRN-RCT-T2-A.png,1,0.24132974445819855,fake
5cfc5133-b240-5ae5-8ee4-2c1cc6f8ba69-TST-RCT-T4-D-CORD.png,1,0.010233086533844471,fake
5cfc7e94-23c7-50a6-8b4d-b0c0206f685c-TRN-DOC-T4-B.png,1,0.7578119039535522,fake
5cff1b91-04e9-5d31-86f2-83ea60b490dd-TRN-EML-T1-A-RVLCDIP.png,1,0.4061523675918579,fake
5d188ffb-42fb-5357-ba9d-aabdbfdb5988-TRN-DOC-T2-A.png,1,0.6684362888336182,fake
5d4b2791-effd-5cf1-994c-a3ac423130b0-TRN-EML-T3-C.png,1,0.4857883155345917,fake
5d503678-96be-54e8-8278-2743618f10b6-TST-RCT-T2-D.png,1,0.2669554352760315,fake
5d540b74-42ed-54ca-8b18-f88d2d6609d9-TRN-RCT-T3-B.png,1,0.3774775266647339,fake
5d7b075a-61ff-57c8-9994-483cfec0e2c0-TRN-RCT-T2-B-CORD.png,1,0.48877179622650146,fake
5def7540-6c0b-5816-99df-958dfb96f1a1-TRN-RCT-T3-C-CORD.png,1,0.12195619195699692,fake
5e0309d5-aced-5efb-aed3-262316b22034-TST-RCT-T2-C-FIN.png,1,0.5140097737312317,fake
5e0c107c-e125-575a-b038-dbdb883944d7-TRN-DOC-T4-B.png,1,0.7126325368881226,fake
5e58ceed-8f98-52ab-8022-73dce9e18955-TST-RCT-T4-C-FIN.png,1,0.11091283708810806,fake
5e5df2cf-216c-5132-993f-d8e5ca3cc3d0-TRN-DOC-T3-A.png,1,0.44946494698524475,fake
5e72f477-9521-5a67-bbb9-867923947ce2-TST-EML-T3-B.png,1,0.9626651406288147,fake
5e7cbee9-b4d7-5f18-b77e-114ab8ae382b-TRN-RCT-T3-B-FIN.png,1,0.25228631496429443,fake
5e93e75c-5cb4-5379-a1a2-504ca3ef856d-TRN-RCT-T1-C-CORD.png,1,0.23550717532634735,fake
5ea841da-3e0b-5df7-a3cf-eeb64b226d7a-TRN-RCT-T1-D-FIN.png,1,0.2428174614906311,fake
5ed6250c-0daa-5404-a474-22301121fb47-TRN-EML-T2-C.png,1,0.22437378764152527,fake
5f0b6323-220c-5ec3-b60e-283b7f0d3d06-TST-EML-T1-C.png,1,0.11511103808879852,fake
5f0b76ad-c74d-5e19-8992-c13a2f85a3a7-TRN-EML-T2-A.png,1,0.36129021644592285,fake
5f3ad58c-4dd7-57f0-af21-50135d9943a4-TST-DOC-T2-B.png,1,0.333172082901001,fake
5f452ab3-90bf-5827-82b8-959108b00d30-TRN-EML-T3-B-RVLCDIP.png,1,0.7242739200592041,fake
5f4a15d3-f7e8-5004-b55e-36fbe2a23316-TRN-DOC-T1-A.png,1,0.7108204364776611,fake
5f5cf061-1874-535b-9f0d-98c09cd58d1f-TRN-EML-T3-B-RVLCDIP.png,1,0.35030004382133484,fake
5f5e3063-a9c4-504d-b7cc-60ca62f0c022-TRN-RCT-T4-D-CORD.png,1,0.10254907608032227,fake
5f6b3e9a-208e-54bf-bb40-d2f8c0b56d30-TST-RCT-T2-C.png,1,0.1356317549943924,fake
5f8818e7-6581-59f2-b870-74a65b88bc8a-TST-EML-T3-C.png,1,0.4414463937282562,fake
5f9c229e-46a9-5bc1-b6ad-908f36d835ad-TRN-DOC-T3-A.png,1,0.034480344504117966,fake
5fa4f14c-fc7d-521a-8423-a5b57ae3c738-TST-RCT-T1-D-CORD.png,1,0.3541724681854248,fake
5fee3fc4-5170-5ce5-8563-1d06335d09a5-TRN-EML-T1-B-RVLCDIP.png,1,0.645909309387207,fake
5fff5d0d-6508-5dcf-8316-2dd81161dc68-TST-RCT-T3-D-FIN.png,1,0.2301899790763855,fake
600a6efe-4ba4-5552-9176-1f59b7c8d969-TRN-RCT-T3-C.png,1,0.019649220630526543,fake
603665ba-3112-5023-849b-d1aaf3179582-TST-RCT-T3-B.png,1,0.14028483629226685,fake
60406558-bcd6-5e08-9ac1-6ae23c6c0ddc-TRN-RCT-T1-D-CORD.png,1,0.5050979852676392,fake
607de659-f92c-5fef-9ed6-9ba504304c78-TRN-RCT-T3-C-FIN.png,1,0.033801402896642685,fake
6083a1b2-bc8c-5382-8156-d02bd1528621-TRN-RCT-T1-B-CORD.png,1,0.767366349697113,fake
6083fb10-efb4-52c9-bddc-8c0f5a6b581f-TRN-EML-T2-A.png,1,0.9386950731277466,fake
608d952d-7315-5ad0-939d-2978462559fe-TRN-RCT-T4-B-CORD.png,1,0.9808501601219177,fake
609808c5-8414-5b10-92b3-bf6e42ef14df-TST-RCT-T3-D-CORD.png,1,0.41047194600105286,fake
60b42616-1f79-5191-a78d-66cb2412ba85-TRN-RCT-T1-D-FIN.png,1,0.22946016490459442,fake
60b699b2-7733-5168-a205-a81e03b40807-TRN-RCT-T1-B-CORD.png,1,0.9521236419677734,fake
60bdcf55-dd06-5ccd-85a3-b555558b49b9-TRN-RCT-T3-C-CORD.png,1,0.07306304574012756,fake
618a51d2-f079-52d3-b0a5-ffe0bae95182-TRN-RCT-T1-D.png,1,0.14282619953155518,fake
6195ae43-fd25-5a21-98ab-20b07c9c4558-TRN-DOC-T2-B.png,1,0.32125377655029297,fake
61ae7dda-fe42-5086-a52e-1e2ee5651b06-TRN-EML-T1-B.png,1,0.9447193145751953,fake
61b5c8c4-13a3-5aee-916e-4489df404cce-TRN-RCT-T4-C.png,1,0.020212816074490547,fake
61b96c59-f830-5c36-bc20-bfacfe795734-TST-DOC-T2-C.png,1,0.001155209494754672,fake
61d15e31-71f9-58ae-811d-d5471d92a862-TRN-DOC-T2-A.png,1,0.7526849508285522,fake
62171cb0-4ea1-57db-8c0e-b923914d39cd-TRN-RCT-T1-A-FIN.png,1,0.5841770172119141,fake
621f9f6d-d66e-5f86-b87c-8557b262e675-TRN-DOC-T2-C.png,1,0.0003399111155886203,fake
624d5742-c91f-5c8f-bcd2-e6734656afe8-TRN-EML-T4-B-RVLCDIP.png,1,0.6640012264251709,fake
62582149-d079-5cc7-bc97-71e45bb95f4e-TST-EML-T4-A.png,1,0.04053923860192299,fake
62b0603f-78d3-5e9d-9402-e9d0d2b7f446-TRN-RCT-T4-D-CORD.png,1,0.0069250259548425674,fake
62efea18-f227-5e68-8d3a-5bba412b3398-TRN-EML-T4-C-RVLCDIP.png,1,0.07410678267478943,fake
62f52135-a04a-5270-be0b-7670c0abed15-TST-RCT-T2-D-FIN.png,1,0.5997128486633301,fake
62fb825e-62cf-5703-b3b3-25bafdfa2c32-TRN-EML-T2-B-RVLCDIP.png,1,0.09552891552448273,fake
62fccd79-c863-5ae8-8e42-9bc7131df285-TRN-RCT-T3-C-CORD.png,1,0.1932687759399414,fake
6310e999-8b60-5119-868d-bf756b4344be-TRN-EML-T2-C-RVLCDIP.png,1,0.09695959091186523,fake
63200745-bd2f-5291-aa74-7170268b6019-TST-RCT-T3-C-FIN.png,1,0.02419920079410076,fake
6335a8b1-15e1-5097-b684-21252251ef48-TRN-RCT-T3-C-FIN.png,1,0.011202174238860607,fake
634b3d01-9db1-500a-8dce-816dfd8c9bba-TST-RCT-T1-D.png,1,0.131572425365448,fake
635bec0e-e091-528d-bf67-413ecb855322-TRN-DOC-T4-B.png,1,0.9152295589447021,fake
637950ab-aa26-581a-bd53-d1c3ae18e897-TRN-RCT-T3-C-FIN.png,1,0.03827476501464844,fake
63873bae-6c32-5431-85a8-cbf7e5813eed-TRN-RCT-T3-C-FIN.png,1,0.0002622366009745747,fake
6398bd28-4cca-57b6-9f47-6df10481009f-TST-RCT-T1-B-CORD.png,1,0.1249125525355339,fake
63b63295-8b52-5a93-9625-b10c322c4348-TRN-RCT-T4-D-CORD.png,1,0.02767328731715679,fake
63bbe62b-629c-5317-ac20-709f3c4da821-TRN-RCT-T4-A.png,1,0.7557200789451599,fake
63c3336b-0b64-57ee-81ad-0e11abe7ef06-TRN-EML-T4-C.png,1,0.31989696621894836,fake
63d5b394-16fd-50ca-801c-dad784e0bf70-TRN-DOC-T1-C.png,1,0.3049054443836212,fake
63f48199-2782-5367-87c2-4a9bac4f40b3-TST-RCT-T2-A-CORD.png,1,0.9992840886116028,fake
6428225d-e49f-578f-a7c8-ce4687cc1f3b-TRN-RCT-T3-A-FIN.png,1,0.41029229760169983,fake
64659003-bfc4-5554-8279-00b93a1d1763-TRN-RCT-T3-A.png,1,0.9997808337211609,fake
64c87c7b-701c-589b-a4f6-5f0a76e92b50-TST-EML-T4-B.png,1,0.22040310502052307,fake
64cda735-8705-5a14-b8b7-12a0f9700666-TRN-RCT-T4-A-FIN.png,1,0.7509223222732544,fake
64d01a02-d928-53b4-849f-b32e2d5c88f0-TST-RCT-T4-C.png,1,0.07171502709388733,fake
64f5eb80-1ff9-50d9-be78-7044f3347f3d-TST-EML-T2-C.png,1,0.026929005980491638,fake
6555b889-4f69-5725-9ae9-872d91dafbb4-TRN-EML-T1-B.png,1,0.982415497303009,fake
6584649c-893a-560e-89b2-81bf2abfe318-TRN-RCT-T4-D.png,1,0.025617199018597603,fake
65872b1b-0a89-5202-9500-f7063acb1e78-TRN-RCT-T4-B-FIN.png,1,0.9409385323524475,fake
662aba91-77ff-5e4d-b644-ce44b4034422-TRN-RCT-T4-D.png,1,0.014763551764190197,fake
66376d7a-b0dc-510e-9a67-6fe1cd417a6d-TRN-RCT-T3-C-FIN.png,1,0.0023880803491920233,fake
664f7c19-8c5a-59e2-9880-92cf7a46d104-TRN-EML-T1-A.png,1,0.9371932744979858,fake
6656cad8-9a1d-5aeb-9902-09274b970b5f-TRN-EML-T1-B-RVLCDIP.png,1,0.5749832987785339,fake
668a2dc6-cad7-5321-a5ed-fbe884cf6d05-TST-RCT-T1-A-CORD.png,1,0.598829984664917,fake
66930126-12b0-5e18-949c-899190659ecb-TST-RCT-T3-A.png,1,0.999775230884552,fake
6696a0b3-7b79-5452-9a4f-a65be491010c-TRN-EML-T4-B.png,1,0.7497749924659729,fake
669a40e9-151e-51a8-a827-e33ff9c12fe9-TRN-RCT-T3-D-CORD.png,1,0.1950208693742752,fake
66c79fe6-e55b-503b-8ce7-78aef5d1f43d-TRN-RCT-T2-C-FIN.png,1,0.22265228629112244,fake
66dd1f32-2f68-5e93-82d2-4e7985b5dea2-TRN-DOC-T4-A.png,1,0.9745752811431885,fake
67130830-7419-5b33-ab98-b7eb68fb5bfe-TRN-EML-T4-A-RVLCDIP.png,1,0.3968645930290222,fake
672e3d4f-81ab-5c05-a681-948793b0d38b-TRN-RCT-T4-B.png,1,0.01038200780749321,fake
6734738a-8f54-5824-ac61-3261fee88fa7-TRN-RCT-T4-D.png,1,0.1620054692029953,fake
673ff305-6446-5da7-be1b-a385af1f62fe-TST-RCT-T3-D-FIN.png,1,0.1325811892747879,fake
67429d4a-d797-58d7-ad65-b57727dd5727-TRN-RCT-T4-B-FIN.png,1,0.9992445707321167,fake
67570a11-97e1-5fbb-a25f-420cb4c6f248-TRN-DOC-T1-B.png,1,0.6651533842086792,fake
67690835-e071-5d74-996b-6473d3e520b1-TRN-RCT-T1-C-CORD.png,1,0.0016189835732802749,fake
678869c3-2cad-5b4a-a7fc-663d2b9ac132-TRN-DOC-T2-A.png,1,0.6289393901824951,fake
6799c935-7abd-5278-9e5c-4b2a5e59084e-TRN-EML-T2-A-RVLCDIP.png,1,0.581911563873291,fake
67a59bc9-6f12-527a-afd4-3c18e4bd4afd-TRN-RCT-T3-C-CORD.png,1,0.0005001536919735372,fake
67b9da2a-a9ed-5853-864d-a6fc3c208dfe-TRN-EML-T3-A-RVLCDIP.png,1,0.9585488438606262,fake
67d1623a-f852-5bba-bb1d-c7fbb90d6847-TST-RCT-T1-D-FIN.png,1,0.4867842495441437,fake
67fa9ba9-ce75-55e6-b736-3b69f5783f7a-TRN-EML-T2-C-RVLCDIP.png,1,0.017103536054491997,fake
6802c50b-3415-5f22-afd2-e2a30856c1d7-TRN-EML-T3-B-RVLCDIP.png,1,0.46940863132476807,fake
684a86a6-2582-5bda-9b8d-2eb615574a6d-TST-EML-T3-B.png,1,0.9190056324005127,fake
684bdb95-de54-55ff-a0f7-584e6b87cd0a-TRN-RCT-T4-B-FIN.png,1,0.8286334872245789,fake
684c3eb6-63c0-5ad5-9f49-bfb014c178bc-TRN-RCT-T4-C.png,1,0.13682837784290314,fake
685a038e-ac16-5e0d-a849-8786c29a2740-TRN-EML-T4-B-RVLCDIP.png,1,0.13005849719047546,fake
68a4e608-6e82-5413-bbd3-62a0ce445c38-TRN-EML-T2-B.png,1,0.8867802023887634,fake
690318e3-8d73-5f53-a43b-8a5da14702fe-TRN-DOC-T1-A.png,1,0.46523192524909973,fake
692de2ac-2e90-50d9-a301-62a60d110452-TRN-DOC-T2-C.png,1,0.1354166716337204,fake
6936b204-8a60-5231-906a-7efddfc89c9e-TST-EML-T1-A.png,1,0.6577327251434326,fake
6967f098-30f1-59b1-985c-5e35ba43da63-TRN-RCT-T4-D-FIN.png,1,0.034744828939437866,fake
696f6bc7-aba0-569b-ab1d-3b81cf450d7c-TRN-EML-T4-C.png,1,0.046899691224098206,fake
698766f2-cc8f-5525-9622-45f061e1bd7d-TRN-DOC-T3-B.png,1,0.989798903465271,fake
69946da4-ab72-5b1a-a548-0c7f14f9e2ab-TRN-RCT-T1-C-FIN.png,1,0.0966377705335617,fake
6994cc3e-3096-5b1d-970f-22a546ba1485-TST-RCT-T4-B-FIN.png,1,0.7558042407035828,fake
699753a8-62b7-5b26-a6c1-95449d73d3e6-TRN-EML-T1-C-RVLCDIP.png,1,0.06338022649288177,fake
69a6bbfb-21b5-51e4-b34a-2386a7a17a3d-TRN-RCT-T1-B-CORD.png,1,0.5233374834060669,fake
69bb3b00-303b-502e-b842-d2ca60c6c402-TRN-RCT-T3-B.png,1,0.24668912589550018,fake
69cbfa35-afa3-5f14-a5d4-bed89bf02897-TST-DOC-T4-A.png,1,0.6375480890274048,fake
69e1eb2e-2705-5710-8c4a-9a1d1e83e68a-TRN-RCT-T4-C.png,1,0.021146925166249275,fake
6a0ffd1f-bfaa-5ad0-ba67-ea2507ffe9f1-TRN-EML-T2-B-RVLCDIP.png,1,0.7852771282196045,fake
6a927387-cc02-5b2d-9d4d-91db6a64ac34-TST-EML-T2-B.png,1,0.31273922324180603,fake
6a976650-c9c2-5615-a17b-b3b72e04bf44-TRN-RCT-T1-D-FIN.png,1,0.2168351709842682,fake
6a9ab3e7-43be-5c31-9a87-c37730b0995a-TRN-EML-T3-B.png,1,0.9004153609275818,fake
6ab694a3-e2b6-5550-b0bc-93e6c56d6a5b-TRN-EML-T4-A-RVLCDIP.png,1,0.11575181037187576,fake
6ad3a117-ece2-58c5-ab3d-b3e357764930-TRN-RCT-T3-A-FIN.png,1,0.21511535346508026,fake
6ad6bb54-02a9-54f7-aa82-3f513a8b9a28-TRN-RCT-T2-B-FIN.png,1,0.22590062022209167,fake
6ae9d28f-9274-5a08-b25b-831309d88cef-TRN-DOC-T2-C.png,1,0.6827572584152222,fake
6aea0743-635d-54be-a512-27d9cf4f0407-TRN-RCT-T3-C-FIN.png,1,0.053895432502031326,fake
6aeac577-9e99-566d-85f2-aa477ade180a-TRN-RCT-T4-B-FIN.png,1,0.0008491860935464501,fake
6b2b0c21-20f9-5759-b553-42ac37eb76b8-TST-EML-T2-B.png,1,0.9612258076667786,fake
6b3a3986-bf04-55bb-a916-419b68315d79-TRN-RCT-T3-D-CORD.png,1,0.22157180309295654,fake
6b5a4a3b-f26b-52f5-9cd2-85a60cf70542-TRN-RCT-T2-D.png,1,0.6026159524917603,fake
6b5bd14f-3148-5958-af66-ed19896a9b63-TRN-RCT-T4-B-FIN.png,1,0.2596745491027832,fake
6b5c480c-6e66-50a8-a3ad-91cb4569151d-TRN-RCT-T1-D-FIN.png,1,0.18756207823753357,fake
6b650008-c580-5c2f-8412-48c97f78a4af-TRN-RCT-T2-C-CORD.png,1,0.14675424993038177,fake
6b822c5f-9923-52c5-81f7-473d3895f937-TRN-EML-T3-A.png,1,0.7474234104156494,fake
6badf840-578e-56aa-92db-a68b0ddc68c2-TRN-EML-T1-C-RVLCDIP.png,1,0.3056478202342987,fake
6bcf0a9c-b7d7-5919-bc7e-955b35362bdd-TRN-EML-T3-B.png,1,0.959844172000885,fake
6bd7fee3-6185-561f-b1ae-607089b00604-TRN-RCT-T4-A-CORD.png,1,0.792229413986206,fake
6be0ce21-7fe1-50c1-9f0d-0982463ad3d4-TRN-EML-T2-C.png,1,0.008625010959804058,fake
6bfdd2fd-901f-564e-b080-3ed0e1b5dc06-TRN-RCT-T4-A-CORD.png,1,0.9991726279258728,fake
6c078866-eeec-5b6a-b3af-ebcd83b80fc1-TST-RCT-T1-C-FIN.png,1,0.11565911769866943,fake
6c098e66-909b-524c-8e90-f18775fc6862-TST-EML-T2-B.png,1,0.7590534687042236,fake
6c7962bd-8905-5751-a275-3766e3e101cb-TRN-RCT-T3-C.png,1,0.003614984219893813,fake
6cdae65f-0f74-54db-a911-d031a9e9c7f4-TRN-RCT-T1-A-CORD.png,1,0.6120578646659851,fake
6cdb32ee-6d89-5d52-80b4-617180082e25-TRN-RCT-T4-C-CORD.png,1,0.023998573422431946,fake
6cdeea5b-2fe3-5244-b4bc-0188d5133892-TRN-RCT-T4-D-FIN.png,1,0.045506156980991364,fake
6cee24c6-c251-57d3-b028-71c1092494ab-TRN-EML-T4-C-RVLCDIP.png,1,0.45009246468544006,fake
6cf4fe2e-394a-5440-8eef-ec76ea569d8a-TST-RCT-T4-A.png,1,0.9997618794441223,fake
6cf522f5-959b-57af-bb8e-d4c3531d9292-TRN-EML-T2-A.png,1,0.7846320271492004,fake
6d3c208c-bd46-5403-b8a8-f8415cc6bf9d-TRN-RCT-T1-A.png,1,0.03141248598694801,fake
6d3d94e4-5881-5228-8e30-76b2fe2889c8-TRN-RCT-T3-B-FIN.png,1,0.02776222862303257,fake
6d5538d5-13d6-5e40-ac69-492cec995e48-TRN-RCT-T3-D.png,1,0.30491089820861816,fake
6d5cc4a2-25b9-594a-9d0d-639291773c3e-TRN-EML-T4-B-RVLCDIP.png,1,0.6477354168891907,fake
6d77a107-c18b-537e-97d2-b28d5b48a67e-TST-RCT-T4-D.png,1,0.1400873064994812,fake
6d90d596-318d-5881-9baa-bde5c1f631c7-TST-RCT-T4-B.png,1,0.6886481642723083,fake
6db3a832-3d95-56a5-9ccb-4c68c98c3abf-TRN-RCT-T1-B.png,1,0.8457225561141968,fake
6dc91c9c-7ea2-54ba-a351-66e46821ace0-TRN-EML-T2-C-RVLCDIP.png,1,0.07600469142198563,fake
6e00dc54-97b0-53a4-8007-51fa95308714-TRN-RCT-T4-B-CORD.png,1,0.5193552374839783,fake
6e0fcdf4-ad73-5257-bd3f-433d8c0926b4-TST-RCT-T1-B.png,1,0.47274360060691833,fake
6e409b2e-494b-5206-923a-2a9b5e6a9370-TRN-RCT-T3-B-FIN.png,1,0.6901193857192993,fake
6e8e4d53-62e7-5a8a-b34c-101dacde2024-TST-DOC-T3-B.png,1,0.17155306041240692,fake
6ea89204-2e21-507d-a81f-7a527da953c7-TRN-RCT-T2-A-FIN.png,1,0.0005522641586139798,fake
6ebf727e-98b5-50ce-9b08-50a451d9d3d0-TRN-RCT-T3-A-FIN.png,1,0.42094093561172485,fake
6ee3f8ea-08ac-5175-96b7-4f403fbe2ba9-TRN-EML-T2-A.png,1,0.4265584945678711,fake
6eef0277-e8ad-5540-aeff-ce32a3d5990a-TST-RCT-T1-B-CORD.png,1,0.7574244737625122,fake
6f089238-a850-5af0-923c-70fb073c837c-TRN-EML-T1-B.png,1,0.7970230579376221,fake
6f1b15de-1e51-549b-a8f8-4cc758da0bf8-TST-RCT-T2-B.png,1,0.13224342465400696,fake
6f2f2889-9228-59ae-9903-97c904443dd1-TRN-RCT-T4-C-FIN.png,1,0.03798513859510422,fake
6f3056cf-d291-5d6d-addf-f11a9533513e-TRN-RCT-T1-D.png,1,0.329481303691864,fake
6f334319-74ef-5a84-8e90-25939693fb3e-TRN-RCT-T3-C.png,1,0.02233116701245308,fake
6f6450eb-923b-541c-a31a-63f42adf04df-TST-RCT-T4-B-CORD.png,1,0.8045872449874878,fake
6f735418-c706-5c70-9510-bd31c515e849-TST-DOC-T3-B.png,1,0.30509108304977417,fake
6f86500a-843e-55da-bb4f-b3ede3b38f95-TRN-RCT-T4-B-CORD.png,1,0.9997619986534119,fake
6f87638a-ea5b-534c-8fa9-aebb64b662c3-TRN-RCT-T3-A.png,1,0.2725253701210022,fake
6fe27028-3caf-538e-9534-aefd43880bad-TRN-RCT-T2-C-CORD.png,1,0.0012350160395726562,fake
6ffc2082-cb79-5b2f-8b16-a56852c5586f-TRN-EML-T1-C.png,1,0.6464899778366089,fake
7016ddfb-ab36-56bc-bcdc-d1c6998c097c-TRN-RCT-T2-B-CORD.png,1,0.00012493657413870096,fake
701fa56c-ca12-5289-a428-b9e5fa6825ba-TST-DOC-T4-B.png,1,0.7701616287231445,fake
703db87f-d4b2-5373-a73a-110cd6c28b54-TRN-RCT-T2-A-CORD.png,1,0.7816036939620972,fake
70456b0d-93c2-50ac-b673-75d44f7dda9e-TRN-EML-T1-C-RVLCDIP.png,1,0.23140811920166016,fake
7061c36a-f803-585a-a033-da866ac96834-TRN-EML-T2-C-RVLCDIP.png,1,0.41067156195640564,fake
70a2bb14-2a48-5213-a6e3-63c75f0a36a8-TST-RCT-T4-D-FIN.png,1,0.048823483288288116,fake
70edd673-07f9-5e56-8116-8af1e1c812a1-TST-RCT-T1-C-FIN.png,1,0.1654680371284485,fake
71234253-4266-5894-995b-45b4da6c9bf1-TST-RCT-T3-C-FIN.png,1,0.030990062281489372,fake
71568d9e-8c26-5fa3-bec3-72371c5e3b44-TRN-RCT-T2-B.png,1,0.02850288338959217,fake
715abc3c-ba11-5e99-bf02-2a61008edabd-TST-RCT-T3-C-FIN.png,1,0.22960445284843445,fake
715f6f46-337e-5f3e-b06e-6b232e093d70-TRN-DOC-T3-C.png,1,0.11603426933288574,fake
71762243-ced4-5ddd-b24d-c70ca75cf61f-TRN-RCT-T2-C-CORD.png,1,0.00019290354975964874,fake
71810a17-063b-5967-9b60-6edd5dcd14cd-TST-RCT-T2-B-CORD.png,1,0.06979251652956009,fake
71822320-2a69-5500-a2d3-3bb3657d7d3b-TRN-RCT-T2-C.png,1,0.15397508442401886,fake
718bfea9-c672-5a53-a8e0-3cf6f9615816-TST-RCT-T4-B-CORD.png,1,0.9886244535446167,fake
718df5cc-987f-546c-a25a-ed4006a8f77c-TRN-DOC-T3-A.png,1,0.02798697166144848,fake
719364af-d197-5b84-8f38-87a9761070e3-TRN-RCT-T2-C.png,1,0.05695224553346634,fake
71d87c8b-38b3-5b35-bc10-64cc37600192-TST-RCT-T3-D-FIN.png,1,0.20133697986602783,fake
723ce7ff-9a4d-5d1a-8411-73e60803edcc-TRN-RCT-T1-B-CORD.png,1,0.9084530472755432,fake
724c8b02-d4c9-5027-aed7-6610c477378e-TRN-RCT-T1-B-FIN.png,1,0.11849857866764069,fake
72821e11-2f9b-5d5b-95e2-f72a4d2ab157-TRN-RCT-T3-A-FIN.png,1,0.2981880009174347,fake
72c5ffde-c8fb-53b8-95c4-e3bfbcf88fa6-TRN-RCT-T4-A-CORD.png,1,0.9995771050453186,fake
72f13175-56e2-5f1a-9970-c0780bd397c2-TST-EML-T4-C.png,1,0.15851768851280212,fake
72f98518-a11a-5741-97e1-88d391976942-TST-EML-T1-C.png,1,0.0686534121632576,fake
73238464-5789-521a-a8f6-54422dd05432-TST-RCT-T3-B-CORD.png,1,0.8974374532699585,fake
7327f5f7-a1c3-5cd5-b98a-f390f078cbf2-TRN-RCT-T2-A-FIN.png,1,0.05202266573905945,fake
734f8838-ac9c-52eb-b0f6-c109c1d77036-TRN-EML-T3-B-RVLCDIP.png,1,0.8756367564201355,fake
73535a64-8922-57bb-8168-b89aef8094af-TRN-RCT-T4-D-CORD.png,1,0.01116210874170065,fake
7356f301-ee25-5858-89d2-8fca42a3a98c-TRN-RCT-T2-D-CORD.png,1,0.006965282838791609,fake
737810ab-5089-5f02-b6e9-7cc32c4f7117-TRN-DOC-T2-A.png,1,0.1654277741909027,fake
738f33cd-1d52-51b6-84a2-f802b5279916-TST-EML-T3-C.png,1,0.7168272733688354,fake
73ad1e9a-f4e4-53ca-b989-1232ad11f297-TRN-DOC-T1-C.png,1,0.41066688299179077,fake
73b5faba-74cb-5785-bcd0-6e042f7e396c-TST-RCT-T4-B.png,1,0.9997838139533997,fake
73d6d089-49e6-54b4-bd50-4c381c725e5d-TST-EML-T1-B.png,1,0.832712709903717,fake
73fcdeb4-0dce-5267-ab23-36460caa9df7-TRN-EML-T4-A.png,1,0.16815097630023956,fake
7411aa0a-decb-5632-8c5a-f1d0dc39b94d-TST-RCT-T4-A.png,1,0.8518463373184204,fake
741c47c1-6ef3-5981-8b8f-f358568281ba-TRN-DOC-T3-C.png,1,0.049381598830223083,fake
7426b3a3-761d-5170-9f6f-ec5c6c32b1df-TRN-DOC-T4-A.png,1,0.5233675241470337,fake
74469937-73d5-5216-8007-92f11d8fc9d5-TRN-RCT-T2-D-FIN.png,1,0.9457611441612244,fake
7466385f-ce50-59fd-8b91-714416318f85-TRN-RCT-T2-D-FIN.png,1,0.09957766532897949,fake
74860870-affd-5d51-952a-5ddd7305800f-TRN-EML-T2-C-RVLCDIP.png,1,0.6370312571525574,fake
748c452f-5e23-5ad1-9f90-c46d47169602-TRN-RCT-T1-C-FIN.png,1,0.06193390116095543,fake
74944015-bf27-528b-80dd-1d14743a4da1-TRN-RCT-T1-B-FIN.png,1,0.8418952226638794,fake
7499caae-28db-5040-a38e-2317eac7dfce-TST-EML-T1-A.png,1,0.836657702922821,fake
74c3f5f5-2f46-5f71-85c8-62e2d650949e-TRN-RCT-T2-B-FIN.png,1,0.44511279463768005,fake
74e8ae92-c03b-59cc-819d-22d23602451a-TRN-RCT-T3-A.png,1,0.30947157740592957,fake
7516d2f1-f0f5-5563-b788-8f2a2f10e1f4-TRN-EML-T1-C.png,1,0.023641500622034073,fake
754c9942-a6a2-5804-bb7f-3b7fa9e7f95d-TRN-EML-T2-A.png,1,0.8026413917541504,fake
75567526-cdb8-5410-8fef-73b519cb4a9e-TRN-RCT-T2-B.png,1,0.130185067653656,fake
75a36159-b8fa-5e32-b843-867c06a8c16e-TST-RCT-T2-B.png,1,0.9774733781814575,fake
75ace13b-8036-55d0-b2a9-8eda00160b09-TRN-DOC-T2-B.png,1,0.03024257719516754,fake
75d52c14-cf84-5729-b22b-c87b5a8f596c-TST-RCT-T1-B.png,1,0.907989501953125,fake
76287a3f-5393-52be-b6fa-2ccf9e74c5bb-TRN-RCT-T3-B-CORD.png,1,0.19927893579006195,fake
764b2323-2a5e-515e-82e6-a036c7421f0d-TRN-RCT-T2-C.png,1,0.07479795813560486,fake
7655dfa6-f483-5185-bf7e-ce3ef62c48f7-TRN-RCT-T2-B.png,1,0.54695063829422,fake
765bc473-68b0-5e88-a8d1-715b4982eeb6-TST-RCT-T2-D-CORD.png,1,0.00014727537927683443,fake
7661c060-d89f-5fb4-907e-970e61d565b9-TRN-RCT-T2-B.png,1,0.04298070818185806,fake
7664e4b3-db81-5aeb-bffc-866c94d11e02-TRN-RCT-T3-A-CORD.png,1,0.9772595167160034,fake
767faeac-d6fd-5eac-8210-3b9434367644-TST-DOC-T4-B.png,1,0.962281346321106,fake
7686dd2d-e33f-5ff2-b2c3-3a6ea994d932-TRN-DOC-T2-B.png,1,0.34973272681236267,fake
768774b2-9a53-5dbf-b16b-6db7c6a47027-TRN-RCT-T3-A.png,1,0.6880166530609131,fake
76a5b6eb-a94e-53a9-b6c0-8e7ae74d860c-TRN-RCT-T4-C-CORD.png,1,0.7504172325134277,fake
76a83cc8-08fe-5199-ba4b-74864f14fc59-TST-RCT-T1-A-CORD.png,1,0.9997562766075134,fake
76e81a98-bb52-5340-b58a-0af6b54b07dd-TRN-EML-T4-C.png,1,0.2859328091144562,fake
770938ae-aaed-5aaf-a780-2ff147746b7b-TST-RCT-T2-D.png,1,0.4079938232898712,fake
771ba4c2-dc3e-57c4-9649-f2b9cc1d0ef4-TRN-EML-T2-B.png,1,0.935827374458313,fake
77625044-c07a-5cac-bebe-8ce94ebfd290-TST-EML-T1-B.png,1,0.9804232120513916,fake
777c0e7e-3679-54f3-b6f2-0353deeb66e4-TRN-EML-T3-B.png,1,0.2904646098613739,fake
77901537-ff3b-5a99-aedb-4afdb1d97ca5-TRN-DOC-T3-B.png,1,0.17457832396030426,fake
77ac6615-ddb8-5ace-9463-9daeefe68eb4-TRN-EML-T3-B.png,1,0.8245716094970703,fake
77cb6131-ccfc-57f6-9b26-995875d851e2-TRN-EML-T4-C-RVLCDIP.png,1,0.13901767134666443,fake
77da9825-c6f3-50d9-9d05-90fab33d3fab-TRN-DOC-T3-B.png,1,0.21644894778728485,fake
77f9084c-ad29-567f-b712-f3df61620cf0-TST-RCT-T4-D-FIN.png,1,0.11409315466880798,fake
7844cae8-9cc9-566d-9329-e1ee6589d4de-TRN-EML-T1-C.png,1,0.2832462787628174,fake
78650e4b-7517-5942-95a3-4ecba63b008b-TST-EML-T1-C.png,1,0.49738654494285583,fake
787b9a41-4cbd-507d-af87-cb2f3f86596b-TST-DOC-T1-C.png,1,0.091559037566185,fake
787fbc85-6158-5985-96ad-59ed02d53f03-TRN-RCT-T4-B-FIN.png,1,0.13258935511112213,fake
78a3bd52-e6b9-50c6-aa5c-fef843485efa-TRN-RCT-T2-D-CORD.png,1,0.8502276539802551,fake
78b289b8-c4d2-577d-8dd0-e22553f35d8e-TRN-RCT-T2-B-CORD.png,1,0.48047876358032227,fake
78bdc2c6-26c9-54a8-bdb7-d88ed06d887c-TST-EML-T3-A.png,1,0.6500372886657715,fake
78efcf1e-420d-5327-9d1e-3ee21bb5f7b4-TST-RCT-T1-D-CORD.png,1,0.011294659227132797,fake
793ccdf6-959c-5667-b224-8c3b86257051-TRN-EML-T4-A-RVLCDIP.png,1,0.5356345772743225,fake
7948cca9-13dc-5c84-ad11-fea341a8b7d0-TRN-RCT-T2-A.png,1,0.21157799661159515,fake
794995e2-8507-5bcf-bede-43ae23d467eb-TRN-RCT-T3-C-FIN.png,1,0.6036906838417053,fake
79674e69-c187-5452-82ca-7e376e974d93-TRN-EML-T1-C.png,1,0.013559233397245407,fake
796ac934-9993-5ad0-b99c-4a3bd046e391-TRN-RCT-T4-C-CORD.png,1,0.5838167667388916,fake
79852d08-5f4f-5ed1-a58a-6883005b3789-TST-RCT-T2-C-CORD.png,1,0.10653490573167801,fake
798f6821-a252-5ab4-9d84-aa9195513553-TRN-RCT-T1-A-CORD.png,1,0.1377456784248352,fake
79cd4814-89ca-5e58-ba61-ff6d9c9ab402-TST-RCT-T1-C.png,1,0.020410632714629173,fake
79ce5a86-41a4-5ce8-9246-232fcd2e9f0a-TRN-RCT-T1-B-CORD.png,1,0.9997852444648743,fake
79d5d95a-5af3-589e-af51-2c002044a07a-TRN-RCT-T1-D-FIN.png,1,0.30872824788093567,fake
79e5d02f-95ba-5627-9842-c493684b3bbd-TST-RCT-T3-A-CORD.png,1,0.9807400703430176,fake
79e7dc95-3f60-5b7a-8afb-57ae88810374-TRN-DOC-T1-A.png,1,0.5096306204795837,fake
79fd8122-d326-5b33-a40a-8040bf20023a-TST-RCT-T1-D.png,1,0.40587106347084045,fake
7a076eb0-e988-59b5-aea5-70939da09d57-TST-EML-T1-C.png,1,0.00537572056055069,fake
7a1fc650-7301-5481-870b-60d658d1002c-TRN-EML-T4-B.png,1,0.09609848260879517,fake
7a227f10-603b-533f-af04-31fadab26e1f-TRN-EML-T1-C.png,1,0.22089354693889618,fake
7a3e9c1c-0ee5-5323-bdb4-c0279b815442-TST-RCT-T2-A-CORD.png,1,0.833050012588501,fake
7a637ebc-0249-5df7-b761-f72e77055bf7-TRN-EML-T3-C-RVLCDIP.png,1,0.06972406804561615,fake
7aa9a969-219c-5527-851a-b85dade53a7e-TST-RCT-T3-C-FIN.png,1,0.016792936250567436,fake
7abe12d6-b4b0-5e79-b346-767dc60b02c6-TRN-RCT-T3-D-CORD.png,1,0.4097762703895569,fake
7b225f24-4260-59ff-b8a3-2415d649009e-TST-RCT-T4-D-CORD.png,1,0.027635786682367325,fake
7b23f677-018a-503a-b244-64205592bed2-TRN-RCT-T4-D-FIN.png,1,0.38250839710235596,fake
7b65a909-b29d-5048-af4a-bc8499776e39-TRN-EML-T4-B-RVLCDIP.png,1,0.9345771074295044,fake
7c3aad29-fd4b-5dee-a4e4-0d2e817f40bc-TRN-EML-T1-A.png,1,0.893163800239563,fake
7c8a06d8-43bb-5300-acfd-e97b082540d0-TRN-EML-T2-C-RVLCDIP.png,1,0.007614133879542351,fake
7cb0b617-7665-5adf-bef3-0515369f5ba2-TRN-RCT-T1-D-CORD.png,1,0.2330026775598526,fake
7cc7de9c-d434-5258-a630-d41cccc0ef99-TST-EML-T3-C.png,1,0.801657497882843,fake
7cd87618-fa4b-5daa-969a-7ebdccaac179-TRN-RCT-T3-A-FIN.png,1,0.355993390083313,fake
7cf447d2-00cd-5bc3-b1d8-feb665337507-TRN-EML-T2-C.png,1,0.37263333797454834,fake
7d01a60d-db14-56c8-9cc8-90010f53015e-TST-RCT-T4-C-FIN.png,1,0.49692511558532715,fake
7d134644-c63b-52d7-9eaa-f1452582e5aa-TRN-RCT-T3-D-FIN.png,1,0.15671250224113464,fake
7d2f57da-9cd2-573c-bf83-abd21abdc460-TRN-EML-T1-A-RVLCDIP.png,1,0.348090261220932,fake
7d8e457f-3695-5ee1-90a0-f4b9de0d4b2f-TST-RCT-T4-D.png,1,0.00011182057642145082,fake
7d9cdf15-f6e7-55d0-bed2-9082cccda811-TST-RCT-T1-C-CORD.png,1,0.1503092497587204,fake
7dcfbc4b-9180-55de-8eae-7ca91d69233c-TST-RCT-T4-C-FIN.png,1,0.14822497963905334,fake
7e21d06c-c9b4-5ffe-b441-fe1af2b4be8a-TST-RCT-T4-A.png,1,0.999782145023346,fake
7e3f0bd2-5abb-5ac8-81c6-706a53eaa760-TRN-DOC-T3-C.png,1,0.9992202520370483,fake
7e6c6b92-2594-53d6-8d94-61efc17c6f2e-TRN-EML-T2-B.png,1,0.5270518660545349,fake
7e80075e-ac56-50fd-91cc-0e4d8e865753-TRN-RCT-T3-A-CORD.png,1,0.407859206199646,fake
7e83eafe-92f1-5ad2-a93d-ece26d15f214-TST-DOC-T4-B.png,1,0.7905736565589905,fake
7eaa1145-7b41-5483-a046-2479848556e5-TRN-RCT-T2-A.png,1,0.3450177013874054,fake
7ed2db3d-051e-5db3-8fa7-d400bbab1663-TRN-RCT-T2-D-CORD.png,1,0.00011015425116056576,fake
7ef30b0c-23ea-5544-adb4-f33ba08abead-TST-RCT-T4-D.png,1,0.0369165763258934,fake
7efb0c7f-7996-5aa2-8904-e620e27c3db3-TST-DOC-T2-B.png,1,0.5748230814933777,fake
7f02e6ce-0939-5b5a-a7f7-d84c17ae7d49-TRN-RCT-T2-B.png,1,0.8855559825897217,fake
7f274614-15d5-57fd-8e74-4ec4cebac764-TRN-DOC-T3-A.png,1,0.14951279759407043,fake
7f6ad1f4-382c-5296-b6dd-fc6dcee7cd1b-TRN-EML-T3-C-RVLCDIP.png,1,0.5667551159858704,fake
7f7d0772-cdbb-536f-8128-2057092316d2-TRN-RCT-T1-A.png,1,0.0489911250770092,fake
7f89d215-77d2-5a0b-a799-72b1f477d51a-TST-RCT-T2-A-FIN.png,1,0.11982942372560501,fake
7f979ddf-ae0d-51ac-bffb-10b03e1f9fe2-TRN-RCT-T1-D-FIN.png,1,0.4566729664802551,fake
7fa4f036-333e-5b02-8ec4-0b53a9873f6f-TRN-EML-T2-C.png,1,0.7635639905929565,fake
7faddc04-aa4b-52f6-87b3-694d6bac4a12-TST-RCT-T1-D.png,1,0.26082468032836914,fake
7fb496e5-7fc2-5613-b2f1-af552395e502-TRN-RCT-T2-B-FIN.png,1,0.18578574061393738,fake
7fe4cc86-f97b-5da1-967b-91b757dda0e0-TRN-RCT-T2-D.png,1,0.07196000218391418,fake
7ff27d09-eed0-5fde-9d23-3cd9851008d0-TST-RCT-T3-B.png,1,0.05204455554485321,fake
8003f3c4-d6c1-5aa5-810f-40fa36e52733-TRN-RCT-T3-B-FIN.png,1,0.9996800422668457,fake
8023ae52-c687-55bd-b914-76712e881453-TRN-RCT-T3-D-CORD.png,1,0.09913486242294312,fake
8041f9ba-628c-5b00-babf-58ab6b327ae4-TRN-RCT-T2-B-CORD.png,1,0.40857717394828796,fake
804dbe86-fefa-50ff-93e0-fc1606943c98-TST-RCT-T1-B-FIN.png,1,0.20435021817684174,fake
808911e9-a99b-5828-ba59-8325cf038691-TRN-RCT-T3-A-CORD.png,1,0.8680837750434875,fake
80998323-9704-5e95-9757-93469cfafd5a-TRN-RCT-T2-A.png,1,0.31671324372291565,fake
80aff57d-c950-5fcc-a4b8-1df4fd38c42c-TRN-DOC-T2-B.png,1,0.6456960439682007,fake
80c77c59-4c35-5c12-b266-5bb2ec04f68a-TRN-EML-T4-A.png,1,0.09992989152669907,fake
80d24bee-9409-5a20-8c52-322ebd3fcdfc-TRN-RCT-T4-C-FIN.png,1,0.09585143625736237,fake
80f9b5d3-f270-5620-9544-44dc5b29727c-TST-RCT-T3-A.png,1,0.07570218294858932,fake
810b5e08-189f-5c9b-84bb-7e3182ecf908-TRN-RCT-T1-B.png,1,0.9672515392303467,fake
812c2f5e-132d-58a7-9fd6-05e31bb27675-TRN-RCT-T1-D-CORD.png,1,0.009145825169980526,fake
81647028-94e5-5c4f-91b3-8d8052643f58-TRN-EML-T4-C-RVLCDIP.png,1,0.12687085568904877,fake
817562c4-d0ec-5950-a214-49a7f2f67b6d-TST-RCT-T3-A-CORD.png,1,0.028938349336385727,fake
8179594c-61f7-5aa2-a380-56b430051508-TRN-EML-T4-A-RVLCDIP.png,1,0.717375636100769,fake
818f80dc-d53e-57fb-a9cb-252f80fef29d-TRN-RCT-T3-A-FIN.png,1,0.2575457990169525,fake
81ad3858-ff86-5db6-8f0e-b13b31b98cc7-TRN-RCT-T1-B-FIN.png,1,0.38664472103118896,fake
81b1c7b6-e664-5b1c-be03-145e318f4a16-TRN-EML-T2-C.png,1,0.01770223118364811,fake
81b4d808-7c26-5c46-87ce-1e68f4c8506f-TST-RCT-T2-A.png,1,0.35809409618377686,fake
81b77896-e683-5fa4-bb08-7ef1b8bd1112-TRN-RCT-T4-C.png,1,0.006996171548962593,fake
81d84d9c-9bc9-58b7-ac6c-e7f5a1732b3e-TRN-RCT-T4-D-CORD.png,1,0.008792647160589695,fake
81dffc73-8d54-513d-b8c9-e1e320fb6236-TST-DOC-T3-B.png,1,0.9930777549743652,fake
81e8a2f9-179d-5329-9c52-8bb3d549223b-TST-RCT-T1-B-CORD.png,1,0.9997242093086243,fake
82202f5c-10c9-55ff-882e-421e95e1458b-TRN-RCT-T3-C-FIN.png,1,0.275447815656662,fake
82240f3e-c0e2-5e85-8104-a45a61963ef4-TRN-RCT-T1-C-FIN.png,1,0.2800537645816803,fake
8242fc83-77e6-5bfa-ace8-2c6e99a5bf25-TRN-RCT-T3-A.png,1,0.6820110082626343,fake
824c98e0-f286-5d9d-ac12-bcb30f7ee313-TRN-RCT-T4-A-FIN.png,1,0.2686927318572998,fake
8257e1c2-9d80-598c-84ec-0ada5caadcac-TRN-EML-T3-C-RVLCDIP.png,1,0.6838921904563904,fake
82c200dd-3826-59df-b656-b6a998129ec4-TRN-EML-T3-A-RVLCDIP.png,1,0.6911126971244812,fake
82ce3fab-3c79-53c0-845a-8de8eb3ded7c-TST-EML-T4-B.png,1,0.30324631929397583,fake
82da6b1f-290b-55c7-80e2-146e502c6b03-TRN-RCT-T4-A-FIN.png,1,0.918333888053894,fake
82f086d5-6773-5e0c-b8aa-36684639fd0e-TRN-RCT-T2-C-CORD.png,1,0.006590008269995451,fake
82f5f4c2-7db3-5788-a8bf-b08118427723-TRN-RCT-T1-B.png,1,0.901872456073761,fake
82f6a7c1-7866-50e4-b7a1-1254707bdfa6-TST-RCT-T4-C-FIN.png,1,0.05543800815939903,fake
83124e58-1178-5a36-8700-62ba35030777-TRN-RCT-T2-C.png,1,0.0017500084359198809,fake
83683a62-e817-5a4c-9f16-7c6a98116ece-TRN-EML-T3-A-RVLCDIP.png,1,0.8309440612792969,fake
83753eac-28f1-542f-8dca-e6d1bde3d503-TRN-RCT-T1-B.png,1,0.6510930061340332,fake
837fa8d1-3f95-5f30-a6d7-feef30572a92-TST-RCT-T2-D.png,1,0.046640098094940186,fake
838c8ca3-f857-50c7-a10f-f043958911d3-TRN-RCT-T4-A.png,1,0.9434210062026978,fake
83904eda-a4c4-5d90-a835-f9c0615f9b4d-TST-RCT-T3-B-CORD.png,1,0.024531828239560127,fake
8393c1ea-79e9-5ff4-b57d-ddf81d56a130-TST-RCT-T4-D-CORD.png,1,0.11215157806873322,fake
839cd1aa-bd53-55c8-8926-93a96012467c-TRN-RCT-T2-C.png,1,0.06835737824440002,fake
83a91a9d-0741-557c-997b-c19c5d84f16d-TRN-RCT-T4-C-FIN.png,1,0.02776690386235714,fake
83aebcd1-1f74-5210-bee6-15b2a075340b-TRN-RCT-T3-C-FIN.png,1,0.3286249041557312,fake
83b1af41-7362-5978-b31f-5ed16b628b73-TRN-DOC-T3-B.png,1,0.9997814297676086,fake
83b807f4-6d76-5c59-bc41-9c5990adab44-TRN-RCT-T3-C.png,1,0.005377333145588636,fake
83c6253a-6879-5fc1-ae30-aab324bcdc55-TRN-RCT-T4-C-FIN.png,1,0.10840941965579987,fake
83d15334-a427-504e-8dea-bc29c23be146-TRN-EML-T2-A.png,1,0.8442960977554321,fake
83d475ea-4535-530e-aa78-2c75b9fbf64c-TRN-RCT-T3-C-CORD.png,1,0.0015936261042952538,fake
84008119-ca85-5a5e-a87e-87fafadd3ef7-TRN-RCT-T1-D.png,1,0.7887811660766602,fake
8406592e-bfe7-5bf4-b8f3-35f776ae666e-TRN-DOC-T1-B.png,1,0.2596789002418518,fake
842e7275-0dbf-596e-a0c6-3b550661a90e-TRN-RCT-T3-C-FIN.png,1,0.18435786664485931,fake
84305602-a232-5886-bf7e-f22824ea148b-TRN-RCT-T2-A-CORD.png,1,0.9447875618934631,fake
84529c42-9fe9-5a28-9e9c-7bdaddd4fdf9-TRN-RCT-T4-A-FIN.png,1,0.999704897403717,fake
84b260ff-dec1-5af7-98a4-c320a16c2ffb-TST-RCT-T3-C.png,1,0.029638294130563736,fake
84bd8c19-6fda-5337-ba19-ba2d63715092-TRN-EML-T2-B.png,1,0.5032147169113159,fake
84d6723e-6cb1-566d-b8cd-603fec35f1e0-TRN-EML-T2-B.png,1,0.7816997766494751,fake
84e7b950-74c0-5130-9555-34e9dc85b645-TRN-RCT-T4-D-FIN.png,1,0.008445166982710361,fake
850d5730-ee8b-50cd-8055-84d1d09864ac-TRN-RCT-T4-A.png,1,0.9994136095046997,fake
8511e3f9-ee71-538a-89c3-866a5e37edc9-TST-RCT-T4-C.png,1,0.11785630881786346,fake
85172214-82d8-5d08-b7eb-bd952c7974ba-TRN-RCT-T1-C-FIN.png,1,0.07950641214847565,fake
855eda5b-61ff-568f-8f54-3a4caa1fae27-TST-RCT-T2-A-FIN.png,1,0.07137418538331985,fake
859a4767-dfcf-5ab1-84df-67e566ebbbe6-TRN-EML-T1-C.png,1,0.06929785013198853,fake
85bb944f-d8bf-5447-9e62-20cc8db977a0-TST-RCT-T3-A-CORD.png,1,0.9997797608375549,fake
85c66327-2b12-509e-8afc-5e998cbd8966-TRN-EML-T3-B.png,1,0.8958105444908142,fake
85d03c3d-fec1-52e2-841a-fbe4fe301eb1-TST-DOC-T2-C.png,1,0.9380815029144287,fake
85f25ab8-d749-5f16-ba24-fbb65e59ef97-TRN-RCT-T2-C-FIN.png,1,0.14586074650287628,fake
860708ad-cc8e-5ea3-aa3c-b1d7dc1c3a0a-TRN-RCT-T2-C.png,1,0.0034920554608106613,fake
8680a570-56bf-5135-91d3-4200129861ab-TRN-EML-T1-B.png,1,0.556749701499939,fake
868ab015-4fdf-589b-af42-9d3a40949e68-TRN-RCT-T1-A-FIN.png,1,0.5430108308792114,fake
86c5b319-1318-5ea3-a81b-b6bfacf27b2b-TRN-EML-T4-A.png,1,0.6589505076408386,fake
86d7bf14-6bc7-5ab7-a485-67c9a69ed2ae-TRN-RCT-T3-C.png,1,0.21048232913017273,fake
86f1e1a0-ee4e-5488-8f02-f93b6b0b762e-TST-DOC-T1-A.png,1,0.6032087802886963,fake
86f2a046-f4c5-5840-9f76-2c3aefafdfe1-TRN-DOC-T4-C.png,1,0.1331176608800888,fake
8741e494-6071-570c-ab61-17c304595c91-TST-RCT-T3-A.png,1,0.5783466696739197,fake
878e6c06-346c-5970-be40-4e8538be1257-TRN-RCT-T4-A.png,1,0.31411030888557434,fake
879005ce-8d69-5663-8d3d-ccc0f138c21c-TRN-RCT-T4-D-FIN.png,1,0.6095975041389465,fake
87a44619-3de5-5782-a1fa-a44af1353eb1-TST-EML-T1-B.png,1,0.6863601207733154,fake
87a6e180-e2c5-57b6-907b-700ecca4f88d-TST-RCT-T2-B-FIN.png,1,0.22370529174804688,fake
87db7c51-d06a-5c38-9f65-ccb0a71e19fb-TRN-RCT-T4-D-CORD.png,1,0.38593557476997375,fake
880e81c7-b632-5f00-86aa-101ef6649f3a-TRN-EML-T2-A-RVLCDIP.png,1,0.7813135981559753,fake
8859456e-e697-5aeb-9260-4bd4e9a13d66-TRN-EML-T1-B-RVLCDIP.png,1,0.5900344252586365,fake
88674a6e-0241-5ec3-bec8-e8bfd43f880a-TST-RCT-T4-A-CORD.png,1,0.9997748732566833,fake
88b6d567-0831-54a9-8454-568f218bfe14-TST-RCT-T1-C-CORD.png,1,0.023882132023572922,fake
88c8629f-95c2-5cdd-8210-5eebbf5fe7bc-TST-RCT-T2-C-FIN.png,1,0.0001832756825024262,fake
88d56bc7-8d84-5766-b907-79c31e49c081-TRN-DOC-T2-A.png,1,0.84345543384552,fake
88e6ff6b-3065-5940-81c3-c62ec8f5f216-TRN-RCT-T2-C-FIN.png,1,0.0012073703110218048,fake
88ef45c8-cc04-5dd8-b0f1-2738c77e3128-TRN-RCT-T4-C.png,1,0.04968171939253807,fake
8919e6f7-9952-5059-825d-16cc9db0a947-TST-RCT-T2-D-FIN.png,1,0.7711755037307739,fake
895723ce-14bc-5806-a889-5952625608a5-TRN-RCT-T2-A.png,1,0.19631192088127136,fake
896204e9-50de-5ebd-bebb-aa53bd073aab-TRN-RCT-T2-A-FIN.png,1,0.19487732648849487,fake
897950a4-ff56-5704-9a8c-3f90b5132b90-TRN-EML-T3-A.png,1,0.7352802753448486,fake
897c666d-5925-5913-a9fd-1c653578209d-TST-DOC-T3-C.png,1,0.005021711811423302,fake
89a52e92-1567-5a8d-909e-2925bb8d5e46-TRN-EML-T3-C.png,1,0.11056169122457504,fake
89c21b4a-9f8e-575c-bfc0-1347ef1d9054-TST-RCT-T1-C-CORD.png,1,0.022060208022594452,fake
8a0e481f-30e9-5576-88ab-e4d3b490a96c-TRN-RCT-T1-A-CORD.png,1,0.6790552139282227,fake
8a3afd24-85e3-5ecf-9086-3a95c736ab4e-TRN-EML-T1-A.png,1,0.8802170157432556,fake
8a4dad2c-f4d3-57f9-8653-a1bb62b0c191-TRN-RCT-T1-C-CORD.png,1,0.0037764161825180054,fake
8a52a3f9-9e64-590f-951d-6f9b779323a4-TRN-RCT-T4-C.png,1,0.1231624111533165,fake
8a7a39b5-0e04-5a4b-b692-e2eadfb50cf0-TRN-EML-T1-B-RVLCDIP.png,1,0.3658546507358551,fake
8aa6a3db-7462-5389-b73e-2cbbb41eae62-TST-RCT-T2-B-CORD.png,1,0.042546626180410385,fake
8add447d-dcc1-548e-a3f8-564a1f73dfd9-TST-RCT-T1-B-FIN.png,1,0.9475380182266235,fake
8ae11bfe-dd5b-580c-8c7e-ce725a69a1c1-TST-RCT-T4-B.png,1,0.9986634254455566,fake
8ae2c242-315c-5589-9367-c4ebe0b2cad8-TRN-RCT-T2-C-CORD.png,1,0.27607956528663635,fake
8afe54c3-115f-57a6-a24a-88d050b4896e-TST-EML-T3-A.png,1,0.9153013825416565,fake
8b1e139e-6a8a-5af8-af44-d7f551eb294e-TST-DOC-T4-C.png,1,0.16160504519939423,fake
8b3db6ec-b448-56a2-b542-097be5db408c-TST-EML-T1-C.png,1,0.14235751330852509,fake
8b40c10b-49d8-5440-8f7f-93ace70d3003-TRN-RCT-T1-A-CORD.png,1,0.3735317885875702,fake
8b44a042-cca7-5ef9-b876-5f5ae96ae293-TRN-EML-T2-A-RVLCDIP.png,1,0.8158440589904785,fake
8b4ac9cc-9bcc-5c46-93ad-993ab41f1edb-TRN-EML-T1-B-RVLCDIP.png,1,0.8572996258735657,fake
8b660893-b511-5e24-a8d5-aa2c5b74d325-TRN-RCT-T4-A-FIN.png,1,0.8762954473495483,fake
8b7e426c-a134-554c-a4c3-9aa32654460f-TRN-EML-T1-B-RVLCDIP.png,1,0.5586054921150208,fake
8b86dc9b-bf85-56e1-940e-99db55868b88-TST-RCT-T1-C.png,1,0.0031445978675037622,fake
8b9019f6-417d-5513-ac71-fc0ebe193b38-TST-RCT-T4-A-FIN.png,1,0.17440509796142578,fake
8b97f572-e361-59cc-9457-d2f6499ee121-TST-DOC-T1-B.png,1,0.0707123875617981,fake
8b9ea367-02e1-5398-a92c-c9c1cecd37e1-TRN-EML-T3-C-RVLCDIP.png,1,0.11080427467823029,fake
8bbabcd5-b3ec-5ce6-8f2f-2c7b4092ddb0-TST-RCT-T4-C-FIN.png,1,0.039802186191082,fake
8c0478c7-2fa1-5215-9035-660a435e09b1-TRN-RCT-T2-D.png,1,0.27388739585876465,fake
8c391e02-766f-5644-845a-974fa66c9871-TST-RCT-T3-D-FIN.png,1,0.08394110202789307,fake
8c3eaab5-35a9-5fef-8373-c3ab0da8c3f2-TRN-RCT-T2-B.png,1,0.4116443693637848,fake
8c487275-fbdf-5e0b-a2e8-3656202c5f03-TRN-RCT-T4-B-CORD.png,1,0.8412651419639587,fake
8c684d36-7677-567d-9dc1-b9e3ee6fbf44-TRN-EML-T1-A-RVLCDIP.png,1,0.9040355086326599,fake
8c87590f-03a3-553b-a765-cf82a5e7e174-TRN-DOC-T3-B.png,1,0.2378559559583664,fake
8c9631d9-58ce-5edc-ae64-a958da44eb34-TST-EML-T3-B.png,1,0.7721840739250183,fake
8ca64f8d-50aa-5b9c-8269-14f6dea93f61-TST-DOC-T4-C.png,1,0.06994028389453888,fake
8ca6db7e-7f05-5e03-9c85-d511cdc2bc7b-TRN-RCT-T3-B-CORD.png,1,0.9987362027168274,fake
8cbdb594-d847-58bb-baef-602ae4b70788-TST-DOC-T3-A.png,1,0.34979143738746643,fake
8d478279-d756-54d3-bd5c-169e28312d48-TST-EML-T1-B.png,1,0.9582620859146118,fake
8dc186d0-facf-5f32-830c-030b67016c26-TST-RCT-T2-A.png,1,0.22637459635734558,fake
8def6c37-26e3-5a23-aae7-a4536022d436-TST-RCT-T2-A-CORD.png,1,0.49459683895111084,fake
8e001710-0fb4-5953-8853-aa21c4d36df6-TST-RCT-T1-B-FIN.png,1,0.9919718503952026,fake
8e23b035-9b4c-5f1a-b8f7-bfb833d00e99-TRN-RCT-T2-A-CORD.png,1,0.33082249760627747,fake
8e371ebe-7dea-5a0b-86de-7b4aa57250d3-TST-EML-T3-B.png,1,0.5472629070281982,fake
8e447f82-a243-5c8c-b763-f35eaa12a42f-TRN-RCT-T2-B-FIN.png,1,0.12453370541334152,fake
8e6b0744-5075-5f02-8438-d64addb4a16a-TRN-RCT-T3-D-FIN.png,1,0.43085694313049316,fake
8e832d17-4ca5-555c-b130-fa8fbea4eb02-TRN-RCT-T3-A-FIN.png,1,0.33926522731781006,fake
8e931ca2-5d92-577b-b719-d160216b4c5d-TRN-RCT-T4-D.png,1,0.043724462389945984,fake
8e9529ea-dbcc-5c77-9644-7961452f12ac-TST-EML-T2-C.png,1,0.4293341040611267,fake
8ed11263-4668-50b7-88ee-a11fb7e2d87f-TRN-EML-T4-A-RVLCDIP.png,1,0.7557262182235718,fake
8ed656da-b688-5580-8fc4-86a742e2767e-TRN-RCT-T2-B-FIN.png,1,0.01886652410030365,fake
8ee8084d-6bf9-5299-b59f-03d49b1b8f9c-TRN-RCT-T2-B.png,1,0.1245003268122673,fake
8ee85bf1-700c-59bf-ace9-e32da3b97bdf-TST-RCT-T4-A.png,1,0.9997832179069519,fake
8f2001e1-cf97-5df0-afb6-997020603095-TST-DOC-T3-C.png,1,0.00035225116880610585,fake
8f25a463-12dc-5a5e-b5c0-b5a4c993375e-TRN-RCT-T1-A-CORD.png,1,0.2261437475681305,fake
8f4c7917-4048-5e89-aed4-2105fa071891-TRN-DOC-T2-B.png,1,0.31372150778770447,fake
8f85b0b1-e3ce-52c6-bdbe-23731afdc4a5-TRN-DOC-T4-A.png,1,0.7213461399078369,fake
8f9fbc85-3c0f-5d99-a3c8-0456d958b2a6-TRN-RCT-T4-C-CORD.png,1,0.9322741031646729,fake
8fa5c035-d4e2-5ef5-b577-fe55f38a1024-TRN-RCT-T2-A-CORD.png,1,0.29203903675079346,fake
8fcb288e-e25c-5f73-b354-ac58a219ca08-TRN-RCT-T3-A-CORD.png,1,0.8949362635612488,fake
8fd363fd-219e-57af-a7fc-160e73d3c7a3-TRN-EML-T4-A-RVLCDIP.png,1,0.5180989503860474,fake
8fd5f3aa-090b-546b-8ffe-ba52a12897e2-TRN-EML-T1-A-RVLCDIP.png,1,0.6720580458641052,fake
9011befb-c439-55e9-a979-8cadc1ab26a7-TST-RCT-T3-C.png,1,0.00015460731810890138,fake
903a6113-6c6e-5344-9155-945fbd8243c2-TRN-RCT-T1-C-FIN.png,1,0.1286105215549469,fake
9055ff9d-c8c5-5514-8976-5af41eef343c-TRN-RCT-T1-A.png,1,0.305019736289978,fake
90993e9b-1ab7-5ab7-b1c3-4a00d62f4506-TRN-EML-T2-C.png,1,0.033101800829172134,fake
909d6e56-fc0c-5481-a968-95637da61c78-TRN-RCT-T3-C-CORD.png,1,0.02534119226038456,fake
909f2e87-8790-500c-bae3-a4e380f85e70-TRN-DOC-T2-B.png,1,0.007635075598955154,fake
90a773ca-2aa3-5f6b-bdd8-624a476ee71a-TRN-RCT-T3-B.png,1,0.7745445370674133,fake
90e0ab28-4039-5873-bf99-074d51ee6f85-TRN-RCT-T3-D-CORD.png,1,0.34424856305122375,fake
90e4127d-44ec-51a2-952f-77c1c6c7db6c-TRN-RCT-T1-B-FIN.png,1,0.9597107172012329,fake
90ffb8b8-38fd-5479-93a2-db831bb36e63-TST-RCT-T4-D-FIN.png,1,0.03193642571568489,fake
911ddc83-7419-59d5-a9ee-d4a959af244c-TRN-RCT-T1-D-FIN.png,1,0.1603555828332901,fake
912cfef3-4e7e-5c7c-b221-88f1232a8881-TST-EML-T2-B.png,1,0.9759501814842224,fake
913d3967-9706-5da4-a785-5ce0e9cdfff5-TRN-DOC-T2-C.png,1,0.08286464214324951,fake
914de9a2-c2a3-58c5-8a5e-d9a56efde6f7-TRN-RCT-T2-B.png,1,0.17733052372932434,fake
91597cf0-94cd-58cd-ab5b-f24b93fac398-TRN-RCT-T3-D-CORD.png,1,0.00014419479703065008,fake
917cbec9-2511-5bff-b07c-b2962eb29dc9-TRN-DOC-T3-A.png,1,0.03077775426208973,fake
91ed33f2-dd70-5128-9c58-f23ec8fbd20b-TRN-EML-T4-A-RVLCDIP.png,1,0.24593585729599,fake
92032404-b2a8-52b6-ba5b-df326923be77-TRN-DOC-T3-B.png,1,0.3944794237613678,fake
926fde97-fe87-5d26-991a-10e29f59773c-TRN-DOC-T4-B.png,1,0.2538049519062042,fake
9297f0a2-b6b9-5a24-b0ca-f8ea678ae7a3-TRN-RCT-T1-B.png,1,0.4137101173400879,fake
92a19e4f-5ee9-5726-8a55-d85538bb8372-TRN-EML-T4-B-RVLCDIP.png,1,0.4360853135585785,fake
92cccd1a-9bd7-506e-af87-a32a6492e05f-TRN-DOC-T2-A.png,1,0.9993608593940735,fake
931dcd07-f598-5d48-bc49-0dedeb158cf9-TRN-RCT-T3-A-CORD.png,1,0.9852932095527649,fake
9347deb7-2fce-541a-95a5-5fb5b9ed6a02-TRN-RCT-T2-A-FIN.png,1,0.29066723585128784,fake
935e6761-252d-5272-8209-a4e131ebb950-TST-RCT-T2-B-CORD.png,1,0.4692145884037018,fake
938e68ef-e840-5492-9602-6e06101ea7b1-TRN-RCT-T1-A-FIN.png,1,0.40115493535995483,fake
9393552a-907c-591c-8f44-fdc925b41806-TST-RCT-T2-A.png,1,0.9248031377792358,fake
93b6a8de-74a0-5f73-ab12-0a3214978a3c-TRN-RCT-T2-D.png,1,0.955099880695343,fake
93d3b0fb-a8f1-5117-9367-80df66d5375c-TRN-RCT-T1-A-CORD.png,1,0.9579369425773621,fake
93d42b9d-57f6-579c-b477-98c810bebea7-TST-RCT-T3-B-FIN.png,1,0.9908900856971741,fake
93e9a75e-6071-5172-b2c0-667ef132f12c-TST-DOC-T4-C.png,1,0.7987704873085022,fake
93f6d6e3-ff39-5446-a730-61a84aefc2d2-TRN-RCT-T3-D-FIN.png,1,0.20255503058433533,fake
9417eba3-3868-509c-971b-1457f11d62db-TRN-EML-T1-A.png,1,0.7700079083442688,fake
9427bfbf-77f5-5516-b2a9-540445df1a69-TRN-RCT-T2-C-CORD.png,1,0.10096174478530884,fake
942b7262-acc6-5763-97ef-63a6f6cb8494-TST-EML-T3-B.png,1,0.37421107292175293,fake
944b9537-2131-5558-8e56-54f04c92219b-TRN-EML-T4-C.png,1,0.32085877656936646,fake
94607978-7f8b-5f9b-9f1d-06d43a2cc3dc-TRN-RCT-T3-B-CORD.png,1,0.05658760666847229,fake
9496b581-d551-59ea-b620-e915e11e7ea8-TRN-EML-T1-B-RVLCDIP.png,1,0.9071279764175415,fake
94a9ca7e-5c50-52ea-a873-916621592f99-TRN-EML-T4-C-RVLCDIP.png,1,0.03659368306398392,fake
94ab6c8c-7968-5b7b-ab79-5cc871bf2dc1-TRN-EML-T3-A-RVLCDIP.png,1,0.8521003127098083,fake
94b1b4c2-44f3-589c-b31c-e06fac22a8c9-TRN-RCT-T4-D-FIN.png,1,0.0002865960414055735,fake
94b4be95-3b85-5727-9bfa-ff0ffac465d8-TST-RCT-T4-A.png,1,0.6939479112625122,fake
9564621b-420a-542b-b097-af1f81ed03d6-TST-DOC-T2-C.png,1,0.08455844223499298,fake
958007e1-4acf-5622-a3fe-2d5739394780-TRN-EML-T2-A.png,1,0.8609009981155396,fake
958bd038-f0bd-53da-b408-861da7013f7c-TRN-EML-T3-A.png,1,0.4601411819458008,fake
959011a1-f609-5bcd-b914-1a1b9a810f5a-TST-RCT-T4-D.png,1,0.22983258962631226,fake
95add664-630b-5966-a94e-f5ed9e461d57-TRN-DOC-T3-C.png,1,0.019533520564436913,fake
95b4b018-71a0-54f7-aa37-217771bf3168-TRN-RCT-T1-B-CORD.png,1,0.9992043375968933,fake
95be852b-5b4c-59eb-805d-28d978ee9e96-TRN-RCT-T2-D.png,1,0.23624706268310547,fake
95f35e26-3c8c-5420-b6e5-127ee20434b7-TST-RCT-T2-C-FIN.png,1,0.14237390458583832,fake
961427d5-ca3a-5412-9cce-5948808d8054-TRN-RCT-T3-D-FIN.png,1,0.2921263575553894,fake
9623821a-f118-5814-8466-397f57434a6a-TST-RCT-T2-B-FIN.png,1,0.41320815682411194,fake
9625300c-da75-5d0a-a584-9f9cada8552c-TRN-RCT-T2-A-FIN.png,1,0.36745020747184753,fake
963b969e-b9db-54a6-b969-13e7a0b179c6-TRN-EML-T1-C.png,1,0.19261211156845093,fake
965693d7-1df9-5201-adcd-c28052b330ea-TRN-DOC-T2-C.png,1,0.021848827600479126,fake
968b6fbd-dc4b-5535-8692-0c25e565d22a-TRN-RCT-T2-D-FIN.png,1,0.07756415009498596,fake
968e7f68-c5e7-5e4c-9ef3-eadd985b6ee7-TST-RCT-T3-D-FIN.png,1,0.3831486701965332,fake
96b3b23b-0290-5375-a796-381c05325eb0-TRN-EML-T4-B-RVLCDIP.png,1,0.7838040590286255,fake
96db5cc7-c7f9-5264-a33e-c97b98d36049-TRN-RCT-T4-C-CORD.png,1,0.8203919529914856,fake
96dd84a4-47ea-5b20-8c15-f5d83f055123-TST-RCT-T3-A-CORD.png,1,0.999711811542511,fake
970a1a78-f317-517c-8178-5133ce1e0dcf-TST-RCT-T1-A-CORD.png,1,0.5595941543579102,fake
9741eeaf-d153-5d96-af0d-fa48fa867ef3-TRN-RCT-T4-B-FIN.png,1,0.5578013062477112,fake
9752a288-4af7-5421-a276-1bb8c4e0fe75-TRN-RCT-T4-C-CORD.png,1,0.0567166768014431,fake
9762adff-86b5-50cb-acce-700b619c5255-TRN-RCT-T2-D-CORD.png,1,0.02520059607923031,fake
978594ad-ede3-5de3-a55f-9e96b8e9e4f3-TST-DOC-T4-B.png,1,0.8701618313789368,fake
979b1a4a-6e64-5993-9ffd-51523a0045d8-TRN-RCT-T1-C-FIN.png,1,0.5436641573905945,fake
97c2b41f-e793-5218-930e-16ce8493481b-TST-RCT-T3-B-FIN.png,1,0.7944269776344299,fake
97dcd682-3679-5e13-bdfa-102ba7bc3997-TST-RCT-T1-D-FIN.png,1,0.10854054242372513,fake
97f0d82e-fe7b-5334-98db-1eba1448fe60-TST-RCT-T2-B-FIN.png,1,0.9997288584709167,fake
9840533a-e7ba-5a7b-802d-28f23a7eead1-TRN-RCT-T1-C.png,1,0.04030810669064522,fake
9874c971-472e-5255-a487-6dbe8802ce87-TRN-DOC-T2-B.png,1,0.08813803642988205,fake
98a142b4-a02a-52e1-aac5-3e7e11d97adc-TRN-RCT-T1-C.png,1,0.8011279702186584,fake
98adc33f-5462-58ef-89da-cbd155813824-TRN-RCT-T2-A.png,1,0.47389116883277893,fake
98f09d2c-51f9-5c7d-a676-5d1dbb93f576-TST-RCT-T3-D-CORD.png,1,0.4585243761539459,fake
9901a379-4a8d-5d95-937c-312f700ac777-TRN-EML-T2-A-RVLCDIP.png,1,0.9137795567512512,fake
991681d3-dd60-5ce5-a71d-a5206817db1f-TRN-EML-T1-A-RVLCDIP.png,1,0.18315155804157257,fake
992210bb-3822-50c1-865d-6a509b016e35-TRN-RCT-T1-A-FIN.png,1,0.5445395708084106,fake
99294000-bf6e-5b84-837c-7a31365c1a25-TRN-RCT-T3-D-FIN.png,1,0.24198134243488312,fake
995359ed-b323-55b4-a3f8-412edca52ffc-TRN-EML-T2-C-RVLCDIP.png,1,0.0001598114613443613,fake
9960243a-9996-5bc5-b012-aefc02a8b84f-TRN-EML-T2-A.png,1,0.7395212054252625,fake
9975dea1-251f-57e5-b40e-c73d00a238be-TST-RCT-T3-B.png,1,0.6305364966392517,fake
9979792f-e1d3-5a08-9d6d-62c0b2d2902b-TRN-DOC-T2-C.png,1,0.14107488095760345,fake
998c779c-ac4f-54dd-a816-a958415976fb-TRN-RCT-T1-C.png,1,0.0015709963627159595,fake
9a164030-1fd4-5716-8e02-3ba519809d34-TRN-RCT-T2-B.png,1,0.9995453953742981,fake
9a1e1e5b-d772-5d7e-baf6-f5b86807af56-TRN-RCT-T2-B.png,1,0.9911201596260071,fake
9a807af8-b06c-57ff-8787-8ca83f207900-TRN-RCT-T3-D-CORD.png,1,0.040671586990356445,fake
9a82cd1a-e4aa-55c2-829b-c217afa6b719-TRN-DOC-T2-A.png,1,0.0018164848443120718,fake
9a994a70-0e7d-551a-9d05-7f171a1862d3-TRN-RCT-T3-A-FIN.png,1,0.31221914291381836,fake
9a9aaa74-fcaa-576d-a769-6c591df2eada-TRN-RCT-T4-A-CORD.png,1,0.9372776746749878,fake
9abc25e3-3398-59d3-8e58-bd920b4c63ae-TRN-RCT-T3-B-FIN.png,1,0.227257639169693,fake
9abd050c-e9fd-5f26-985d-fa0821bf81b5-TRN-RCT-T3-B.png,1,0.39513710141181946,fake
9ad68aa7-8e38-5b68-867d-b39ba429dd84-TST-RCT-T3-A.png,1,0.7553195953369141,fake
9add6e9d-e223-5319-8589-ee10ed5fccb8-TST-RCT-T1-C-FIN.png,1,0.8792880773544312,fake
9ae8440a-f2a1-5b33-abd0-4f38ff0cfa8e-TRN-RCT-T3-A.png,1,0.4430840313434601,fake
9b26d30d-65b6-5bb2-b018-f34a7b22526d-TRN-DOC-T1-A.png,1,0.5081255435943604,fake
9b2d39a4-0615-5977-838d-8a5756ebe709-TRN-DOC-T1-C.png,1,0.009712145663797855,fake
9b2f0124-1834-5d1f-b66c-7c85e3a6557a-TRN-EML-T4-C.png,1,0.002131073037162423,fake
9b61e32b-bd10-5f05-b528-505d4fee2e76-TST-EML-T3-C.png,1,0.0785382091999054,fake
9b783458-2f16-5fa5-acdf-269275dcdde7-TRN-EML-T2-A.png,1,0.657749354839325,fake
9c016fc1-9c2e-5d28-8bd9-6b4e5a805d01-TRN-RCT-T1-B-FIN.png,1,0.45311859250068665,fake
9c066ca3-8e59-5f2f-8c22-12d8b5d19263-TRN-DOC-T3-A.png,1,0.6615197658538818,fake
9c213580-82f6-5be7-bb1f-15943f1904ee-TRN-RCT-T3-A.png,1,0.2840726971626282,fake
9c423c94-e866-5152-98de-41f58fdf6eec-TRN-DOC-T2-C.png,1,0.004588284995406866,fake
9c471f78-7cef-5cd6-8f38-15d62f0467a3-TST-RCT-T1-C-CORD.png,1,0.8285045623779297,fake
9c7e970a-e283-539c-88fd-2b0a2bcbbef5-TRN-EML-T1-C-RVLCDIP.png,1,0.0231152530759573,fake
9c8ddab3-1b14-5ffc-a9f4-c90ad23c829e-TRN-EML-T4-C-RVLCDIP.png,1,0.13515916466712952,fake
9c93b161-18e4-53e2-a89b-c5ab9f76836c-TRN-EML-T1-A-RVLCDIP.png,1,0.5557358264923096,fake
9c98635b-34d1-5c94-9dfb-a4d958519508-TRN-RCT-T4-D-CORD.png,1,0.4997587203979492,fake
9cd4d78e-2e9d-5acf-bfc5-2aff8b13b453-TRN-DOC-T2-C.png,1,0.01131163164973259,fake
9cf04987-46c9-5747-ba67-10b6bd4bc657-TRN-RCT-T1-C-FIN.png,1,0.024166222661733627,fake
9d61bc30-e599-5cf4-a98d-addcc395b6cc-TRN-RCT-T3-C-CORD.png,1,0.038756851106882095,fake
9d6db370-8476-54e4-ab3e-4c40b256b797-TRN-DOC-T2-A.png,1,0.0001827117521315813,fake
9d70f23e-87ab-5b63-82e7-cf3277c770d6-TST-RCT-T3-C-FIN.png,1,0.20380789041519165,fake
9d8f1bd1-e2a8-5bfb-b0d6-5e882295c761-TRN-EML-T4-B-RVLCDIP.png,1,0.1621025651693344,fake
9d93e0c2-7f29-59c9-b3cb-f4b596b87376-TRN-EML-T1-A-RVLCDIP.png,1,0.30822888016700745,fake
9dac1c44-fad8-55b9-bf0b-aef6f48c2772-TRN-RCT-T2-D-CORD.png,1,0.3100165128707886,fake
9db3162b-7cdf-523a-8f8a-0ffabc05eece-TRN-RCT-T4-B-CORD.png,1,0.999377965927124,fake
9dc1c598-4996-5991-87ff-634c822bff51-TRN-EML-T1-B-RVLCDIP.png,1,0.8165709972381592,fake
9dda8cfc-e960-5d4b-a6dc-ddda25159c9a-TRN-RCT-T3-C.png,1,0.01681695692241192,fake
9e46e26a-d82e-558c-9823-1dd3cf9d093c-TST-EML-T4-B.png,1,0.14763811230659485,fake
9e6ed6fb-0ec6-5fc2-9e12-92bde77b0951-TRN-RCT-T1-A.png,1,0.7909157872200012,fake
9ec14201-6aa1-5ad6-94ad-8a789c9ea656-TRN-RCT-T3-D-FIN.png,1,0.11471769958734512,fake
9ec3248a-f0c4-51a9-aa5f-91ef05e44cde-TRN-RCT-T2-A.png,1,0.48402735590934753,fake
9ec53095-65a0-5d9a-96bd-4af0d6992e45-TRN-EML-T4-B-RVLCDIP.png,1,0.7313008904457092,fake
9ec9dbe3-31be-5834-9115-4faa61ebc560-TST-RCT-T2-A.png,1,0.1183333694934845,fake
9eeead4a-ee2e-53ef-a5c3-bde6ab9a0aef-TRN-RCT-T2-C.png,1,0.055564578622579575,fake
9f0343c7-5ade-5290-b4b6-fe41e21c614c-TRN-RCT-T2-D.png,1,0.9047987461090088,fake
9f1ad517-3ee1-507b-8684-ad4babf225c8-TST-RCT-T2-B-FIN.png,1,0.04305727034807205,fake
9f776c18-db7c-56d6-9339-6c2f9d6a49c9-TRN-RCT-T1-A.png,1,0.9717430472373962,fake
9f8d83db-9cb2-583a-a713-769f920ed4c0-TRN-EML-T3-A-RVLCDIP.png,1,0.5823376178741455,fake
9f9136ed-9bf1-5c27-8fca-0ca93c29e754-TRN-RCT-T2-D-FIN.png,1,0.5329883694648743,fake
9fb780c0-b4f3-53e2-a33f-39d08e448398-TRN-EML-T2-A.png,1,0.6332616209983826,fake
9fb8371b-cf7a-5284-87e6-fe782970685b-TRN-DOC-T2-B.png,1,0.08055036514997482,fake
a0092c03-f063-5c7f-b698-7f0fa7e9eb0a-TRN-EML-T4-B.png,1,0.05938678979873657,fake
a0169afa-d326-5e69-a32f-2d9be43d1ae2-TRN-RCT-T1-D.png,1,0.4863162040710449,fake
a03aaf39-56d5-52c2-a976-766b95976850-TRN-RCT-T3-B-CORD.png,1,0.8573654890060425,fake
a09b7352-c601-5849-bf89-d40d9cb7df9c-TRN-RCT-T3-C.png,1,0.0071409763768315315,fake
a0a4c7fe-c785-58e7-ba96-49dcd86e5780-TRN-EML-T1-C.png,1,0.40722084045410156,fake
a0d88fcd-5172-5ce3-b105-86af3c511d7d-TRN-RCT-T1-C.png,1,0.32356998324394226,fake
a11a8286-0fa3-5914-b5e9-b2f08b0c1c33-TST-EML-T4-C.png,1,0.3189883530139923,fake
a126bcb1-baaa-5f4f-a4d5-0b332786f861-TRN-RCT-T3-A-CORD.png,1,0.0002039089595200494,fake
a14ebd30-4e37-5935-a55c-f21de055f9a1-TRN-RCT-T2-A-FIN.png,1,0.5898954272270203,fake
a16aa5be-ca1b-5dc2-9536-58510e0e3ab5-TST-RCT-T3-C-FIN.png,1,0.014132250100374222,fake
a17c7920-4575-5cd0-8a18-82c4ffd7144e-TRN-EML-T3-A-RVLCDIP.png,1,0.7192950248718262,fake
a18ef113-babf-5893-9c59-10420d74d243-TRN-EML-T4-A.png,1,0.3716183602809906,fake
a1a4258f-a57f-5139-9252-9c10b46b7f97-TRN-EML-T1-A-RVLCDIP.png,1,0.6190314888954163,fake
a1aa1f74-b6f3-546c-9dab-91fc9d9d4b1b-TRN-RCT-T2-B-FIN.png,1,0.2603040635585785,fake
a1d9bc84-4164-5065-baec-fd6a9e8a25c0-TRN-RCT-T3-B.png,1,0.0059989760629832745,fake
a1e0174b-c4df-558a-9eec-35f11cf3e705-TRN-EML-T1-C-RVLCDIP.png,1,0.10494643449783325,fake
a1e5b55f-fbb7-532b-8d80-f85221a9cb90-TST-DOC-T1-A.png,1,0.4302058517932892,fake
a1e679ac-ed97-58a7-bde5-a53a5613039e-TRN-RCT-T4-A.png,1,0.9791693091392517,fake
a1f837e5-d656-50e2-9e86-935a40834245-TST-RCT-T1-D-FIN.png,1,0.28751108050346375,fake
a21bed16-03c3-5a2c-9e19-cf5361f3b84c-TST-EML-T2-A.png,1,0.8522669672966003,fake
a226a480-0717-501b-ab80-6cc0e0591d1a-TRN-EML-T3-A-RVLCDIP.png,1,0.6479812264442444,fake
a25256d9-f995-5e6c-a856-b3a5a765baea-TST-EML-T4-C.png,1,0.04047631844878197,fake
a258a653-5615-59f5-8add-fa7a1fd3223a-TRN-RCT-T3-D-FIN.png,1,0.11743700504302979,fake
a2857dba-930c-5f16-9907-e346f3ef6933-TST-RCT-T1-A.png,1,0.9996911287307739,fake
a292e983-fd05-5c4a-ae69-71a9782af391-TST-DOC-T2-A.png,1,0.1774691343307495,fake
a2b7baad-9985-52f4-999c-154c9d6fee1c-TRN-RCT-T1-B-FIN.png,1,0.3148978352546692,fake
a2ce921a-046d-51ce-9d8f-b1b25934fb42-TRN-EML-T3-C.png,1,0.09647299349308014,fake
a348f277-3af4-5d4a-ace0-8a25115f0409-TST-RCT-T2-A-CORD.png,1,0.9832837581634521,fake
a3574159-51d3-51b7-91fc-e95ad9da54bc-TRN-EML-T2-B.png,1,0.9250187873840332,fake
a3667d0a-bdf8-5680-b0d0-7b3e208d611b-TRN-RCT-T2-C.png,1,0.9315487742424011,fake
a39de250-0a6e-570f-b843-2c88f52cce5b-TRN-DOC-T2-B.png,1,0.9869911074638367,fake
a3ac34ca-d4e9-5670-9003-c257e690944b-TRN-RCT-T3-A-CORD.png,1,0.7478477954864502,fake
a3b52bc8-80b2-556a-be59-aa86392a426d-TST-RCT-T3-C.png,1,0.028483007103204727,fake
a441a35e-63f1-5f9d-bde3-0d31da5336b1-TRN-EML-T3-A.png,1,0.6627922058105469,fake
a445f88b-5920-56dd-a5b4-413eba4d2a29-TRN-RCT-T1-A.png,1,0.05547088012099266,fake
a4470905-4ef0-56cd-a6f4-46658e7472eb-TST-RCT-T3-D-CORD.png,1,0.6252231001853943,fake
a49801ac-1f65-51de-8afc-569a54222106-TRN-RCT-T1-D-FIN.png,1,0.07566769421100616,fake
a4b180a1-88cc-5817-8344-2cbaa129cf4e-TST-RCT-T1-C-CORD.png,1,0.08336811512708664,fake
a4bb11af-4a03-5cd4-a08e-2a7178ab36ab-TRN-RCT-T4-B-FIN.png,1,0.7276233434677124,fake
a4c7faf2-2217-5c13-bfe1-26cff8e99bad-TRN-EML-T2-B-RVLCDIP.png,1,0.6049262881278992,fake
a50363a0-8eef-5185-a56b-a5e769eb5d76-TRN-RCT-T4-B.png,1,0.8540660738945007,fake
a53c4713-de28-5d99-9e12-dd1befb15d60-TRN-EML-T3-C.png,1,0.7243140935897827,fake
a53e938a-d225-5913-ab88-49da6c7ab121-TRN-RCT-T1-B.png,1,0.9417058229446411,fake
a558833f-e49b-5194-9065-ff151110762a-TRN-DOC-T4-A.png,1,0.7397419214248657,fake
a56486f3-4493-545c-ad4c-fd8d0ff3e430-TRN-EML-T3-B.png,1,0.7342525720596313,fake
a5652714-4ae5-5ae7-b5f7-bc50cd1a9b4a-TRN-RCT-T1-B-FIN.png,1,0.5106373429298401,fake
a5692353-c987-5233-8f6a-fff454294b48-TRN-EML-T4-C.png,1,0.04967663064599037,fake
a56d115d-2f2c-5497-bb44-028ce7723a7a-TRN-EML-T3-A.png,1,0.5055071115493774,fake
a584084e-d01d-5a22-9be0-074ac5fea0b4-TST-RCT-T1-C.png,1,0.12467577308416367,fake
a598b1f6-6d89-5be8-bef4-9e26f29a3e35-TRN-RCT-T4-A-CORD.png,1,0.6853494048118591,fake
a59bb6f2-4e05-594b-b0ff-c83cc527d28c-TRN-RCT-T3-B-FIN.png,1,0.43569570779800415,fake
a5af2cc6-bda0-53ea-b593-5048fee79aa4-TRN-RCT-T2-A-FIN.png,1,0.9716967940330505,fake
a5d77f3e-0ea1-5cfe-bcc3-417095def5cb-TRN-EML-T4-A-RVLCDIP.png,1,0.1184394583106041,fake
a5ec1b23-5089-5552-b29c-1520f9bd547f-TRN-EML-T4-C.png,1,0.49919283390045166,fake
a62027fc-3311-50d3-9909-ad8349b56ced-TST-RCT-T3-D.png,1,0.01543783862143755,fake
a659a1c2-3d45-5aaf-b08c-88302d229968-TST-RCT-T2-D-CORD.png,1,0.0036878667306154966,fake
a66953e3-de39-5073-954f-1d310a1c1e27-TST-RCT-T4-A-FIN.png,1,0.9997684359550476,fake
a680c80d-8970-55e2-8cc4-42a18d62d363-TST-DOC-T4-B.png,1,0.7489699125289917,fake
a6ca39b0-fb62-520c-821d-2a23231a8524-TRN-RCT-T2-A.png,1,0.9997865557670593,fake
a6d0d000-f392-5ed4-bfa3-5375032885db-TRN-RCT-T4-B.png,1,0.7729039788246155,fake
a6eaa505-26e4-524b-95fa-65437548b1bc-TRN-RCT-T1-B-FIN.png,1,0.31329676508903503,fake
a6f04f2f-cfa6-51ad-a9c1-8603146350bd-TRN-EML-T2-A-RVLCDIP.png,1,0.8112965226173401,fake
a6f98b37-0ab3-5515-a757-cb43d95ff969-TRN-EML-T4-A.png,1,0.5321493744850159,fake
a741545a-77ef-5012-8b84-055b35aeb635-TRN-EML-T1-A.png,1,0.7620087265968323,fake
a74487f3-e874-51b9-ab9d-3a56cabbdf3e-TRN-EML-T4-A.png,1,0.5916266441345215,fake
a765daac-328d-5ad1-a789-e27fc94c6bbd-TRN-RCT-T4-A.png,1,0.6555797457695007,fake
a772cc68-61e0-5907-8755-b661ecfce883-TST-EML-T2-A.png,1,0.69380122423172,fake
a78f86c9-92c0-5a29-81be-24a58af60ee8-TRN-RCT-T2-A-CORD.png,1,0.27566686272621155,fake
a7bbbaab-3832-5230-8182-e3d5a1b09b39-TST-RCT-T1-B.png,1,0.004211214371025562,fake
a7c3322d-4804-52ae-b0e6-e842cce90625-TST-RCT-T4-A-FIN.png,1,0.9997625946998596,fake
a7c98650-1b81-5e5b-aab2-c64ecd277ef9-TRN-EML-T1-C-RVLCDIP.png,1,0.04968171939253807,fake
a7df627b-fb7c-5b3c-b46b-3bbea9c543cf-TST-RCT-T1-D-CORD.png,1,0.22446966171264648,fake
a7f3c594-dd5d-5195-8946-8813a99d4f08-TRN-RCT-T3-D.png,1,0.4037875831127167,fake
a7f87e96-438e-51ba-9f1c-72be51290d18-TRN-RCT-T3-A-FIN.png,1,0.8006724119186401,fake
a7fb1299-9f89-548d-a779-1249a1faee31-TRN-EML-T1-A-RVLCDIP.png,1,0.7902079820632935,fake
a81c050f-0309-51ae-9c3e-1b510c4570db-TRN-RCT-T2-D-CORD.png,1,0.5257229208946228,fake
a824ada8-2606-5365-951b-07b30b9fb27f-TRN-DOC-T1-B.png,1,0.40723341703414917,fake
a833e0d4-cda0-5ff9-a261-2f83a587d9af-TRN-RCT-T2-B-CORD.png,1,0.003316133748739958,fake
a8385061-cabe-56b5-87d7-88d5700fda2a-TST-DOC-T1-C.png,1,0.19122663140296936,fake
a8724708-7187-5bd4-826d-555a46e6799a-TRN-EML-T1-A-RVLCDIP.png,1,0.23963554203510284,fake
a89f0c8f-82dc-5345-beae-1ea106ef8449-TST-DOC-T3-A.png,1,0.815427839756012,fake
a8a91d4e-ea91-5ac9-84fa-4273c313002d-TST-EML-T4-B.png,1,0.35412806272506714,fake
a8bd9a68-8c96-5abd-b9d8-e582dd57ac0b-TST-DOC-T2-A.png,1,0.3046501576900482,fake
a8cdbceb-30dc-5452-8f4e-2d8aa4e60472-TRN-RCT-T2-B-CORD.png,1,0.8918823003768921,fake
a8cedf25-b975-5d03-a455-fc8f83a140e8-TRN-DOC-T4-A.png,1,0.33606860041618347,fake
a92c6fa8-088a-58a2-99a5-b71f9cc54b0b-TRN-RCT-T1-A.png,1,0.5770215392112732,fake
a95d4214-a4e8-5d1c-a6a6-7fd49c310be5-TRN-EML-T4-A.png,1,0.4484254717826843,fake
a9786d17-bc9c-5e53-896d-028a379aa4a3-TRN-EML-T2-A.png,1,0.787517249584198,fake
a9835d7f-dabc-562d-b7e4-e8141ab22c33-TST-RCT-T1-B.png,1,0.13537660241127014,fake
a9e751a1-430a-5258-aae8-7a55a2abd376-TST-EML-T4-A.png,1,0.08564049005508423,fake
aa014a0a-765d-5b63-8af1-243f4bfdbae7-TRN-DOC-T3-A.png,1,0.6111646890640259,fake
aa07be57-8db1-56f5-b312-55dc79e3be67-TRN-RCT-T1-D.png,1,0.962956428527832,fake
aa175ba1-dea8-5d2b-a35b-489f22e3e18b-TRN-RCT-T3-D-FIN.png,1,0.14914025366306305,fake
aa308908-e8c5-5895-8b2d-8c8bdaa1ba93-TRN-EML-T2-C-RVLCDIP.png,1,0.0018203894142061472,fake
aa64a0d7-5e1f-5b7b-8473-a8c418a136fa-TRN-RCT-T4-B-FIN.png,1,0.9865265488624573,fake
aa6d3312-df88-54c8-892b-3a6b9fa81be8-TRN-RCT-T1-C-FIN.png,1,0.18939560651779175,fake
aa709e29-da99-5021-8c2a-2a03fafebfdf-TRN-RCT-T1-D.png,1,0.8871698379516602,fake
aa84e960-5f67-5082-bab0-5585d472c37d-TRN-RCT-T2-B-CORD.png,1,0.823557436466217,fake
aaa1c5f7-4e7a-5252-940e-2cd1829d4653-TRN-RCT-T4-B-CORD.png,1,0.9939934611320496,fake
aacabf2f-f693-541b-8b5f-cf5790f7679b-TRN-RCT-T2-C-CORD.png,1,0.215190127491951,fake
ab09a872-228d-5bab-a70f-b416cbef1196-TRN-DOC-T4-B.png,1,0.7229334712028503,fake
ab16d4d8-b771-50ae-9414-408c309ad9b3-TRN-RCT-T2-A-CORD.png,1,0.07377921789884567,fake
ab5cf537-9685-5f9d-bacb-a32e578e3c70-TRN-RCT-T1-C-FIN.png,1,0.289797306060791,fake
ab616d15-4566-597a-8e00-85849262a210-TRN-RCT-T4-B-FIN.png,1,0.6268627047538757,fake
ab69b3b0-d4aa-5980-be9c-38005e44408e-TRN-RCT-T1-A.png,1,0.7416340708732605,fake
ab8750ca-8969-59a4-81cd-1ed051fc7187-TRN-RCT-T4-C.png,1,0.004207069519907236,fake
abbd7db1-0f30-5f52-a8df-94abb7d4e3d6-TRN-DOC-T3-A.png,1,0.14741595089435577,fake
abd95335-5d57-5d0a-b09a-fd3f49953ced-TRN-DOC-T4-A.png,1,0.26402798295021057,fake
ac091e0b-f0a9-5656-9bf8-1859c12111a3-TRN-EML-T4-C.png,1,0.29583612084388733,fake
ac153f50-9161-5d96-8efa-b62b43e7ca23-TRN-RCT-T2-C-FIN.png,1,0.036188509315252304,fake
ac3fbc7b-0abf-5c91-9072-74ea9894dde4-TST-RCT-T3-A.png,1,0.2989529073238373,fake
ac54978d-4e77-5ea4-94c7-d21597e1a955-TST-EML-T4-B.png,1,0.09194675087928772,fake
acaa61b2-b70e-5244-8fd9-67eea2657ee2-TRN-EML-T2-A.png,1,0.9642704129219055,fake
acb0e9e0-bf82-56f6-b43c-1669538382c4-TST-EML-T3-A.png,1,0.624591052532196,fake
acb34a11-c87d-51d0-aacc-a00f03cdd558-TRN-EML-T2-A.png,1,0.3145325481891632,fake
ad308750-77ce-52ab-9806-d8042397629f-TST-EML-T2-A.png,1,0.8801884651184082,fake
ad3cc8a9-69d2-50f2-bb1c-e9d732aabc37-TRN-EML-T3-B-RVLCDIP.png,1,0.8195505738258362,fake
ad73fdc8-1090-50e0-87c5-2af1703ae2fc-TRN-RCT-T3-B-CORD.png,1,0.06281788647174835,fake
ad80b1d2-39b2-5276-b6d0-2296b86eb91f-TRN-EML-T4-A-RVLCDIP.png,1,0.009945250116288662,fake
adbd172d-d68a-5d23-a643-62e8c2e2ff6f-TRN-EML-T4-A.png,1,0.236887127161026,fake
adcff87a-fb23-5f67-809f-8935c4f1e0e6-TRN-RCT-T2-C-FIN.png,1,0.0804436132311821,fake
add7d8d1-dee2-5596-8a0f-327ccb5ef6b1-TRN-DOC-T3-C.png,1,0.009855406358838081,fake
add8bf08-68c8-54d6-8343-2fef7959eed9-TRN-RCT-T1-C-CORD.png,1,0.004641943145543337,fake
addd3e77-0c71-5a3e-8c47-4e63ebcccfbc-TRN-RCT-T1-B-FIN.png,1,0.21070542931556702,fake
ae5e30d8-58ca-5d33-bba1-01611789f73d-TRN-DOC-T3-A.png,1,0.03940263390541077,fake
ae7673f3-5c9b-5a73-9350-fa8a60715274-TST-EML-T2-A.png,1,0.7861530184745789,fake
ae78c5e2-16c7-5a89-9620-601230f439d9-TRN-RCT-T4-C.png,1,0.029490256682038307,fake
ae821c01-2ede-5264-99ed-e12f97050652-TRN-DOC-T1-A.png,1,0.33394721150398254,fake
ae87ae91-28e3-5808-8b46-a9afbf1a6ed3-TRN-EML-T3-A-RVLCDIP.png,1,0.9451625943183899,fake
ae8f3262-7a41-5a17-956d-bccdafc42559-TRN-DOC-T4-B.png,1,0.9769516587257385,fake
ae9e0238-b7df-53be-84f3-57a437302d09-TRN-RCT-T3-D-CORD.png,1,0.00012436437828000635,fake
aeb21f23-fb70-5eb3-9af0-259737ef7bed-TRN-RCT-T2-D.png,1,0.16630953550338745,fake
aeb32d25-0db5-58ab-b8b7-46de15ee7490-TRN-EML-T1-C.png,1,0.038311466574668884,fake
aeb6c308-1d96-51e4-8a7c-bad34e8762c7-TRN-RCT-T3-D-CORD.png,1,0.05050363019108772,fake
aeeba6f4-f213-51e4-ad4c-c17f7eddc9f4-TST-RCT-T4-B-CORD.png,1,0.6218543648719788,fake
aeeea9a0-89ef-5005-b9c6-df3d6ef2384a-TRN-RCT-T1-A-CORD.png,1,0.030199600383639336,fake
aef7d154-1504-5267-837f-aade4963193a-TRN-RCT-T4-A-FIN.png,1,0.9996515512466431,fake
af0ff459-81f7-5ab7-8a81-7385dfb8ddd0-TRN-RCT-T3-B-FIN.png,1,0.5084107518196106,fake
af125468-7d91-5561-9bda-f6379945dd67-TRN-DOC-T2-A.png,1,0.519909143447876,fake
af2541cd-98d7-5f70-898d-6d9b1cb7a6d0-TST-EML-T4-C.png,1,0.11738748103380203,fake
af413fc5-ff81-520a-9c04-824e4b4dafd3-TRN-RCT-T3-B-FIN.png,1,0.4560779631137848,fake
af8da19d-94ee-5ade-b5a0-86415ccbafe7-TRN-RCT-T2-D-FIN.png,1,0.23308703303337097,fake
afa26bd0-1b90-57ca-9b34-4491083fea55-TRN-RCT-T2-C.png,1,0.1395416259765625,fake
afd98827-fe76-5706-ad32-92873d63fe2c-TRN-EML-T4-B.png,1,0.9363870024681091,fake
afe9c853-c23f-5b1e-b63d-377b79f9704c-TRN-RCT-T3-C.png,1,0.1658814400434494,fake
affcdf64-1df4-572f-ab78-5bdc5264e7e3-TST-RCT-T4-B-CORD.png,1,0.0008244216442108154,fake
b0004a2a-e5a9-5ab7-a095-22c849efd18a-TRN-RCT-T3-D.png,1,0.9182286262512207,fake
b02d2bbe-e23c-52c6-861f-5e0abecfa3e5-TRN-EML-T4-A.png,1,0.966402530670166,fake
b03e3dcd-09c9-5c18-a87b-dbfd18ef64ed-TST-EML-T4-C.png,1,0.2869836390018463,fake
b06dca00-6891-5fcb-b86d-87b5269d3cae-TRN-RCT-T1-B.png,1,0.1100744754076004,fake
b07ae982-3f93-5de3-a4d5-0cc8dc9bbf06-TRN-EML-T4-C.png,1,0.2705285847187042,fake
b08d9487-a242-53c2-abc6-4ce00f939517-TRN-EML-T3-A-RVLCDIP.png,1,0.970664381980896,fake
b0dc3d74-f12f-519b-8126-79e5c4799c22-TRN-RCT-T1-C-CORD.png,1,0.00024260634381789714,fake
b0e82ac8-39b0-566f-9e3a-7e91cdec914f-TRN-RCT-T2-A-CORD.png,1,0.37834879755973816,fake
b10f80bc-eeb9-5efb-bf6b-cebdf4c7b806-TRN-EML-T2-C-RVLCDIP.png,1,0.031573034822940826,fake
b1162159-cc08-54f9-b6b7-2edcb0e93f1b-TST-RCT-T1-D-CORD.png,1,0.05657360702753067,fake
b144949e-61c1-52d2-88dd-6f4813d7ae7c-TST-RCT-T2-A-CORD.png,1,0.9612393379211426,fake
b1744144-801d-50a4-9e20-39aac66e414c-TRN-RCT-T2-D-FIN.png,1,0.1989114135503769,fake
b197e054-f33c-5b0c-9c8a-946f4abdb827-TRN-EML-T2-C.png,1,0.3693087697029114,fake
b198a32a-d945-5f0e-bf4a-1864b8ce3009-TST-EML-T3-C.png,1,0.5295429229736328,fake
b19c3f30-45d8-5ed6-ade1-933d4e2889c3-TRN-EML-T2-B.png,1,0.6030611991882324,fake
b1bef3af-88f3-5ab9-850d-873af8faf501-TRN-RCT-T3-A.png,1,0.9363967180252075,fake
b1dd096c-1295-551a-bf31-e48510bcf45c-TRN-RCT-T3-A.png,1,0.9353559613227844,fake
b22f9888-becc-5e40-ac55-7991be8af419-TST-RCT-T2-B.png,1,0.19069765508174896,fake
b2383320-7a07-5809-b4f6-e300f727bc6c-TRN-RCT-T4-A-FIN.png,1,0.7144147157669067,fake
b260c375-1766-5a01-96c8-ceaab8b5712d-TST-EML-T4-B.png,1,0.7737064957618713,fake
b274fd35-6008-5606-a030-aa304c548ebe-TST-EML-T1-B.png,1,0.8540664315223694,fake
b2773753-d91a-53c7-b745-11f6fa7b83b9-TST-EML-T2-C.png,1,0.03961155563592911,fake
b2844803-d6c7-5b58-a1c6-ff15208057c4-TRN-RCT-T2-B.png,1,0.5392987132072449,fake
b2857f05-996a-54ae-b61f-830a0e19e4cc-TST-DOC-T1-C.png,1,0.005681535694748163,fake
b28747f7-04b3-57ef-9fd6-a76b481d5300-TST-RCT-T1-A-CORD.png,1,0.3992961645126343,fake
b295462f-788d-5c3c-b2d8-22d787aee4a8-TRN-DOC-T4-A.png,1,0.9641091823577881,fake
b2ba44c3-2dd7-59f5-b164-6b20b56533ce-TRN-RCT-T3-A-CORD.png,1,0.962955117225647,fake
b2e8499c-8725-532f-9b3c-cf81b78dcce8-TRN-RCT-T3-A.png,1,0.11220256239175797,fake
b3305531-8215-51a0-a842-c75e14ba93f1-TST-RCT-T2-B.png,1,0.24980802834033966,fake
b332be01-c913-5487-87fe-fc60f43fc925-TRN-RCT-T1-A.png,1,0.3781454861164093,fake
b33dff1b-9371-5cbb-ba9f-fcde7aa716cc-TST-RCT-T1-C-FIN.png,1,0.17606805264949799,fake
b33fc2e9-8ba1-51d3-a224-289c343fe480-TST-RCT-T4-B-CORD.png,1,0.8226836919784546,fake
b3452464-8f70-506e-a9c5-0880d3f29594-TRN-RCT-T3-D.png,1,0.472442626953125,fake
b35491d9-e2c9-5928-b0e0-5cdc16cd5cef-TRN-RCT-T1-C-CORD.png,1,0.24336664378643036,fake
b368fdff-d205-5321-ae75-8e1e7089e7fb-TRN-DOC-T2-C.png,1,0.9230556488037109,fake
b3c6851f-2ed5-587e-8543-6fdc7c65872e-TRN-RCT-T1-A-CORD.png,1,0.2084924876689911,fake
b3f71805-fa18-5b3d-9d8a-8fdda4a7d3a4-TST-RCT-T3-B-CORD.png,1,0.8372936248779297,fake
b4615487-e52f-5fb5-a0f0-555c48e1f2b5-TST-EML-T3-A.png,1,0.8210005760192871,fake
b476b511-61da-5973-a6ea-e80f91982ca1-TRN-RCT-T1-A-FIN.png,1,0.15178903937339783,fake
b49a70cc-4bac-5ba9-855e-b89a93aa8743-TRN-RCT-T4-B-FIN.png,1,0.9994850158691406,fake
b4a15a9f-7868-5ef1-95fb-df341af70115-TRN-EML-T4-C.png,1,0.26937076449394226,fake
b4a23af4-9786-56a9-8eae-2fcd53bf4972-TRN-RCT-T4-B-CORD.png,1,0.20370107889175415,fake
b4c0d28c-37a4-5e4c-a157-95724a6ddf77-TRN-EML-T3-B.png,1,0.936668872833252,fake
b4c61c9d-c89f-5b48-bd7b-0a14d83a9693-TST-RCT-T4-A-CORD.png,1,0.9813389778137207,fake
b4e69e02-08ee-50ca-9f8f-82e9f6ade01b-TST-EML-T4-C.png,1,0.29862701892852783,fake
b4f623f8-137a-5ff6-a16d-eb670ce88800-TRN-RCT-T2-D-FIN.png,1,0.10625623166561127,fake
b4fd9776-5bd3-5e2b-b8a6-36006409abc2-TST-RCT-T2-D.png,1,0.22911161184310913,fake
b510bd78-dc7f-5709-baf1-443efa8db34f-TRN-EML-T4-A.png,1,0.2203856259584427,fake
b5528448-699e-568b-893a-4ac08b72661e-TRN-DOC-T2-A.png,1,0.7739297747612,fake
b55ad233-1f21-5030-9050-d355844f3f17-TST-DOC-T1-C.png,1,0.24945104122161865,fake
b570cbce-b060-57c8-8bdf-f676b586dd9a-TRN-DOC-T2-C.png,1,0.0057515790686011314,fake
b5853057-f4e0-511f-8c55-370ff23d08c9-TRN-RCT-T3-A.png,1,0.0488218292593956,fake
b5b27bee-b6cd-5185-b294-ba57bdc1d862-TRN-RCT-T4-C.png,1,0.0015325222630053759,fake
b5c38ebd-4660-5420-8d75-8c35a5bc9fae-TRN-EML-T4-B.png,1,0.14136479794979095,fake
b5d876cd-ca76-59a4-9895-87ddeef0a1f9-TRN-DOC-T2-C.png,1,0.015158181078732014,fake
b5fe0f2d-d16c-50c7-856a-e6fa2aa3a654-TST-RCT-T1-B-CORD.png,1,0.938913881778717,fake
b604fdaa-a9ce-5aaf-b493-04c4c4dc012f-TST-RCT-T2-A-CORD.png,1,0.9995287656784058,fake
b61fceda-5dbf-5d7d-924f-d823b40e4805-TRN-RCT-T2-B-CORD.png,1,0.9892714023590088,fake
b63a6369-025c-5490-b442-1a1362c53712-TRN-DOC-T4-C.png,1,0.09340153634548187,fake
b66a76c3-f6f6-5680-8ce7-3027d161d829-TRN-RCT-T2-A-FIN.png,1,0.07504907995462418,fake
b6a7c2af-7e99-59b2-a023-0e69f3e96ec3-TRN-RCT-T2-D.png,1,0.059627365320920944,fake
b6bbfeb9-a337-533f-a683-28fa124c5042-TRN-RCT-T2-A-FIN.png,1,0.9997485280036926,fake
b6bc24ba-62cf-535d-8eb2-5f4aab38c7b5-TRN-RCT-T1-A-FIN.png,1,0.478054016828537,fake
b6de2410-085e-5847-b799-464dd02e909c-TRN-RCT-T2-A-CORD.png,1,0.694015622138977,fake
b6e80c0e-4d2d-52f3-82ab-df3c95238f1b-TRN-EML-T2-B-RVLCDIP.png,1,0.03958570584654808,fake
b6eb08c1-4eb2-55b0-9170-d0c51801603b-TRN-RCT-T4-D-CORD.png,1,0.7043150663375854,fake
b7145f25-c51b-5453-95c4-6da3c255c180-TRN-RCT-T4-C-FIN.png,1,0.05764646455645561,fake
b74cc8a7-dcff-50ec-852b-82189d119f3c-TRN-RCT-T3-D-CORD.png,1,0.022629857063293457,fake
b799e2a6-179b-5662-9cd9-ea546306b6d6-TRN-EML-T3-C-RVLCDIP.png,1,0.7513519525527954,fake
b7adbf73-77b3-5247-85a7-1f6215772aeb-TST-RCT-T3-B.png,1,0.3158656656742096,fake
b7c723f6-01d6-540f-b234-c09eb58717f6-TRN-EML-T3-B-RVLCDIP.png,1,0.697248637676239,fake
b7edb94a-52f8-5661-97e3-c2d6b0bfeaf1-TRN-DOC-T4-B.png,1,0.9722355604171753,fake
b7f18cc2-7254-5c44-b632-ba00e1bcb8f7-TRN-EML-T4-B-RVLCDIP.png,1,0.5910502076148987,fake
b8197417-9059-573d-b16d-c3a47bd34926-TRN-RCT-T4-A.png,1,0.27785658836364746,fake
b82af117-169b-5130-ab65-85044f43ffb1-TRN-EML-T3-C.png,1,0.4631011486053467,fake
b838b301-2cf4-5ccc-ad40-5db25ada5eb0-TST-RCT-T2-B-FIN.png,1,0.999778687953949,fake
b862757c-33b5-5920-bffb-c829ca72fa8e-TRN-RCT-T1-D.png,1,0.8585781455039978,fake
b86db45c-78c6-5602-8130-cdd98e9c36e2-TST-RCT-T2-D-FIN.png,1,0.82169508934021,fake
b8736d3f-775c-50ed-aaee-403c3ac343d2-TRN-RCT-T3-A-FIN.png,1,0.8779932856559753,fake
b8954521-a0a3-584a-9a7e-8719e5ee069b-TRN-DOC-T1-A.png,1,0.01644240692257881,fake
b8ba2e22-f6b9-5497-a78d-808a81c496e8-TRN-RCT-T4-A.png,1,0.9552538990974426,fake
b8de5020-b1f6-5ada-a49d-22de2489a5df-TRN-RCT-T4-C.png,1,0.02509382925927639,fake
b8ebe7bc-d525-55cd-ae9b-b2e9837e667a-TRN-RCT-T4-C-CORD.png,1,0.2865099012851715,fake
b8fc0d39-d6b2-562c-af7e-e7c666b662cf-TST-RCT-T1-C-FIN.png,1,0.9615360498428345,fake
b8ffc02a-16e8-52cf-b447-83a2b9de2df2-TRN-EML-T3-B.png,1,0.9654322266578674,fake
b9079c6e-652b-559b-8774-c580f29fa043-TRN-RCT-T1-C-CORD.png,1,0.0033127483911812305,fake
b922b89a-fdbc-5859-b984-cea99da58f8a-TRN-RCT-T3-C-CORD.png,1,0.005199717357754707,fake
b931568d-0b4e-5ff9-b852-69086f024cfb-TRN-RCT-T1-D-FIN.png,1,0.12679187953472137,fake
b96be306-ac12-5f11-b225-8f602feaf5a0-TRN-RCT-T3-B-CORD.png,1,0.68765789270401,fake
b991dc58-6c7b-5adb-83e6-db3245341872-TRN-RCT-T4-A-CORD.png,1,0.9154345393180847,fake
b9972c07-1fe3-5788-bfc9-886233627214-TST-RCT-T2-D-CORD.png,1,0.41435736417770386,fake
b9b90789-b5f0-5ab1-8949-bac06546b008-TRN-DOC-T2-A.png,1,0.9379451274871826,fake
b9c6067c-3d05-59f7-8ef4-3064ecc438a9-TRN-EML-T1-C-RVLCDIP.png,1,0.6207760572433472,fake
b9eafec5-3ff2-5b73-a0ee-582afc2bb681-TRN-DOC-T1-A.png,1,0.43099746108055115,fake
ba117fa3-a625-53f9-8c51-924f110df329-TRN-RCT-T2-B-FIN.png,1,0.8571392893791199,fake
ba37fa6b-5f09-54c1-92b1-ea854a36ac4d-TRN-RCT-T3-A.png,1,0.6899124383926392,fake
ba53faa6-6b35-5a38-b743-f2f155afd25c-TRN-RCT-T2-D-FIN.png,1,0.31469544768333435,fake
ba6cd9bd-3319-54d4-9db7-976720b5b2a9-TRN-EML-T1-C.png,1,0.19834816455841064,fake
ba6fa446-2ab1-5bd1-bfd0-f17920fbabf9-TRN-DOC-T2-B.png,1,0.13786399364471436,fake
ba9ffff2-a068-5382-8493-c14a182d87ae-TST-RCT-T3-B-FIN.png,1,0.9848327040672302,fake
babb8d61-99df-5749-a5b5-ca14c264c037-TST-DOC-T2-B.png,1,0.4950579106807709,fake
bae19ca4-97d6-5e13-8d82-4ad622bcddaf-TST-RCT-T2-C-CORD.png,1,0.8606104254722595,fake
bb098a91-cc05-51e8-862b-e4bc97011c34-TST-DOC-T3-B.png,1,0.21961094439029694,fake
bb1c6a99-0bb4-5e93-a204-64d9435ad1aa-TRN-RCT-T2-A-FIN.png,1,0.10380823165178299,fake
bb1ea0c1-f3a6-51c3-916f-9085c8bbcf43-TST-RCT-T2-A-FIN.png,1,0.2476947009563446,fake
bb255449-1076-5588-8796-8e2b2e34b8f4-TRN-EML-T3-B-RVLCDIP.png,1,0.8290740847587585,fake
bb441160-64f4-5720-89ac-dede8362c7bb-TRN-EML-T4-B.png,1,0.14677013456821442,fake
bb5a4bc8-29d4-5e7a-b21a-52365355f93d-TRN-DOC-T2-A.png,1,0.7094953060150146,fake
bb641880-7de3-5cdf-9c8e-a4fd4089950e-TRN-RCT-T1-B-FIN.png,1,0.978984534740448,fake
bb93e4e7-d1ec-5dce-b9ac-ba046345fc4f-TST-RCT-T3-B-FIN.png,1,0.33174291253089905,fake
bb94430f-684f-5bdd-a4fd-20152daf9f7b-TRN-RCT-T3-C-CORD.png,1,0.040787581354379654,fake
bbb39373-205a-58fd-b936-410ea83c4432-TST-RCT-T2-A-FIN.png,1,0.6748809814453125,fake
bbfabdf7-e7a7-5b18-aac1-7062e31ac07a-TRN-DOC-T3-A.png,1,0.16656756401062012,fake
bc2b02c0-3703-5083-bda5-02d4dbfb928a-TRN-DOC-T4-C.png,1,0.24311494827270508,fake
bc31c478-e237-536a-9bd4-54d4ed7ecf20-TRN-EML-T2-B.png,1,0.8837181329727173,fake
bc3feeeb-a556-5432-9005-bd739629c0f2-TRN-RCT-T1-C.png,1,0.043470803648233414,fake
bc44b0d0-fb0c-5963-88b2-058ecedbf980-TST-RCT-T1-D.png,1,0.6750908493995667,fake
bc47be7a-650f-5eb8-b0d4-45f7c9db0308-TRN-RCT-T4-A.png,1,0.9111468195915222,fake
bc50ed9b-0055-5dd6-9da1-41b3c706a9e7-TST-RCT-T1-B.png,1,0.22622452676296234,fake
bc8015e3-1488-5766-8057-f579c9ed67a9-TRN-EML-T3-C.png,1,0.8174473643302917,fake
bc85d375-e3fd-5d54-854b-bb7b624179e5-TRN-RCT-T3-D-FIN.png,1,0.09781546145677567,fake
bc94a0f4-935a-58e7-a6ae-bc2c41d82722-TRN-RCT-T3-C.png,1,0.006149123888462782,fake
bd4ffb3a-6097-514e-9f0d-347365750044-TRN-EML-T3-B.png,1,0.7339237928390503,fake
bda45f11-c9f1-5464-818a-a2c375874a04-TRN-RCT-T2-B-FIN.png,1,0.9997730851173401,fake
bdd82d41-0c59-58a1-9b91-ed547425f7d1-TRN-DOC-T2-B.png,1,0.6157850623130798,fake
bdde187d-402b-5d97-a060-17a5c73030bd-TRN-RCT-T3-A-FIN.png,1,0.5936449766159058,fake
bde8fd1a-1696-5157-9ab9-75a16c3f365c-TST-DOC-T4-A.png,1,0.23334138095378876,fake
be0b08d8-f9ec-5452-b120-0fe186fc2141-TST-EML-T4-B.png,1,0.09035700559616089,fake
be24a6eb-c7b9-5d72-a387-78d2c8dc325a-TST-DOC-T2-A.png,1,0.6944586634635925,fake
be5dcf41-c83c-51fd-9156-3e6b86b8ee81-TRN-EML-T2-C.png,1,0.32561808824539185,fake
be62db0e-6f76-5db9-b701-6cc71db83759-TST-RCT-T3-C.png,1,0.023994814604520798,fake
be8f49af-5f98-53fb-ab24-5ad81960b5a5-TRN-RCT-T3-B-FIN.png,1,0.2220802754163742,fake
be929bc0-3619-5f1e-bb73-d9b80d011595-TRN-EML-T2-B.png,1,0.2537035644054413,fake
bea5852a-f8a3-5ec2-8142-9194a452687a-TRN-EML-T2-A-RVLCDIP.png,1,0.37110626697540283,fake
bea863af-3f90-5784-9783-f6be33610d0e-TST-RCT-T1-D-FIN.png,1,0.23939593136310577,fake
bec4d77e-349a-59cd-a62c-e19ddaef62b5-TRN-DOC-T3-A.png,1,0.39477115869522095,fake
bed192de-bf20-5cd2-a98f-b492ff2c6554-TRN-DOC-T4-A.png,1,0.8440042734146118,fake
beddccd1-5321-5054-95ab-35e483f8ef14-TST-EML-T3-A.png,1,0.4454739987850189,fake
bef49d7c-c1a8-5213-a1c1-cdaf63f40962-TST-DOC-T4-C.png,1,0.43044313788414,fake
bef4ef7f-1b71-5222-8885-cdb6b0a6f672-TST-RCT-T4-D.png,1,0.03655180707573891,fake
befb9598-0ad0-530f-9bdd-7cd069b539b1-TRN-RCT-T1-B-CORD.png,1,0.03131275996565819,fake
bf126821-8ead-5e23-a2e9-b3f86b06dd81-TRN-EML-T2-B-RVLCDIP.png,1,0.41661304235458374,fake
bf1dcbba-fdc0-550a-aa1a-931534bdb478-TRN-EML-T2-A.png,1,0.1630043089389801,fake
bf3e14ec-b0ba-5a91-9557-71a3c525d51f-TST-RCT-T3-C-FIN.png,1,0.6171191334724426,fake
bf60a839-1317-582e-bba9-553722a68656-TST-RCT-T3-A-CORD.png,1,0.9997754693031311,fake
bf78cfad-640a-5f32-b12e-1f433bdae2ee-TRN-RCT-T3-A-CORD.png,1,0.6221684813499451,fake
bfccbe76-a027-518b-846f-cc6918718001-TRN-RCT-T3-A.png,1,0.9997420907020569,fake
c00aab03-3e68-5df1-9cf6-a683e7546d19-TST-RCT-T3-D-CORD.png,1,0.046213407069444656,fake
c00fc1e3-be1a-5b42-9999-25080016dc77-TRN-EML-T4-B.png,1,0.028108222410082817,fake
c01ee7cf-4c4e-5a54-9b07-1736aae6cc6a-TRN-RCT-T1-A-FIN.png,1,0.4060525596141815,fake
c03fe2b2-0d5b-5f19-8f35-a00c02437981-TST-RCT-T4-B-FIN.png,1,0.9394894242286682,fake
c07d43bc-9a58-5bf0-ab9c-17fc7ea8a965-TST-RCT-T4-A-CORD.png,1,0.8774710893630981,fake
c0aff6c6-5678-5a39-a618-c0a8ccc1d64c-TRN-EML-T3-A.png,1,0.9463939666748047,fake
c0b3f60f-2257-5a31-a89e-208406f040dc-TRN-EML-T2-C-RVLCDIP.png,1,0.0009514099801890552,fake
c0bbb371-63eb-5a74-be0a-0975807ec1af-TRN-RCT-T2-C.png,1,0.17571280896663666,fake
c0de7468-4bb1-5eab-b6ed-d5d05198c044-TST-RCT-T2-D-CORD.png,1,0.6238575577735901,fake
c12a28e4-d73e-5891-8c41-21fc88c9717f-TRN-EML-T3-A.png,1,0.7635459303855896,fake
c12f4cd6-2b89-52cf-9ec6-04cc55658a4c-TRN-RCT-T2-A-FIN.png,1,0.6192731857299805,fake
c130da52-accd-5e3b-96be-2ea5d860b4ec-TST-RCT-T1-C-CORD.png,1,0.08120334893465042,fake
c13c1481-1385-5331-8607-df4eeca666b7-TST-RCT-T3-A.png,1,0.9827069640159607,fake
c1491827-712f-5a8c-b4a5-2d6d2ccd9358-TRN-RCT-T1-A-CORD.png,1,0.18302397429943085,fake
c1794a84-c6a6-54d8-8270-e9ec9f22e052-TRN-DOC-T4-A.png,1,0.6628491282463074,fake
c19d6a8e-8576-5d3d-abce-c0c105c69660-TRN-EML-T4-B.png,1,0.40481269359588623,fake
c1aed793-f4ba-5874-a4d9-7a7dc861b5bc-TRN-EML-T1-A.png,1,0.7762445211410522,fake
c1ca20cd-0a3f-58cf-8805-3b6041d8b23d-TST-EML-T3-B.png,1,0.977596640586853,fake
c1cc77e8-e054-531d-a3df-05ad6082c2b6-TRN-RCT-T1-C-FIN.png,1,0.451802134513855,fake
c1f79f07-3c5b-51ef-89c1-7fd13eecf0f9-TST-EML-T3-C.png,1,0.062397584319114685,fake
c2061dc5-ab92-5aea-980f-7bc520f03577-TRN-DOC-T4-A.png,1,0.2612263858318329,fake
c23f49eb-f5b6-5ed9-93c5-2bdff57f0c7d-TRN-RCT-T4-C-CORD.png,1,0.16260553896427155,fake
c2786cb4-bfac-5a8e-ba38-3842258790cc-TRN-RCT-T4-B-FIN.png,1,0.2155373990535736,fake
c2934249-a4da-564c-8603-782fbdfaf4f0-TRN-EML-T3-C-RVLCDIP.png,1,0.26062941551208496,fake
c2948d18-d7b2-5e9c-9baa-80eca65d0364-TRN-RCT-T2-D-CORD.png,1,0.9070661664009094,fake
c29bd433-2918-5bff-b552-4487c83c69dd-TRN-RCT-T1-C-FIN.png,1,0.002703180769458413,fake
c29fb4cf-a868-5789-a817-f7b22eae3e2d-TRN-RCT-T4-B.png,1,0.9365392327308655,fake
c2cf0518-f6fc-5f9d-add1-e197cf93e0c3-TRN-RCT-T1-A.png,1,0.27657240629196167,fake
c30757d3-6f43-58d9-8efd-46b6e4da40ad-TRN-EML-T2-B.png,1,0.6878332495689392,fake
c31a4554-b75a-50a1-ab3b-0ff2d9f70d75-TRN-DOC-T4-C.png,1,0.16207776963710785,fake
c3583b7a-0fd8-5374-bf2a-f73f614052f7-TRN-RCT-T4-A.png,1,0.4017762839794159,fake
c37f3982-2f46-5a96-9b8b-a00d3bec6340-TRN-RCT-T3-B-CORD.png,1,0.9997662901878357,fake
c3870756-f6be-5005-acc7-4ff6293d4d66-TST-RCT-T2-C-FIN.png,1,0.013460212387144566,fake
c3b7a1a4-eba0-5a74-857b-973a13dcf4b3-TST-DOC-T3-A.png,1,0.30851423740386963,fake
c3c3202d-2613-5cb5-baf8-5909a3c195ec-TST-DOC-T3-C.png,1,0.0022494273725897074,fake
c3d2a6f6-9344-5aba-85bd-51cb16c1b7ab-TRN-RCT-T2-A-CORD.png,1,0.9995624423027039,fake
c3f9beb7-a598-5aa3-8db6-9711bd6f6792-TRN-EML-T2-A-RVLCDIP.png,1,0.43283888697624207,fake
c42eea3b-6d56-51bf-aa6b-1ecb381460e8-TRN-RCT-T3-B-CORD.png,1,0.9790028929710388,fake
c43e6ed7-96e8-504b-ba8b-840f929b21f6-TRN-DOC-T4-C.png,1,0.6453606486320496,fake
c43f7fd6-a770-5f61-8d09-5d37c0d69105-TRN-RCT-T1-C-FIN.png,1,0.1844111979007721,fake
c44d82ef-4a73-5f05-864e-f287c31aefea-TST-DOC-T2-B.png,1,0.04921611025929451,fake
c454742f-2810-567f-8e7b-f55f7daf3708-TST-RCT-T3-B-CORD.png,1,0.14800713956356049,fake
c48512f4-bd75-5058-a03b-cd7acbf96de5-TRN-RCT-T4-A-FIN.png,1,0.9983296990394592,fake
c4a7bf65-1f67-5e65-8e75-79565a32362c-TRN-EML-T4-A-RVLCDIP.png,1,0.20249196887016296,fake
c4cf4afa-4954-5d9d-9e2f-f5809a5a3f6d-TST-RCT-T4-B.png,1,0.9957228899002075,fake
c52d1058-bdf4-5102-b6ba-1a2f9dbd61ee-TRN-RCT-T4-A.png,1,0.6124270558357239,fake
c53179c2-ce5e-5dfc-b0bc-7deec0928066-TRN-RCT-T2-C-FIN.png,1,0.2501903176307678,fake
c5645b70-c323-5d48-98b5-6468cd8f1822-TRN-RCT-T2-C.png,1,0.3954888880252838,fake
c581304a-084c-5540-afad-2558e1146384-TRN-EML-T4-C-RVLCDIP.png,1,0.28104665875434875,fake
c582ad51-3f42-50aa-8a13-6468a54cbd52-TST-RCT-T1-B-FIN.png,1,0.9095622301101685,fake
c5c4f028-93b1-56ca-ad4f-cb13202990f4-TRN-RCT-T3-C.png,1,0.2146756500005722,fake
c5ccab97-7c3a-5298-be71-153a14e4d96c-TRN-EML-T2-B.png,1,0.7364935278892517,fake
c5f1152e-5fcc-5406-8531-6827428dc72b-TRN-EML-T1-C-RVLCDIP.png,1,0.10497169196605682,fake
c5f59566-7a85-5062-9603-a95496a895ce-TRN-RCT-T4-B-FIN.png,1,0.1813301295042038,fake
c5f8df75-3436-5f9f-8d23-5818015ee83c-TRN-DOC-T1-B.png,1,0.330726683139801,fake
c60b36e6-ee47-55c0-983b-223d80ed8d97-TRN-RCT-T4-A-CORD.png,1,0.9045270085334778,fake
c67cf22a-0ca1-59bc-8468-7c18f6b8a71f-TRN-RCT-T4-D-CORD.png,1,0.00018261768855154514,fake
c694dcd3-4427-5c76-81a2-4ef052743119-TRN-RCT-T1-A.png,1,0.6668673157691956,fake
c6a04fa1-b200-58f4-bfca-65a4b2e39ac9-TRN-EML-T2-B.png,1,0.4837702512741089,fake
c6b61786-a9cb-5818-8663-e0903474da46-TRN-DOC-T1-C.png,1,0.4805698096752167,fake
c6cca24a-08d8-5393-ab00-40a59312a83a-TST-RCT-T4-A-CORD.png,1,0.9997544884681702,fake
c71edba7-076b-56e3-aefe-493d7bb034ea-TRN-RCT-T4-A.png,1,0.23933744430541992,fake
c73052b1-d430-54d4-a686-c046ad243ed1-TST-RCT-T2-D.png,1,0.31197285652160645,fake
c737fa76-1a5f-556c-811f-eb09a88ca543-TRN-EML-T1-A-RVLCDIP.png,1,0.4258576035499573,fake
c757bf2c-08d8-5d45-bb1a-64eae1ba6c6c-TST-RCT-T3-D.png,1,0.5885314345359802,fake
c770ea9a-b285-5428-a69b-aff47ef1735e-TRN-DOC-T3-A.png,1,0.894134521484375,fake
c786d984-7425-54e6-bf8e-09fd292a5aad-TRN-RCT-T3-D-FIN.png,1,0.1509343385696411,fake
c7c8cf14-a859-5c17-a3ae-18e81a171790-TST-RCT-T2-C-CORD.png,1,0.04487818852066994,fake
c7cdd456-32e5-5b0c-a7b0-8836c969664a-TRN-RCT-T4-C-CORD.png,1,0.947336733341217,fake
c7eca752-8578-5834-b53b-b4dca074bcef-TRN-RCT-T4-C-CORD.png,1,0.07610772550106049,fake
c7f39cce-cfb1-5810-9f59-1bb1efb1aa4f-TRN-RCT-T3-B-FIN.png,1,0.8873545527458191,fake
c810df85-2c3c-5b70-8c90-46cc1ef64349-TRN-RCT-T1-A-CORD.png,1,0.0003428633790463209,fake
c833cc13-e048-5752-9ccf-8ce5fbea77c6-TRN-RCT-T1-C-CORD.png,1,0.003029935760423541,fake
c841598a-5c8d-562c-b20f-e7ce9c2fd851-TRN-EML-T2-A-RVLCDIP.png,1,0.5888729691505432,fake
c870e454-ede5-5cdb-8360-aefd6b8f9fce-TRN-RCT-T4-A.png,1,0.6693271994590759,fake
c87926af-a040-5508-8d17-24f72a0ae004-TRN-DOC-T2-B.png,1,0.39139777421951294,fake
c87b8372-21a2-52e6-8372-0d57e202c6bd-TRN-RCT-T1-B-CORD.png,1,0.9997768998146057,fake
c88bdc86-299b-50eb-84c9-0a75262a5391-TRN-RCT-T4-B-CORD.png,1,0.9993625283241272,fake
c893e9de-badc-59ce-8124-4db0db3a4f73-TRN-RCT-T4-C-CORD.png,1,0.9924456477165222,fake
c8af9ffc-fa67-546d-a859-cdbfba7a094e-TRN-RCT-T4-D-FIN.png,1,0.10096295177936554,fake
c8b33b5a-9400-5661-b558-d666c0627002-TST-RCT-T4-B-CORD.png,1,0.9884486794471741,fake
c8b6bae7-c60b-561b-ad35-6024cadb7af2-TRN-RCT-T2-C-CORD.png,1,0.00022478491882793605,fake
c8e5daa7-206e-574c-a362-c114656bbd6f-TST-RCT-T1-B-FIN.png,1,0.3285951614379883,fake
c901baa8-2863-58e8-a037-afe983e48e04-TST-EML-T3-B.png,1,0.5806077122688293,fake
c97d92cf-7f1d-52d0-b28b-0e33a858f3db-TRN-EML-T1-C.png,1,0.260021448135376,fake
c9cf96cb-194a-5e05-b01c-6f213f1d1ead-TRN-RCT-T2-A-FIN.png,1,0.9539278745651245,fake
c9fdf77d-857c-5f57-bea1-3a3f0e69b0c2-TRN-DOC-T4-C.png,1,0.2538917660713196,fake
ca115469-fd50-5393-b552-6a2dcf955cda-TRN-RCT-T1-A-FIN.png,1,0.28566110134124756,fake
ca1eb5f1-9a49-5027-86fb-d4e01661e172-TRN-EML-T1-C-RVLCDIP.png,1,0.521384060382843,fake
ca6e9536-af46-59a4-a6f4-e333a2a3941a-TRN-DOC-T3-B.png,1,0.7514824867248535,fake
ca837196-e95d-5c3c-b700-3fba6f18b748-TST-RCT-T2-C.png,1,0.0019314169185236096,fake
ca8784fb-cb30-58c1-ad94-22a9bad6ac25-TRN-RCT-T2-B.png,1,0.9997161030769348,fake
caa828bd-44b0-570c-89a9-0ebddf22b186-TRN-RCT-T4-B-FIN.png,1,0.9992314577102661,fake
cabef76e-94d8-56e2-b84a-efbea4e5364d-TST-EML-T2-B.png,1,0.11260248720645905,fake
cacb1ab9-54c1-545a-9b88-fd45e5298965-TST-EML-T3-B.png,1,0.920631468296051,fake
cadc284f-b0c8-585e-911e-56e24108e21e-TRN-RCT-T4-C-CORD.png,1,0.9187546968460083,fake
cb188ef8-d7fd-5491-8fa5-cc7a0c226003-TRN-EML-T3-B-RVLCDIP.png,1,0.35595637559890747,fake
cb4e4e5d-0c09-5b3a-998d-5dcaf934e009-TRN-EML-T4-A-RVLCDIP.png,1,0.05400145798921585,fake
cb8d59c1-416a-59a1-a05e-0f6ab34946ca-TST-RCT-T4-D-FIN.png,1,0.8233856558799744,fake
cbaaa1a6-16d3-5f18-b8c6-984965d56cb0-TRN-RCT-T1-D-FIN.png,1,0.12087838351726532,fake
cbbdc42f-812e-54c2-b327-9641093d14f7-TRN-EML-T3-B.png,1,0.9025641083717346,fake
cc05105c-3f53-5fc1-9110-3893c9e2146a-TRN-RCT-T2-C.png,1,0.005443429574370384,fake
cc105d0f-0062-5471-923b-d97c74d0a345-TST-RCT-T1-D.png,1,0.9462631940841675,fake
cc242730-2320-566f-a882-398740a9a1e8-TST-RCT-T2-C-CORD.png,1,0.06198513135313988,fake
cc34a297-65ca-5f53-8508-fbc9b5373080-TRN-RCT-T3-A.png,1,0.9912979602813721,fake
cc62c085-e117-5738-b043-ef4916ca850d-TRN-EML-T4-B.png,1,0.11638466268777847,fake
cc7d0f2d-585c-583f-acce-05832d26a738-TRN-RCT-T4-B-CORD.png,1,0.33087438344955444,fake
cc84901a-326a-5d87-8709-4138c943aa52-TRN-RCT-T1-D-CORD.png,1,0.9838709831237793,fake
cc947efa-ddf5-5438-81ef-fe25ca1c74a3-TST-RCT-T1-C.png,1,0.08466195315122604,fake
cc95594c-4e48-54b8-affc-f205744155fd-TST-RCT-T2-B-CORD.png,1,0.9246577620506287,fake
cd1a6fd2-cfd3-50b5-afcc-2b2d8406e34d-TRN-RCT-T3-C.png,1,0.05730852857232094,fake
cd25b1fa-83cd-52fb-918d-2b5384ba215c-TRN-RCT-T4-C-CORD.png,1,0.7537859082221985,fake
cd5aba92-006d-5411-abf2-fa400bbf5c77-TRN-RCT-T1-B.png,1,0.34505632519721985,fake
cd66f92f-067d-51bd-a9b7-ce6540f420a0-TST-RCT-T4-A-FIN.png,1,0.18579444289207458,fake
cd6c8fc5-7c8f-5143-81ce-aa229e6ac77e-TRN-RCT-T2-C-CORD.png,1,0.032284703105688095,fake
cda1fed6-f33f-516e-aafa-9d2899552054-TST-RCT-T4-A.png,1,0.9319730997085571,fake
cdb10e32-0477-55d4-9d9e-6f9bd8aeefc8-TRN-RCT-T1-B-FIN.png,1,0.9993478655815125,fake
cdb6cd80-51c2-5848-b685-dc9c99f41b5d-TRN-EML-T1-B.png,1,0.7535635828971863,fake
cdd17f0f-ad46-59d4-9f45-6f87742d604a-TRN-RCT-T1-D.png,1,0.8084861636161804,fake
cddf8dcf-6806-5cf3-a24f-a0f99691e176-TRN-RCT-T3-B-FIN.png,1,0.20592615008354187,fake
cde44522-fcab-52e3-8d3d-5d55fa7da463-TST-RCT-T1-A-FIN.png,1,0.2902674376964569,fake
cdee36d3-e01b-5993-9b0f-186388f7c844-TST-EML-T4-C.png,1,0.1701623946428299,fake
cdef14dd-a101-528a-bdd5-8c2dc9c16e02-TRN-EML-T1-A.png,1,0.6591125130653381,fake
ce06f233-b3ed-5735-b6eb-aeff6580ced2-TRN-DOC-T1-C.png,1,0.9551646113395691,fake
ce0c00fa-358d-59f0-a08b-5db4374c2eb7-TST-EML-T4-B.png,1,0.6762521266937256,fake
ce3a9c87-9c4a-566c-9ac5-90bb6196a7f4-TRN-RCT-T1-A-CORD.png,1,0.21683798730373383,fake
ce5184c7-1537-5047-b7f2-1595147eee92-TST-RCT-T4-B-FIN.png,1,0.5553679466247559,fake
ce5efd82-890f-5295-8362-20eca45db7e4-TRN-RCT-T1-D.png,1,0.8376805782318115,fake
ce69043e-c471-58ff-b946-9b3a5d702854-TRN-EML-T4-C.png,1,0.15016408264636993,fake
ce79b07c-93a1-5ad0-a015-f1bc0bdb4b7a-TST-EML-T1-A.png,1,0.9382972121238708,fake
ce8d062f-b285-541b-b679-102d0b14b885-TST-RCT-T3-B-CORD.png,1,0.11843888461589813,fake
ced8305c-98ad-517f-982a-37adbe32a7cb-TST-DOC-T4-A.png,1,0.1147584393620491,fake
cede7133-2cce-5397-898f-7c4f7e18384e-TST-DOC-T3-B.png,1,0.6788183450698853,fake
cef29ddb-6aed-5a49-9c5d-e77899a5b999-TRN-RCT-T3-B-FIN.png,1,0.4975648820400238,fake
cf0115be-77bc-500b-869c-f71461be28ec-TRN-EML-T2-A-RVLCDIP.png,1,0.7244054675102234,fake
cf056a7f-d1d6-57bd-8803-815d69681601-TRN-RCT-T1-B-CORD.png,1,0.9884325861930847,fake
cf2723d2-e7f8-5ed1-b44a-253ea623c13d-TRN-RCT-T4-A.png,1,0.9975480437278748,fake
cf4caeac-e44a-594a-aec0-b39c83f7c80a-TST-RCT-T3-C.png,1,0.00031563511583954096,fake
cf4e4fda-f52a-5cef-9566-9f3a04c09663-TST-DOC-T3-A.png,1,0.5792124271392822,fake
cf6a01e3-a9ae-53f3-a42a-694a17850c28-TST-RCT-T4-D.png,1,0.18066266179084778,fake
cf827c70-2ac9-51f8-95fb-e492ddd1d769-TST-RCT-T1-A-FIN.png,1,0.286396861076355,fake
cf94c162-0889-5f58-843f-ca5fef338125-TRN-RCT-T2-A-FIN.png,1,0.999786913394928,fake
cfb9569c-7dce-5548-acb6-3c729aebf508-TST-RCT-T1-C-FIN.png,1,0.02448238804936409,fake
cfc31790-e36c-59d3-b854-ae54458f1311-TRN-RCT-T4-B.png,1,0.3909842073917389,fake
cfcef6e2-418b-5b44-92a0-a734e76c0086-TRN-EML-T4-A-RVLCDIP.png,1,0.9572676420211792,fake
d0031e5b-4dac-5110-9761-5f6d0324e720-TRN-RCT-T3-D.png,1,0.14013215899467468,fake
d00d85da-7397-589f-9990-9fc406c2eaf4-TRN-RCT-T4-D-CORD.png,1,0.010555104352533817,fake
d047915c-861d-5556-bb11-d7731eadae7d-TST-RCT-T3-B.png,1,0.0713537260890007,fake
d055a2e3-6048-565b-9ae9-46f833142170-TST-RCT-T2-D.png,1,0.9249089360237122,fake
d0846ae1-4b48-5189-b0e0-6699e81fb531-TRN-RCT-T2-C.png,1,0.0027756220661103725,fake
d087a686-fb26-5daa-92ba-496fdeca5cd4-TST-DOC-T2-A.png,1,0.5327332019805908,fake
d0bb8309-414f-5f8a-8913-4bdad442fdc6-TST-RCT-T3-D-CORD.png,1,0.012437306344509125,fake
d0cf5519-98c2-5d9a-ae19-d2ee560b4207-TRN-EML-T1-C-RVLCDIP.png,1,0.6588680148124695,fake
d0e93637-7e93-5272-8ceb-5b1b56c88e71-TRN-EML-T1-C-RVLCDIP.png,1,0.43311506509780884,fake
d0f37fb8-0ed3-5c18-8d46-c3e4f24f1aa4-TRN-RCT-T1-A-FIN.png,1,0.6085045337677002,fake
d0f57ef3-f557-5d89-a955-09e4fca44ea8-TRN-DOC-T2-A.png,1,0.10295729339122772,fake
d10024c9-b19c-5798-9db2-be417ecbc2a5-TRN-EML-T2-B-RVLCDIP.png,1,0.11585070937871933,fake
d1052de5-6af0-58d9-b696-52dd7bd9ce7b-TRN-RCT-T1-A-CORD.png,1,0.9979051351547241,fake
d109c69b-2176-5e35-9dea-0e9613da8048-TRN-EML-T3-C.png,1,0.6832690238952637,fake
d120884b-9c93-5348-bccc-974c42e91d62-TRN-RCT-T3-B-FIN.png,1,0.3464386761188507,fake
d150f99a-0d43-55b5-b970-4381d577a9b6-TRN-RCT-T3-D-FIN.png,1,0.03315059840679169,fake
d15a226a-1645-5d0d-b640-fec41a2668d4-TRN-RCT-T1-C-CORD.png,1,0.00017044725245796144,fake
d16b18ec-9dfb-58aa-b074-b9ae0c127edb-TST-RCT-T1-A-FIN.png,1,0.19407396018505096,fake
d178b5ed-d7d2-5ba4-a871-65c2fc43d5a3-TRN-RCT-T1-B.png,1,0.03675730898976326,fake
d18e1efd-bdeb-5a53-963e-e07125b77213-TRN-RCT-T2-D-CORD.png,1,0.36341825127601624,fake
d1e4c150-dc87-5e45-b744-f1254040c20c-TRN-RCT-T2-B-FIN.png,1,0.8731497526168823,fake
d21039f3-8cb3-567a-9b99-d18bb68a196b-TST-RCT-T2-C-FIN.png,1,0.031018583104014397,fake
d233ebb5-65d9-5308-a004-6d972b75aa9e-TRN-DOC-T4-C.png,1,0.04729694128036499,fake
d2395033-bd6d-5bac-9b7f-d1b49b15f5a4-TRN-RCT-T1-D.png,1,0.6884797215461731,fake
d25f7f12-616b-5cd2-b607-5ec569b2f7a9-TST-EML-T1-C.png,1,0.02925875224173069,fake
d26dcdbe-82fe-5e7d-9316-d376c014aa20-TST-EML-T3-C.png,1,0.08584316074848175,fake
d2a5b39c-1e98-5b24-9b82-c902bf6efe3e-TRN-EML-T4-B.png,1,0.8722328543663025,fake
d2b3868d-1364-5485-94b7-324b2cee28f5-TST-RCT-T2-C-CORD.png,1,0.04579167068004608,fake
d2f68d59-2151-5b4c-8fc1-c8394877f647-TRN-DOC-T4-C.png,1,0.3949276804924011,fake
d30a6ebf-44be-57f6-9fe1-5ee765a194ee-TRN-RCT-T2-B.png,1,0.9336463809013367,fake
d318eac2-709f-56d1-bb62-ed282f27e0e0-TRN-EML-T3-A.png,1,0.8949047327041626,fake
d31c1750-9b48-51f4-9583-85a2c5c48359-TRN-EML-T3-C.png,1,0.5478678345680237,fake
d31d19c5-b2c4-54bb-8bbe-4b80e1556734-TRN-DOC-T2-C.png,1,0.18703415989875793,fake
d360186f-03f1-5384-af18-2ce5718ff6a1-TRN-RCT-T4-A.png,1,0.7843074798583984,fake
d378d9f5-ecf0-563a-bc1d-f6f47920991b-TRN-RCT-T3-C.png,1,0.05308491364121437,fake
d38290ae-c9c6-56b2-b53d-c1f30ab2abf1-TRN-RCT-T2-C.png,1,0.0647946447134018,fake
d3a4143b-9688-51b5-9474-a745b2c47a63-TRN-RCT-T3-B-CORD.png,1,0.8839053511619568,fake
d45bfd50-545f-5494-8d5e-5a53bccc5c2b-TST-DOC-T4-A.png,1,0.5679388046264648,fake
d46f1775-74a2-575e-ada0-e2d7c9419f7b-TRN-RCT-T2-C-CORD.png,1,0.2680400013923645,fake
d48cbfc3-8f40-577a-b68f-8cf0beb4c5fd-TST-EML-T1-A.png,1,0.5026407837867737,fake
d499f8eb-e528-5794-840e-a5d18c76e600-TRN-EML-T2-C.png,1,0.033150672912597656,fake
d49cfc70-11c4-533e-8b12-cc30435bd579-TRN-DOC-T2-B.png,1,0.008499247953295708,fake
d4b43563-8b43-5b15-8c20-2b574cc781e5-TRN-RCT-T2-A-CORD.png,1,0.9744383096694946,fake
d4d49dc0-78e3-5176-9542-8f2aaab1174d-TRN-EML-T3-B-RVLCDIP.png,1,0.7475442290306091,fake
d4dbdbb3-d0e5-53be-9c8d-93540e716aa4-TRN-RCT-T4-C.png,1,0.02436007931828499,fake
d537da80-600f-5a30-a236-dc88bf94b4b1-TRN-RCT-T4-A-FIN.png,1,0.6435344219207764,fake
d55bbf64-7ef5-5c11-873d-e19368ae5fee-TRN-DOC-T3-B.png,1,0.00013822151231579483,fake
d56dfbd2-8def-5532-ab51-db0cb7e2bdfe-TST-RCT-T4-A-FIN.png,1,0.6250966191291809,fake
d59eeda2-cfc2-5294-a0e7-6751da015aa8-TST-DOC-T4-B.png,1,0.46417176723480225,fake
d5b50b13-2693-5f08-aac4-f4d8dc2d53ff-TRN-DOC-T2-C.png,1,0.07162052392959595,fake
d5dc9727-7be7-595f-a1f7-f8a348028ad0-TRN-RCT-T1-D-CORD.png,1,0.02561332657933235,fake
d5fdb0bb-f480-5cd5-90c9-97b0da2567df-TST-RCT-T1-C-CORD.png,1,0.1966240555047989,fake
d60dd797-6f36-57d8-a1bc-49aa3511b039-TRN-RCT-T3-C.png,1,0.11102763563394547,fake
d60fd0a3-2710-57bc-8f14-d359671d7d4f-TRN-EML-T2-C-RVLCDIP.png,1,0.045713428407907486,fake
d666e7e5-ca48-570e-b28a-dd0df9da247e-TRN-RCT-T1-C-CORD.png,1,0.014277497306466103,fake
d6827ded-0f62-5a33-ae6b-71d38c7f343d-TRN-RCT-T4-D-CORD.png,1,0.009381132200360298,fake
d6b492e5-ed3d-5dff-8025-528efa6fe7f5-TRN-RCT-T4-A.png,1,0.9987308382987976,fake
d6caf9f5-7667-5334-a334-b8a404b04b1e-TST-RCT-T1-B.png,1,0.9664002060890198,fake
d6f2f3e2-a9a4-58a4-a72f-d7f23eea63e8-TRN-RCT-T4-D-FIN.png,1,0.00030550529481843114,fake
d70e360d-a187-5f11-8d42-5cb0b72e0252-TRN-EML-T2-B-RVLCDIP.png,1,0.6190739274024963,fake
d738c764-fcc5-55db-bc57-e54db1e6dddc-TST-RCT-T1-C-FIN.png,1,0.08592085540294647,fake
d79fd44c-4213-58ea-81b2-c1aafd8d529f-TST-DOC-T3-B.png,1,0.6013500094413757,fake
d7cb8971-13e4-5e46-98c8-a84e9b40a94c-TRN-DOC-T2-C.png,1,0.273148775100708,fake
d7e6fcc4-b136-5cad-ad26-076e4e4040f8-TRN-EML-T1-A-RVLCDIP.png,1,0.8736959099769592,fake
d81e7cfb-937c-5b92-83cd-01de932368b4-TRN-EML-T2-B.png,1,0.7425732612609863,fake
d8455af8-28df-5edd-b673-57b7744d3cda-TRN-RCT-T4-B-CORD.png,1,0.9591293931007385,fake
d84c192f-e517-5fb8-b2be-3144f3786d43-TRN-RCT-T3-B.png,1,0.11642152070999146,fake
d84db87f-13a8-573a-ab06-2ab8d919e9e9-TRN-RCT-T2-B-FIN.png,1,0.020004287362098694,fake
d8536d0a-8ace-5a2f-bb57-508d4c282e33-TRN-RCT-T2-D-CORD.png,1,0.1983257681131363,fake
d879b89b-b7f1-5efc-b05e-417508d5f8d1-TST-RCT-T3-C.png,1,0.5069430470466614,fake
d88cf148-1e46-5504-9ca9-91a661a0b89c-TRN-EML-T1-C.png,1,0.376010537147522,fake
d8947c80-166a-5377-b84b-5d32e758b4ba-TRN-EML-T4-C.png,1,0.026346324011683464,fake
d8b4c2d2-c1d4-5e65-89eb-f82b1c3bc262-TRN-EML-T1-B-RVLCDIP.png,1,0.4269861578941345,fake
d8b7f4c3-57e0-55fe-a82d-8ff966736100-TST-RCT-T1-D-FIN.png,1,0.9452779293060303,fake
d8f2caff-7eb1-5932-bd2d-9eb7089a3c97-TRN-RCT-T2-B-CORD.png,1,0.9896498918533325,fake
d91dcf22-35a9-5fe9-b4dd-6cdd9e92a108-TST-RCT-T1-B-FIN.png,1,0.7970278859138489,fake
d91ff59c-b923-5a42-8c40-4f619046c51f-TRN-EML-T2-B-RVLCDIP.png,1,0.5825519561767578,fake
d937fa7e-ab95-5372-9c51-d4a930d7f88f-TST-RCT-T1-B-FIN.png,1,0.536859929561615,fake
d94c33a9-0e40-5a66-927d-fa3fd50e7aa3-TST-RCT-T3-D.png,1,0.06936294585466385,fake
d956aa72-9140-51b7-b5c1-ebdb679886f3-TRN-RCT-T4-B-CORD.png,1,0.9806530475616455,fake
d96b7917-f1f1-529f-8dd0-c5d4e0e060ab-TST-DOC-T2-C.png,1,0.557572066783905,fake
d9bfd96f-33c6-50a1-9831-feaffd2711c2-TRN-RCT-T2-B-CORD.png,1,0.18687675893306732,fake
d9c7c84d-4a3a-5214-b7a3-27da0a610a8c-TST-RCT-T4-A-CORD.png,1,0.9938840270042419,fake
d9ecb19c-6ae5-5022-934e-5effe8b773cc-TRN-RCT-T4-A.png,1,0.842995285987854,fake
d9fb9266-fb6d-5923-be93-e442cbd1f8d1-TRN-RCT-T3-C.png,1,0.005257739219814539,fake
d9fe5153-5fbb-5d6b-8e14-88f6b25f5cb7-TRN-DOC-T3-C.png,1,0.05120745301246643,fake
da0b9b21-1250-51d0-9ebc-37839060f44b-TRN-RCT-T3-B-FIN.png,1,0.9959610104560852,fake
da35f9c6-97e7-5c33-b7c9-063d294cc872-TRN-RCT-T3-C-CORD.png,1,0.000501680129673332,fake
da3b44a1-f5f4-5c8a-a911-da27e461fb7e-TRN-EML-T1-A.png,1,0.9741112589836121,fake
da5baa6b-7c8e-5b12-aa75-aed4b67647ab-TRN-EML-T4-A-RVLCDIP.png,1,0.21423059701919556,fake
da71fb1e-6999-5b1e-a45f-74693df50db5-TST-RCT-T2-A-CORD.png,1,0.01843804307281971,fake
da7eed54-b48f-5879-877a-584dcf2f883c-TRN-RCT-T4-D-FIN.png,1,0.23644649982452393,fake
daa5b47f-3e12-5806-a814-adf8f9b3b1dd-TST-DOC-T3-A.png,1,0.7719283699989319,fake
dac89626-0efd-50a0-9ac3-07c3c7bb5e84-TRN-EML-T4-A.png,1,0.06627967208623886,fake
dac9f3e6-35d1-5562-b80d-094131fe6590-TRN-RCT-T2-A-CORD.png,1,0.9995908141136169,fake
dafec96c-47a6-52e5-95dd-1efd31929c77-TST-EML-T4-A.png,1,0.1134166345000267,fake
db24d095-65b0-598a-b806-2a19fdd10711-TST-EML-T2-C.png,1,0.002571963705122471,fake
db2b6b3e-1b4a-5aa2-ae7a-85cc66e81969-TRN-RCT-T3-D-FIN.png,1,0.11781966686248779,fake
db329f30-7816-59ae-941b-e74803461c4a-TRN-RCT-T1-B.png,1,0.9997171759605408,fake
db37d1b8-286b-5a0b-9a06-51be7195e959-TRN-RCT-T2-C-FIN.png,1,0.8586714863777161,fake
db756053-a927-5ce5-b875-eb8879eb0953-TST-DOC-T4-C.png,1,0.020642567425966263,fake
db82250a-4984-5811-be4f-a033c7316856-TRN-EML-T4-A.png,1,0.31220951676368713,fake
dba1168f-204a-5c4d-babc-a753cf65844b-TST-RCT-T4-D-CORD.png,1,0.07700789719820023,fake
dba7ac68-c490-5a7e-b42b-7e46a05d943b-TRN-RCT-T3-C-FIN.png,1,0.017575202509760857,fake
dc201a75-e649-5e48-a75c-e5c4c1014b6e-TRN-RCT-T3-A-FIN.png,1,0.4742807447910309,fake
dc63f9ce-64e3-5367-9e51-8080628f15fc-TRN-EML-T4-C.png,1,0.0486881285905838,fake
dc713664-954c-575d-ba03-f0e9ac851824-TST-RCT-T3-C.png,1,0.00015785566938575357,fake
dc7a017f-a8f2-5258-be10-5bdad86dc008-TRN-RCT-T2-D-CORD.png,1,0.086850605905056,fake
dc9e4982-905f-5c94-81d4-de6a966daa1c-TRN-RCT-T1-B-FIN.png,1,0.9852525591850281,fake
dca41533-9a14-5926-9e43-a839c50990c0-TRN-RCT-T4-A-CORD.png,1,0.8821290731430054,fake
dcbea2b1-339f-52d8-960b-0d052b1229c3-TRN-RCT-T1-A-CORD.png,1,0.9997298121452332,fake
dcc83c00-6e5c-5424-9c19-2fa0258a11b5-TRN-RCT-T3-B.png,1,0.7132698893547058,fake
dce34009-eab9-5984-a4a6-bb773ec53739-TRN-RCT-T1-C-CORD.png,1,0.17034630477428436,fake
dceda023-971a-5ce5-9619-5e69e4797bfe-TRN-RCT-T3-C-CORD.png,1,0.002335373777896166,fake
dd12e033-bca7-51fd-884b-f793d8c4f889-TRN-RCT-T3-D-CORD.png,1,0.00019634285126812756,fake
dd41d582-50df-5d44-ba19-1b7b6b08dbd7-TRN-RCT-T3-D.png,1,0.5376080274581909,fake
dd6b4833-fef2-5c02-9fc8-ffbc39108562-TST-RCT-T2-A-FIN.png,1,0.9997804760932922,fake
dd6cd006-b1dd-5c45-ae2f-e7d8eda0f711-TRN-RCT-T1-B-CORD.png,1,0.7921737432479858,fake
dd8bc025-fd40-5543-8b4e-c4da95c9f337-TRN-DOC-T4-B.png,1,0.9997102618217468,fake
ddaf9727-84a5-5ea3-a951-7b26c8e62e4d-TST-RCT-T2-D.png,1,0.9996260404586792,fake
ddf9e5db-7195-5a67-84b1-6afc007e9a96-TST-RCT-T1-B-CORD.png,1,0.5238845944404602,fake
de1038d6-3f07-58d3-9740-c7f12b09fe65-TRN-EML-T3-C-RVLCDIP.png,1,0.062152352184057236,fake
de19c149-1d15-59d3-98b9-27f7a8bf896c-TRN-DOC-T2-B.png,1,0.8289393186569214,fake
de49231b-88e6-5628-b7b4-bc809023fffd-TST-RCT-T1-A-CORD.png,1,0.8112693428993225,fake
de58b815-7a99-5f4f-b7ed-321e6694aced-TRN-RCT-T3-A-CORD.png,1,0.0016794115072116256,fake
de6843a9-b1e6-5003-ae29-517b143c4779-TRN-DOC-T3-C.png,1,0.021936504170298576,fake
de801366-62e9-53b9-a765-a048710bc99d-TRN-RCT-T2-D.png,1,0.6886994242668152,fake
dece2a15-5827-5e6a-ae80-db42d3292154-TST-RCT-T1-A-FIN.png,1,0.1190936490893364,fake
decf1590-17be-5b04-9951-9ef4fd711dfc-TRN-RCT-T3-D.png,1,0.1755569875240326,fake
dee0f08a-06d1-574a-80a4-d66004fc6ef5-TST-RCT-T1-B-CORD.png,1,0.17445871233940125,fake
df0be7ac-0fd5-5604-b73b-3371f29601a8-TST-RCT-T1-B-CORD.png,1,0.18132999539375305,fake
df30ac27-4291-5d4f-b2e7-d5f293067e74-TRN-EML-T2-B.png,1,0.900966465473175,fake
df46afa8-6fd0-5f71-b124-29e9a129f700-TRN-RCT-T1-A-CORD.png,1,0.28773459792137146,fake
df4ba662-05f9-549d-b2e9-f3ce09c96090-TST-RCT-T2-A-FIN.png,1,0.7357200980186462,fake
dfd2bd7b-737a-5830-a109-e413714ab80c-TRN-RCT-T4-C-FIN.png,1,0.04888739436864853,fake
dfee5976-b418-5cc3-a73a-c782f387e6e5-TST-DOC-T2-B.png,1,0.2383909374475479,fake
dffcf692-3e08-5626-9ec4-ca7afcd4c145-TRN-RCT-T2-D-CORD.png,1,8.0321122368332e-05,fake
e03f7bf7-6dae-58d5-9409-a34bf4f3a493-TRN-RCT-T4-A-CORD.png,1,0.7557090520858765,fake
e06004f2-d3e0-5764-a33c-c7b0c6daf618-TST-RCT-T2-C-CORD.png,1,0.009542443789541721,fake
e0b5b78b-fe86-5fbe-b6ac-19d45b02d102-TRN-EML-T3-B-RVLCDIP.png,1,0.4418174922466278,fake
e0b8ab7d-7d81-5301-abe6-007800244673-TRN-RCT-T2-D.png,1,0.8787657022476196,fake
e0f98ec3-d7a2-5890-8434-9ae0f59af214-TRN-RCT-T4-D.png,1,0.0036808932200074196,fake
e12884cd-050e-5a06-9e36-6530ef405a48-TRN-EML-T2-B-RVLCDIP.png,1,0.35101211071014404,fake
e12f4f4a-bf44-5aee-a769-117558dbefb8-TRN-DOC-T2-B.png,1,0.29107484221458435,fake
e17ac7e2-dd91-5f27-becd-8ed829bee9b2-TRN-RCT-T1-D-CORD.png,1,0.0554935447871685,fake
e1982159-012b-558e-b8af-dd225cbd7ac2-TRN-EML-T3-C.png,1,0.7931317090988159,fake
e1a8b6f0-9b64-523b-ac77-84cb5c00c09e-TRN-RCT-T2-C-CORD.png,1,0.04730643704533577,fake
e1b9f074-3876-5b29-ae52-326e1cbc6c1e-TRN-RCT-T3-B.png,1,0.6523352861404419,fake
e1bfe2f9-60b2-5a56-a736-f77620c56cba-TST-EML-T1-A.png,1,0.6537700891494751,fake
e211bd4b-c03d-5a9b-be20-3f1b6bfc792d-TST-RCT-T1-C-CORD.png,1,0.09448637813329697,fake
e2140323-eafc-51e4-8cbe-88439e56f9bd-TRN-EML-T1-A.png,1,0.8359103798866272,fake
e2166ffd-79d9-53d4-9e98-dc6ad0b2dc83-TST-EML-T2-B.png,1,0.4916173815727234,fake
e22a7417-61b5-510e-aa16-cefb08c3eb18-TRN-RCT-T4-C-FIN.png,1,0.10708954185247421,fake
e230b8db-8168-5641-bd69-3c8c00e69726-TRN-EML-T3-B-RVLCDIP.png,1,0.7842070460319519,fake
e23b90ad-c1f9-522e-aaf5-bf773c37cf58-TRN-RCT-T4-D-FIN.png,1,0.6201873421669006,fake
e23fc076-c6a5-5a65-92e8-926ad17ebaf5-TRN-RCT-T4-D-CORD.png,1,0.07118827849626541,fake
e24527ad-be8e-54fb-8d96-c11db999fada-TRN-EML-T3-B.png,1,0.8926805853843689,fake
e2740976-694e-570f-b43b-2044381d2a6b-TST-RCT-T1-C.png,1,0.11963720619678497,fake
e28378e2-50b9-573e-86ca-1b3fc7a55b33-TRN-RCT-T4-B-CORD.png,1,0.4869254231452942,fake
e29172c3-43a0-5252-baa3-78c2f2c9df37-TRN-RCT-T3-D.png,1,0.9169266223907471,fake
e2970b01-10cc-5235-bda1-2e4076528667-TRN-EML-T1-C.png,1,0.28011664748191833,fake
e2aba46b-dc17-5610-bbf9-95c23516cdeb-TRN-RCT-T2-D-FIN.png,1,0.10458002984523773,fake
e2b93f8e-7d1c-522b-8598-8b721cc34954-TRN-EML-T2-C.png,1,0.7916096448898315,fake
e2e412b0-4ae3-5b41-85b6-ef762030bf6f-TRN-RCT-T4-D.png,1,0.010824278928339481,fake
e37a00c1-09b1-5fcc-a532-f7db3cb930f3-TRN-RCT-T4-C-FIN.png,1,0.17661729454994202,fake
e37c6aa2-fb95-53ce-ad9c-06b7912557c5-TRN-EML-T1-A-RVLCDIP.png,1,0.8378462791442871,fake
e3913353-964d-523d-999f-b7fe3f775a06-TRN-EML-T2-A.png,1,0.7880299687385559,fake
e3a0fc2b-b4e5-5e2f-a29e-a451b37d8667-TRN-DOC-T3-B.png,1,0.26526620984077454,fake
e3d886b6-e9ac-5184-9c23-0409594b08d8-TST-DOC-T2-A.png,1,0.4821268916130066,fake
e3f79e9a-4e76-552d-aeda-3cbcad19d6e7-TST-RCT-T2-A-CORD.png,1,0.44522520899772644,fake
e41f6b6a-c9ae-5f5f-86f4-aa97c7d4df51-TRN-RCT-T4-A-FIN.png,1,0.49716728925704956,fake
e42c0939-5caf-519d-9c95-8f59cf27cc81-TRN-RCT-T2-B-FIN.png,1,0.7964386343955994,fake
e4a85aa3-16f5-52c5-a8ac-1904a065ae08-TRN-EML-T1-A.png,1,0.9621104001998901,fake
e4a85aa3-16f5-52c5-a8ac-1904a065ae08_side_by_side-TRN-EML-T1-A.png,1,0.6474453806877136,fake
e4d75650-0425-508a-b4cc-6858c53f8421-TST-RCT-T3-D-FIN.png,1,0.3893044888973236,fake
e4f7b509-5320-5998-acfe-f660320fe11c-TRN-EML-T4-B-RVLCDIP.png,1,0.2697928249835968,fake
e532e97e-a38b-53e2-baf0-5c24b94999d7-TST-DOC-T3-C.png,1,0.004388786852359772,fake
e54d9053-7522-54a1-a372-d07ee6e4d9d1-TST-RCT-T2-B-FIN.png,1,0.8522216081619263,fake
e58f64ef-7ad3-548d-83a9-b8f512d81ca2-TRN-EML-T2-B-RVLCDIP.png,1,0.9348584413528442,fake
e5a88615-4e76-558f-a7ec-a4a05a9419ec-TRN-RCT-T4-A-CORD.png,1,0.9285730123519897,fake
e5e2b111-a5c4-502c-a871-49b80571fa7d-TRN-RCT-T3-C-CORD.png,1,0.10743144154548645,fake
e60e7f1c-6bce-55ee-8ffd-c2ad80473a83-TRN-EML-T4-C.png,1,0.14953437447547913,fake
e6459fb5-a230-5e79-9523-659200018a32-TRN-EML-T4-C-RVLCDIP.png,1,0.4866178631782532,fake
e6a90c90-b505-50cc-a2bb-ae2b7afc564a-TRN-EML-T1-A-RVLCDIP.png,1,0.16440264880657196,fake
e6a90c90-b505-50cc-a2bb-ae2b7afc564a_side_by_side-TRN-EML-T1-A-RVLCDIP.png,1,0.2115091234445572,fake
e6e17d23-2680-52ae-8cae-329fee485c13-TST-RCT-T2-D-FIN.png,1,0.9989987015724182,fake
e6f4ca28-4ced-5e1d-8e6e-0c4c3e3be7a8-TRN-EML-T4-A-RVLCDIP.png,1,0.13726122677326202,fake
e6f5c7c0-c758-5706-bf6a-baa9c317057a-TRN-RCT-T2-D-FIN.png,1,0.14243899285793304,fake
e6fa1642-2a56-50e2-9f57-73c7c5b4d349-TST-RCT-T2-D-FIN.png,1,0.832298219203949,fake
e7586be5-73fb-5973-9c01-a692773dd23f-TRN-RCT-T4-B.png,1,0.999721109867096,fake
e764f987-d0a9-5c79-ba95-77c3b0b52f49-TST-EML-T4-A.png,1,0.40720441937446594,fake
e78e9ac4-053b-5300-923c-54524870b4ca-TRN-EML-T4-B.png,1,0.1167212426662445,fake
e79700b2-2baf-53ff-b119-ef7d01dc5abc-TRN-DOC-T4-C.png,1,0.4257288873195648,fake
e7dba84f-f878-5e4d-8ce1-1d13cce4bea6-TRN-RCT-T2-B-FIN.png,1,0.5179557204246521,fake
e802b7d6-ef40-54e1-a31e-9b4e454b1371-TRN-RCT-T1-C.png,1,0.014028899371623993,fake
e804e252-b3da-5ee0-bbd2-b871a101a10d-TST-RCT-T3-D.png,1,0.9997689127922058,fake
e820fd7d-1ce2-552d-a210-405942b17700-TST-RCT-T2-D-CORD.png,1,0.5851851105690002,fake
e83ffb7f-6f05-568c-98c7-70ec7191dc34-TRN-RCT-T3-A-FIN.png,1,0.6986762285232544,fake
e84b72b9-5b7a-5c33-86a8-1282d70d7a2e-TRN-RCT-T1-D-CORD.png,1,0.15218788385391235,fake
e871b5eb-ea2a-5647-83a7-3e001f1ffd04-TRN-RCT-T4-C-FIN.png,1,0.0907592847943306,fake
e8870bf8-afa4-5c0e-b4dc-8d09c2ab8976-TRN-RCT-T2-A.png,1,0.17184704542160034,fake
e8a46158-995b-5fd3-9cfb-e0a7b5948bb0-TRN-RCT-T1-A.png,1,0.09649475663900375,fake
e8b2d5a1-8265-5b75-ab96-7f8a7f6714df-TRN-EML-T2-A-RVLCDIP.png,1,0.9459666609764099,fake
e8c44520-7c1a-581b-a545-f55c8a07904f-TRN-RCT-T2-D-CORD.png,1,0.9928951859474182,fake
e8c662ed-1ff6-57c0-a6ff-3a7619815bda-TRN-EML-T3-C-RVLCDIP.png,1,0.43371355533599854,fake
e8e931ae-3d98-5f74-be96-c0b0e9cbbc4f-TRN-EML-T3-C.png,1,0.11408130079507828,fake
e8f969b7-a199-515a-add2-49db90566349-TRN-EML-T4-C.png,1,0.10839201509952545,fake
e948766e-47dc-5437-b22a-bcf4c89103de-TST-RCT-T1-A-FIN.png,1,0.11581383645534515,fake
e9670587-75d5-5afa-827b-8e6744d90c6c-TRN-RCT-T1-C-FIN.png,1,0.7307952046394348,fake
e98f55ac-9b03-5643-a571-825d75862d68-TRN-RCT-T2-A.png,1,0.8434363603591919,fake
e9ad4b4b-e2b2-52e8-ba22-517627e42e2a-TST-EML-T1-A.png,1,0.9445004463195801,fake
e9bef70c-1f8e-5d6e-aec0-7e2f6cc55259-TST-DOC-T3-B.png,1,0.07370421290397644,fake
e9c0b3a8-976e-54a9-b6a1-5507c6657b33-TRN-RCT-T2-A.png,1,0.8298948407173157,fake
ea100e30-0539-5277-ac7a-24bee1cfa204-TRN-RCT-T1-C-CORD.png,1,0.00023908476578071713,fake
ea2a0390-6aa1-55a5-b740-6a32d7846d6d-TRN-EML-T2-B-RVLCDIP.png,1,0.6559276580810547,fake
ea40606f-76a5-51bf-9bd2-3f6e5975bf88-TRN-RCT-T3-B-CORD.png,1,0.9997536540031433,fake
ea4d1a68-3062-5d6d-90d0-e5da8bf32932-TRN-RCT-T2-A-CORD.png,1,0.2942323684692383,fake
ea5cb59d-75e9-57b6-b2ff-21620c20929f-TRN-RCT-T3-C-CORD.png,1,0.0005276001174934208,fake
ea6462ec-b806-5164-99a5-44e6df24ee8a-TST-EML-T1-B.png,1,0.9734112620353699,fake
ea785995-01ba-5492-86eb-8997b6cf681c-TRN-RCT-T2-C-CORD.png,1,0.0016112123848870397,fake
ea950da0-dabf-5a57-8ec7-1cdd8ee939c1-TRN-DOC-T4-B.png,1,0.7450723052024841,fake
eaa591b6-add7-5aa8-9f5a-48bfd7ebf7bb-TRN-RCT-T1-D-CORD.png,1,0.9602507948875427,fake
eae7e65d-689c-5ad2-8a75-250457871a7e-TRN-DOC-T3-C.png,1,0.0024721198715269566,fake
eb352291-51aa-59c1-9a36-ee1e7e947c06-TRN-RCT-T2-C-FIN.png,1,0.38394880294799805,fake
eb37e4d7-c8a7-529a-aae1-dfc76cef0ab8-TRN-DOC-T3-B.png,1,0.7010185718536377,fake
eb4276d6-bbf4-51d2-8944-b28efd0064af-TRN-RCT-T2-A-CORD.png,1,0.6260902881622314,fake
eb510523-a2f3-592a-9a48-c74ba2f18709-TST-RCT-T4-B-FIN.png,1,0.9008827209472656,fake
eba60d41-3c5a-5bbd-9449-5fc0337cdf75-TST-RCT-T3-D.png,1,0.9649772644042969,fake
ebab2410-064d-5051-8f30-71073a089b64-TRN-DOC-T1-B.png,1,0.5496209859848022,fake
ebbe48bf-4a8e-5138-9e0a-a112109cb56d-TRN-RCT-T1-C-FIN.png,1,0.07859402894973755,fake
ebc130ce-6b4f-5672-882f-89bccb9e0118-TRN-RCT-T1-B-FIN.png,1,0.08562935888767242,fake
ebd76781-8069-587d-acbd-2a9540e32ee4-TRN-EML-T2-B.png,1,0.8582358360290527,fake
ec17b3a3-9b4c-5fd6-a3fa-fb8b6a9233a0-TRN-RCT-T4-B-CORD.png,1,0.8248777985572815,fake
ec2e8d51-1b70-5a90-bcfa-e2ce1befaccc-TRN-EML-T4-A.png,1,0.1230255514383316,fake
ec4c7f40-9f1c-507d-b532-208b58bfee82-TRN-RCT-T4-B-FIN.png,1,0.9988333582878113,fake
ec6e27ad-1ef9-5795-8e04-7b87591ac678-TRN-RCT-T3-D-CORD.png,1,0.16021524369716644,fake
ec88e9b8-a1da-5e93-aa7b-720957bae092-TST-DOC-T4-C.png,1,0.18284191191196442,fake
ec95d760-3893-56bb-b7db-3fd9aa1f1b3f-TRN-RCT-T1-C-CORD.png,1,0.00014800051576457918,fake
eca9ad4d-13f6-5525-99e4-00edf0c75c21-TST-EML-T2-C.png,1,0.27521955966949463,fake
ecb75197-3d24-57fc-b323-1571bcd4d41f-TST-EML-T2-A.png,1,0.9432072639465332,fake
ecc5d55b-5162-5cc8-80e8-87ad726670a1-TRN-RCT-T1-D-FIN.png,1,0.23333275318145752,fake
ecc84a48-ab6a-5085-9364-651df0549980-TRN-RCT-T2-B.png,1,0.20555347204208374,fake
ecfbf623-8cc6-5f3b-845b-d718e015a905-TRN-DOC-T3-C.png,1,0.11572083830833435,fake
ed05bfcb-f1c7-5296-bc40-870ad41346c9-TRN-RCT-T4-C-FIN.png,1,0.03682815283536911,fake
ed192625-9b26-5b20-a85b-f5e9ca977868-TRN-RCT-T1-B.png,1,0.2204543501138687,fake
ed29c0b6-8367-5a0f-a87f-5133c89df962-TST-RCT-T1-B-CORD.png,1,0.9583250284194946,fake
ed6c49da-64cd-5475-a74b-b47960556780-TST-DOC-T4-A.png,1,0.8639903664588928,fake
ed84734d-08ee-5aa8-9e56-96699dee1f61-TST-EML-T4-A.png,1,0.9054888486862183,fake
ed8c12d1-1fc8-55fa-95f4-60801fd7a835-TRN-RCT-T3-D.png,1,0.9997056126594543,fake
ed8c3d6c-270b-5978-afc9-056800d66f04-TRN-EML-T3-A-RVLCDIP.png,1,0.8863046169281006,fake
edcf88ec-d081-54c1-9222-e164b0ee36c6-TRN-EML-T1-B-RVLCDIP.png,1,0.1952466368675232,fake
edeae3a0-c8ea-53d4-a7b9-13a614f82849-TST-RCT-T3-D-CORD.png,1,0.0005170873482711613,fake
edfd7817-94dc-5ac4-8380-bd5da1cff51b-TRN-RCT-T2-B-CORD.png,1,0.04109447821974754,fake
ee0998b2-1ea5-597f-8fcd-fdb887ba9b80-TRN-EML-T1-B-RVLCDIP.png,1,0.5225331783294678,fake
ee21ff07-138d-528e-9c8f-adbcfde60972-TRN-RCT-T2-A.png,1,0.0436965636909008,fake
ee365b36-c782-5b4b-ac85-5bcb0538a20a-TRN-DOC-T3-A.png,1,0.3024276793003082,fake
ee38c1b1-b394-5a4b-a291-32f19afeef75-TRN-EML-T1-B.png,1,0.9199243783950806,fake
ee45cde8-7a0b-5f84-b512-536f87d202c7-TST-RCT-T4-B-FIN.png,1,0.1723838597536087,fake
ee63c4ff-2dbf-5b4e-9386-6db23b15ceac-TRN-RCT-T3-C-FIN.png,1,0.00019909466209355742,fake
ee63e934-d279-5e8f-a26f-8c886b5c9652-TST-EML-T1-A.png,1,0.9249890446662903,fake
ee9f1e43-da1b-50df-875a-2beea0996358-TRN-RCT-T2-B.png,1,0.07669588923454285,fake
eeac9a17-00ee-5e2e-a03c-95a48896b038-TRN-RCT-T2-A-CORD.png,1,0.941196858882904,fake
eefe53b8-ad3e-5528-bfec-6bf46f9f9908-TRN-DOC-T3-B.png,1,0.6585607528686523,fake
ef288c36-f5ed-5487-94c0-8301999af80f-TRN-RCT-T2-D.png,1,0.22345827519893646,fake
ef2d6062-88d4-5fc9-b88f-fd0e240ea3ea-TST-DOC-T3-B.png,1,0.8237611055374146,fake
ef7bedb2-3044-59a9-b85e-3c0b5a2e1e31-TST-RCT-T3-D.png,1,0.5277876853942871,fake
efac45fd-40d6-5278-9ea9-12a6a8920dcf-TST-DOC-T3-C.png,1,0.03146814554929733,fake
efb5ab6d-9d87-518f-b396-9768490aa586-TRN-EML-T1-B-RVLCDIP.png,1,0.9583076238632202,fake
efbeb3f8-320f-5a96-a47c-4abdf7f1dcef-TST-RCT-T2-C-CORD.png,1,0.19909508526325226,fake
efe44830-c48a-5a98-b356-30e862e92da0-TRN-RCT-T3-D-CORD.png,1,0.7903573513031006,fake
eff86e6d-8fab-5cdf-b171-4e4c5dda4d6e-TST-RCT-T2-B-CORD.png,1,0.9997815489768982,fake
f01ce545-8b72-58af-b61e-abc2ad6ddded-TST-RCT-T2-A-FIN.png,1,0.976892352104187,fake
f0329dd7-d209-5ace-8e8e-b0fb05ff1a6b-TST-RCT-T1-C.png,1,0.6965697407722473,fake
f054da0a-e3e4-52c2-b13d-f93150d3ef8f-TRN-RCT-T2-D.png,1,0.02982538379728794,fake
f0738908-7367-57e1-9c99-f2724563e270-TST-RCT-T3-A.png,1,0.3244984447956085,fake
f081355c-2ebe-5b1a-8a84-b64d9d9c8ae9-TRN-RCT-T2-C-FIN.png,1,0.664382815361023,fake
f0a480a4-ce38-5446-9553-2f5e8652cc18-TRN-EML-T2-B.png,1,0.7146847248077393,fake
f0f6fb5b-0850-5775-829c-09a75365fc5f-TRN-RCT-T2-C-CORD.png,1,0.0010300885187461972,fake
f1320665-30e3-5cd1-9f43-89026396b0d8-TST-EML-T2-A.png,1,0.6127271056175232,fake
f1760ffd-5da5-5dae-a56f-ac41193d85eb-TRN-EML-T4-A-RVLCDIP.png,1,0.19923730194568634,fake
f17846a0-c335-5dc4-b53e-f63ac4beabb7-TRN-RCT-T1-A.png,1,0.1188187301158905,fake
f17c4040-8232-52cc-a436-42d08e6e88f6-TST-DOC-T4-B.png,1,0.9939978122711182,fake
f188bc83-456f-5187-a2b9-b8b71d3e8b2a-TRN-RCT-T1-B-FIN.png,1,0.9997761845588684,fake
f19f5aff-c9aa-579c-8cbc-ef6ef2cc9977-TRN-DOC-T2-C.png,1,0.000159454983077012,fake
f1c659bf-47c1-5dfe-8ab1-a8dbb8317003-TRN-RCT-T1-D.png,1,0.9935200810432434,fake
f1e994c6-15c0-5386-aa87-99e5ed229624-TRN-RCT-T4-A-CORD.png,1,0.8612865209579468,fake
f1f4dc34-e34f-596c-817b-9d79db4fc767-TST-RCT-T2-B.png,1,0.01571515202522278,fake
f1f7efed-7942-5f63-af24-88e51addf5a6-TRN-EML-T4-C-RVLCDIP.png,1,0.24352821707725525,fake
f20b9d17-994e-5471-8865-7c63532e5a45-TRN-EML-T4-C.png,1,0.20529517531394958,fake
f22c1a49-12e9-5bee-9502-f20f26858bec-TRN-RCT-T2-B-CORD.png,1,0.02468876540660858,fake
f23bdc8d-766e-57cc-bcc8-5e241cfba602-TRN-DOC-T3-B.png,1,0.4541219472885132,fake
f23c6949-297d-5be0-b3d3-111d9fb3f3f2-TRN-DOC-T4-A.png,1,0.8992536664009094,fake
f251acbf-e2c9-5bdf-9646-bda18df96047-TST-RCT-T1-B-CORD.png,1,0.10750329494476318,fake
f2553545-0a6d-5606-98e2-4851e795905c-TRN-EML-T3-B-RVLCDIP.png,1,0.5194700360298157,fake
f29e8fde-771b-51aa-b7f8-86b894f944ba-TRN-EML-T3-B-RVLCDIP.png,1,0.7189628481864929,fake
f2a0b13f-11e5-5ef8-a498-f862f005bdd7-TRN-EML-T3-B.png,1,0.9576467275619507,fake
f2e34d09-afe1-545a-a2ab-114ff2d5dfbc-TRN-RCT-T2-B-CORD.png,1,0.9996232986450195,fake
f2e4d392-aa99-579e-a909-73fc2273f112-TRN-RCT-T1-A-FIN.png,1,0.4561185836791992,fake
f300b199-2eda-5df6-b26c-58e6d117573d-TRN-DOC-T1-B.png,1,0.07173792272806168,fake
f3168ba2-c65e-5d9d-aa68-0bc8044ddb23-TST-DOC-T4-C.png,1,0.5470472574234009,fake
f31d84cd-2196-5713-a2f3-71473ab27b60-TST-EML-T4-A.png,1,0.2216058373451233,fake
f34d1525-d738-5fa9-8fdf-e7890d608a22-TRN-RCT-T4-D-FIN.png,1,0.0001354241685476154,fake
f378297a-071d-5aa6-a269-1055a8e5fdf9-TST-EML-T1-C.png,1,0.2747856676578522,fake
f39013fc-fdb2-5e7e-b27a-a3fc3f7c06d2-TST-RCT-T4-B-CORD.png,1,0.9997797608375549,fake
f3a765d5-588a-54c3-a1aa-4f09b6137a98-TRN-EML-T1-C.png,1,0.060495126992464066,fake
f3ad7715-52b8-5430-8308-d769d2884f91-TRN-RCT-T3-B.png,1,0.7678548097610474,fake
f3c31ad4-3189-5efc-9aff-3137795b7f0b-TRN-RCT-T2-A-FIN.png,1,0.9598180055618286,fake
f3eb11df-e8d4-5de6-8793-0c172b42bbfd-TRN-RCT-T2-A.png,1,0.06798037886619568,fake
f3fcb324-be87-59d9-8115-b0ff14832fb3-TRN-EML-T4-B.png,1,0.3638648986816406,fake
f401e67b-f329-53a7-990f-a41f897b6496-TST-RCT-T2-C-CORD.png,1,0.12105848640203476,fake
f408665b-ed58-5be0-9064-3d1d0b46e964-TRN-RCT-T2-A-FIN.png,1,0.9583736062049866,fake
f4098d92-11e8-5972-b104-46d0d9dbd1d2-TST-DOC-T2-C.png,1,0.14197826385498047,fake
f40a7592-bf08-5508-8198-159c3eb0b9b2-TRN-DOC-T3-C.png,1,0.006940274965018034,fake
f40e7988-0eef-5c69-a257-214854028ed8-TRN-EML-T3-C.png,1,0.16400375962257385,fake
f41770de-5ca0-5231-98ad-0d75f642deff-TRN-DOC-T2-C.png,1,0.376308798789978,fake
f4371066-1200-5d9a-8b15-29c59e0bc491-TRN-RCT-T2-C-CORD.png,1,0.018942441791296005,fake
f47226c4-065e-5552-b120-80909c8a8109-TRN-EML-T2-B-RVLCDIP.png,1,0.221974179148674,fake
f4a149f9-eb9c-5fbc-994d-ac028abee629-TRN-RCT-T2-B-CORD.png,1,0.9997780919075012,fake
f4b5e4af-8979-5098-89e1-75da683807c0-TRN-RCT-T2-A.png,1,0.9997220635414124,fake
f4c1d7a2-d326-5052-8f7b-4a0641c13458-TRN-RCT-T2-D-FIN.png,1,0.09357254952192307,fake
f51ed179-5616-5f87-bd81-8a6a8e4b0551-TRN-EML-T3-C-RVLCDIP.png,1,0.33986935019493103,fake
f52f4768-2416-54c5-9281-86649ff70752-TRN-RCT-T3-A-CORD.png,1,0.848508358001709,fake
f553aa5b-4dbf-5594-a98a-92211081b371-TRN-RCT-T2-B-FIN.png,1,0.913166344165802,fake
f555b7ae-43c8-5ad3-8c23-e4c6a84d9d56-TRN-EML-T3-B-RVLCDIP.png,1,0.7995392680168152,fake
f55b5d27-97a7-5453-8d52-2373c2443ddb-TRN-EML-T3-A.png,1,0.818516194820404,fake
f5623848-6198-58da-bf34-39556d944555-TRN-EML-T1-A.png,1,0.46973827481269836,fake
f56f5dec-3919-5f58-bfb5-9d620c758250-TST-RCT-T1-B-FIN.png,1,0.4127221405506134,fake
f5ada927-2d21-5a5a-8a91-1230607688c7-TST-DOC-T4-C.png,1,0.2189043164253235,fake
f5aedb96-4ae6-5aa8-8e7d-36f3a775175e-TRN-RCT-T1-C-FIN.png,1,0.11491116136312485,fake
f5f8803e-31d0-5442-bb13-c4b4e66efac7-TST-EML-T1-C.png,1,0.09377430379390717,fake
f60af124-856c-5334-a43b-a8fed65d3765-TST-RCT-T3-A-CORD.png,1,0.9899988770484924,fake
f613ad7d-4466-5ee2-9d17-f5b98bf5ec14-TST-RCT-T1-D-CORD.png,1,0.9805969595909119,fake
f622e5dd-b215-5a8f-81a6-86234f0563ec-TST-RCT-T2-B-FIN.png,1,0.9714141488075256,fake
f62e05e6-5959-539d-95b8-6235e8d8ee42-TST-RCT-T2-A-CORD.png,1,0.9994189739227295,fake
f63655d8-8b95-59ec-9396-ceb2147302ed-TRN-EML-T1-A.png,1,0.9004744291305542,fake
f63816bd-f702-5b02-b00e-67247fa270f7-TRN-RCT-T1-C.png,1,0.2629755735397339,fake
f6397765-52af-5668-aeaa-c6172ede5785-TRN-EML-T1-C-RVLCDIP.png,1,0.01154566090553999,fake
f6a7b236-a860-5524-8562-15927afdb4b4-TST-DOC-T2-B.png,1,0.08620616793632507,fake
f6c53d63-4427-5572-9ab3-dd3e3b318565-TRN-RCT-T1-D-FIN.png,1,0.09608698636293411,fake
f72dfdbf-243f-54bd-872d-23058e037d9c-TRN-RCT-T1-D-CORD.png,1,0.4579735994338989,fake
f764fc81-1c28-50bd-9a7f-fd2bb488571a-TRN-EML-T1-A-RVLCDIP.png,1,0.7133440375328064,fake
f77acd36-7486-5d2a-820c-b617ae4355d2-TRN-RCT-T4-C-CORD.png,1,0.9672024846076965,fake
f78a5a41-f6fb-5581-a7c6-be411472a833-TRN-RCT-T3-D.png,1,0.8294911980628967,fake
f7a2f325-7e8f-5839-9ea2-1d70ad04e2c9-TST-DOC-T2-C.png,1,0.02156168222427368,fake
f7becc85-ab0f-5b89-9aad-368e51e924c7-TRN-EML-T4-A.png,1,0.41755208373069763,fake
f7f20d39-8abe-5246-bec6-8bcb859ea2e4-TRN-RCT-T2-C-CORD.png,1,0.06521978229284286,fake
f7fe54c1-5134-5c4c-9296-6e002ef5e893-TST-RCT-T4-D-FIN.png,1,0.15644630789756775,fake
f8197fa3-834e-50bd-afd3-ebca9e3add1f-TRN-RCT-T4-C.png,1,0.002124752616509795,fake
f82332e8-0e3c-5812-a322-bb92f5db256b-TRN-EML-T3-C-RVLCDIP.png,1,0.06688109040260315,fake
f83bf450-bdcc-52bc-aeba-0722ede72285-TRN-RCT-T1-D.png,1,0.616924524307251,fake
f87a79b2-9861-53c7-8047-02aace9e476c-TRN-RCT-T2-D-CORD.png,1,0.6789529919624329,fake
f87abb95-e249-5842-bf21-a5b237ccea3c-TRN-RCT-T4-A-CORD.png,1,0.9100959897041321,fake
f880e2f7-09ad-5b8d-b29f-6325ffbcd481-TRN-EML-T1-A.png,1,0.8276680111885071,fake
f8880095-47e1-57c5-9410-7ee0b922bffb-TRN-RCT-T3-D-CORD.png,1,0.00018534889386501163,fake
f8ac9895-633d-5b31-b5f6-8d5cbe52beb9-TRN-DOC-T4-B.png,1,0.9997480511665344,fake
f8ad50ad-4d86-576c-9e52-1ac3f7ef5048-TRN-RCT-T2-C.png,1,0.17827890813350677,fake
f8bc60dd-c47e-598f-a31f-fb57cb850c65-TRN-RCT-T4-A-FIN.png,1,0.9997428059577942,fake
f8cab569-fe82-5b80-9240-1c691ffc1715-TRN-EML-T4-C.png,1,0.5315784811973572,fake
f8cacd13-4d1d-5785-bb6f-8a935a4a40be-TRN-EML-T2-A-RVLCDIP.png,1,0.3508642613887787,fake
f8ede9fa-cc0c-5a30-adad-835dec000591-TRN-EML-T2-C.png,1,0.16341142356395721,fake
f943f7db-5181-58b6-8672-6e3fdb097a5b-TRN-RCT-T1-C-CORD.png,1,0.019396139308810234,fake
f95a40bf-5d7d-57d0-82d3-a5540db86a43-TRN-RCT-T1-C.png,1,0.2339392751455307,fake
f96b2532-4aec-599a-a4dc-9d1b9b6aa01f-TRN-EML-T3-C.png,1,0.06492443382740021,fake
f9705a24-9b93-5b2a-8a70-9ce9fe942245-TRN-EML-T2-B-RVLCDIP.png,1,0.7281866669654846,fake
f978385c-bdf2-581b-af33-088d7ff6bf67-TRN-EML-T2-C-RVLCDIP.png,1,0.03570316731929779,fake
f9abe7c4-bad7-5a3a-80cd-0507b3a7dcd6-TRN-RCT-T4-B.png,1,0.5823678970336914,fake
f9b5c7a7-c30a-5b36-b095-f6e1aa9b89aa-TST-RCT-T4-D-CORD.png,1,0.0027429123874753714,fake
f9c26705-b53a-50e9-b02d-66ee7fb346cc-TRN-EML-T2-A-RVLCDIP.png,1,0.21763978898525238,fake
f9d416b3-c92a-551a-8297-3e27209a16b3-TRN-RCT-T1-D-CORD.png,1,0.27922937273979187,fake
f9e63521-68e5-5d05-81e8-ab89a2bde7fc-TST-RCT-T3-B.png,1,0.3322438597679138,fake
f9f2eab4-a8b2-5e3f-abaf-75f534c68300-TRN-RCT-T3-D-FIN.png,1,0.18244816362857819,fake
fa02f388-8474-58d8-a571-08b81a183f90-TRN-RCT-T3-D.png,1,0.005611669737845659,fake
fa582cc4-6158-561a-92ec-c9a86ff7884c-TRN-EML-T1-C.png,1,0.05190682038664818,fake
fa7ec6be-bc6b-5eaf-8a2f-d2caff5c9511-TRN-EML-T2-C-RVLCDIP.png,1,0.6225997805595398,fake
fa8c97ef-0643-5603-b844-808aa56524b4-TRN-DOC-T3-C.png,1,0.008874231949448586,fake
fa9975e1-e2da-59ee-b658-d41d6d406e85-TRN-RCT-T1-B.png,1,0.5582464933395386,fake
fac3a66b-f880-5a15-8633-9f69148e32fb-TRN-EML-T1-C.png,1,0.4210456907749176,fake
fad4b604-d2d8-51cb-b195-95f6079673a6-TST-DOC-T2-B.png,1,0.18285980820655823,fake
fada69d8-eedf-5b2a-a036-e5f55677e313-TRN-RCT-T4-A-CORD.png,1,0.8896034359931946,fake
fae436a3-5f47-5c8a-b0c6-c58d093997c9-TRN-RCT-T3-D-FIN.png,1,0.18744057416915894,fake
fae5fbaf-7a41-5a7a-8a92-848f7c05ba0e-TRN-EML-T1-C-RVLCDIP.png,1,0.46121954917907715,fake
fb2e7489-42d6-53ac-81a2-c4cd97e56ba4-TRN-EML-T4-C-RVLCDIP.png,1,0.24863313138484955,fake
fb3a7a84-0581-5464-b0ed-e032ee686c04-TRN-RCT-T4-B.png,1,0.7635826468467712,fake
fb40ef53-3f6b-53c4-84e1-b5e5db680fcd-TST-EML-T3-A.png,1,0.8331696391105652,fake
fb42b902-5383-53b6-821e-48b1ab3cc1d9-TST-RCT-T4-D-CORD.png,1,0.014564280398190022,fake
fb512e7f-68c2-57ca-b3db-1b7758fc0685-TRN-EML-T1-C-RVLCDIP.png,1,0.06484340131282806,fake
fb69a5a3-b48f-56e2-aead-87458f0f8a2c-TRN-RCT-T2-C-FIN.png,1,0.029569566249847412,fake
fbb1c4fd-f8f6-5490-9373-eb34b15c208f-TST-RCT-T3-B-FIN.png,1,0.4481883645057678,fake
fbcb72ab-a952-5db1-88ef-777bea753550-TST-RCT-T1-C.png,1,0.48210111260414124,fake
fbde3be4-221e-5042-b0f1-ed50e7f64554-TRN-RCT-T3-C.png,1,0.06495993584394455,fake
fbf05bf7-fd5d-58ac-84e4-6a928e0423f3-TRN-EML-T2-A-RVLCDIP.png,1,0.3171022832393646,fake
fc7755a3-165d-5cf5-b5c3-53f753df6631-TRN-DOC-T4-C.png,1,0.3802059292793274,fake
fc78726b-2d8e-5f88-8cb4-5bcd7aa3b407-TRN-DOC-T2-C.png,1,0.09971167892217636,fake
fc9d7018-e47d-5032-9477-ea0395dfbca9-TST-RCT-T2-C-CORD.png,1,0.0001935648178914562,fake
fce23076-0a57-5ae3-a7ce-e4f822da156f-TRN-EML-T3-C.png,1,0.16832266747951508,fake
fce383e4-8a0b-562c-af4a-3b1e40a62d4c-TRN-EML-T3-A-RVLCDIP.png,1,0.5404110550880432,fake
fd07b771-e1a9-5b9f-be4d-52893743b6cb-TST-RCT-T2-B-CORD.png,1,0.9609829783439636,fake
fd4b7972-8204-5682-9048-d784bb46a4d0-TRN-RCT-T1-C.png,1,0.048664823174476624,fake
fd739e66-5659-5b8d-9965-b3c14ef4f5a1-TRN-RCT-T2-D-FIN.png,1,0.7512683868408203,fake
fdd96129-dba5-5670-96ff-f6053f30b89e-TRN-EML-T4-B.png,1,0.3203178644180298,fake
fddb2a37-a6fd-5374-a62b-4e3d0ddd3113-TRN-EML-T3-B.png,1,0.9972376823425293,fake
fde81d5c-4c25-507c-8a31-1f54e67ec656-TST-DOC-T2-A.png,1,0.20444521307945251,fake
fe4e77d7-e583-58dd-9302-2a785dae1fbc-TST-RCT-T2-A.png,1,0.43352508544921875,fake
fe5a17b5-90b7-5ffc-ab4c-d8b191653479-TRN-RCT-T3-C.png,1,0.34295955300331116,fake
fe74f450-4df6-5bd3-8938-7696283dd19a-TRN-DOC-T4-C.png,1,0.7409199476242065,fake
fe8580c9-cb11-56f5-9b82-468599b773b5-TRN-EML-T1-A.png,1,0.9081100821495056,fake
fe976217-c6c1-572f-95db-eb035f2d6294-TRN-EML-T2-B.png,1,0.4141974151134491,fake
fe9accbc-39a7-5319-a010-d99e44b2cf01-TRN-EML-T3-A.png,1,0.482708603143692,fake
fe9c7980-8c0c-574b-8155-83baa8946da6-TRN-RCT-T4-B-CORD.png,1,0.9997699856758118,fake
ff02d829-d6d4-555b-9dec-09097b95a827-TST-RCT-T3-A.png,1,0.07205525785684586,fake
ff126e55-35ab-5da9-abd1-4134e3564fb9-TRN-RCT-T4-B-CORD.png,1,0.007615142501890659,fake
ff307938-643d-56f8-ba12-485703216abc-TRN-DOC-T1-B.png,1,0.7046427130699158,fake
ff49e571-b0e0-518e-b71e-a472c62bff88-TRN-DOC-T4-A.png,1,0.6428952813148499,fake
ff7f5050-1e6a-5646-9215-3e3bfacb21fd-TST-RCT-T4-B-CORD.png,1,0.9629277586936951,fake
ff9c3c87-6d20-512c-9f57-47bbefcfd839-TRN-EML-T4-C-RVLCDIP.png,1,0.38539111614227295,fake
ffb7aad2-8943-5931-bacc-dfe836c66fd0-TRN-DOC-T1-C.png,1,0.045089200139045715,fake
ffd3dedc-7c54-5356-81da-889c0ca87c6f-TRN-EML-T3-A.png,1,0.5608804821968079,fake
